<favourites>
    <favourite name="All" thumb="image://D%3a%5cKODI%20PORTABLE%5cKODI%2020%20JOB%5cKodi%5cportable_data%5caddons%5cplugin.video.sstv%5cicon.png/" fanart="image://D%3a%5cKODI%20PORTABLE%5cKODI%2020%20JOB%5cKodi%5cportable_data%5caddons%5cplugin.video.sstv%5cfanart.jpg/">ActivateWindow(videos,&quot;plugin://plugin.video.sstv/?url=http%3A%2F%2Fgameplay.p2sweb.me%2Fenigma2.php%3Fusername%3D7836979%26password%3D0119031%26type%3Dget_live_streams%26cat_id%3D0&amp;mode=2&amp;name=All&amp;iconimage=D%3A%5CKODI+PORTABLE%5CKODI+20+JOB%5CKodi%5Cportable_data%5Caddons%5Cplugin.video.sstv%5Cicon.png&amp;description=&quot;,return)</favourite>
    <favourite name="AREA DO CLIENTE" thumb="image://D%3a%5cKODI%20PORTABLE%5cKODI%2020%20JOB%5cKodi%5cportable_data%5caddons%5cplugin.video.sstv%5cicon.png/" fanart="image://D%3a%5cKODI%20PORTABLE%5cKODI%2020%20JOB%5cKodi%5cportable_data%5caddons%5cplugin.video.sstv%5cfanart.jpg/">ActivateWindow(videos,&quot;plugin://plugin.video.sstv/?url=http%3A%2F%2Fgameplay.p2sweb.me%2Fenigma2.php%3Fusername%3D7836979%26password%3D0119031%26type%3Dget_live_streams%26cat_id%3D2552&amp;mode=2&amp;name=AREA+DO+CLIENTE&amp;iconimage=D%3A%5CKODI+PORTABLE%5CKODI+20+JOB%5CKodi%5Cportable_data%5Caddons%5Cplugin.video.sstv%5Cicon.png&amp;description=&quot;,return)</favourite>
    <favourite name="CANAIS | 24 HORAS" thumb="image://D%3a%5cKODI%20PORTABLE%5cKODI%2020%20JOB%5cKodi%5cportable_data%5caddons%5cplugin.video.sstv%5cicon.png/" fanart="image://D%3a%5cKODI%20PORTABLE%5cKODI%2020%20JOB%5cKodi%5cportable_data%5caddons%5cplugin.video.sstv%5cfanart.jpg/">ActivateWindow(videos,&quot;plugin://plugin.video.sstv/?url=http%3A%2F%2Fgameplay.p2sweb.me%2Fenigma2.php%3Fusername%3D7836979%26password%3D0119031%26type%3Dget_live_streams%26cat_id%3D16&amp;mode=2&amp;name=CANAIS+%7C+24+HORAS&amp;iconimage=D%3A%5CKODI+PORTABLE%5CKODI+20+JOB%5CKodi%5Cportable_data%5Caddons%5Cplugin.video.sstv%5Cicon.png&amp;description=&quot;,return)</favourite>
    <favourite name="CANAIS | 4K" thumb="image://D%3a%5cKODI%20PORTABLE%5cKODI%2020%20JOB%5cKodi%5cportable_data%5caddons%5cplugin.video.sstv%5cicon.png/" fanart="image://D%3a%5cKODI%20PORTABLE%5cKODI%2020%20JOB%5cKodi%5cportable_data%5caddons%5cplugin.video.sstv%5cfanart.jpg/">ActivateWindow(videos,&quot;plugin://plugin.video.sstv/?url=http%3A%2F%2Fgameplay.p2sweb.me%2Fenigma2.php%3Fusername%3D7836979%26password%3D0119031%26type%3Dget_live_streams%26cat_id%3D15&amp;mode=2&amp;name=CANAIS+%7C+4K&amp;iconimage=D%3A%5CKODI+PORTABLE%5CKODI+20+JOB%5CKodi%5Cportable_data%5Caddons%5Cplugin.video.sstv%5Cicon.png&amp;description=&quot;,return)</favourite>
    <favourite name="CANAIS | A CONQUISTA" thumb="image://D%3a%5cKODI%20PORTABLE%5cKODI%2020%20JOB%5cKodi%5cportable_data%5caddons%5cplugin.video.sstv%5cicon.png/" fanart="image://D%3a%5cKODI%20PORTABLE%5cKODI%2020%20JOB%5cKodi%5cportable_data%5caddons%5cplugin.video.sstv%5cfanart.jpg/">ActivateWindow(videos,&quot;plugin://plugin.video.sstv/?url=http%3A%2F%2Fgameplay.p2sweb.me%2Fenigma2.php%3Fusername%3D7836979%26password%3D0119031%26type%3Dget_live_streams%26cat_id%3D2578&amp;mode=2&amp;name=CANAIS+%7C+A+CONQUISTA&amp;iconimage=D%3A%5CKODI+PORTABLE%5CKODI+20+JOB%5CKodi%5Cportable_data%5Caddons%5Cplugin.video.sstv%5Cicon.png&amp;description=&quot;,return)</favourite>
    <favourite name="CANAIS | ABERTOS" thumb="image://D%3a%5cKODI%20PORTABLE%5cKODI%2020%20JOB%5cKodi%5cportable_data%5caddons%5cplugin.video.sstv%5cicon.png/" fanart="image://D%3a%5cKODI%20PORTABLE%5cKODI%2020%20JOB%5cKodi%5cportable_data%5caddons%5cplugin.video.sstv%5cfanart.jpg/">ActivateWindow(videos,&quot;plugin://plugin.video.sstv/?url=http%3A%2F%2Fgameplay.p2sweb.me%2Fenigma2.php%3Fusername%3D7836979%26password%3D0119031%26type%3Dget_live_streams%26cat_id%3D5&amp;mode=2&amp;name=CANAIS+%7C+ABERTOS&amp;iconimage=D%3A%5CKODI+PORTABLE%5CKODI+20+JOB%5CKodi%5Cportable_data%5Caddons%5Cplugin.video.sstv%5Cicon.png&amp;description=&quot;,return)</favourite>
    <favourite name="CANAIS | ADULTOS" thumb="image://D%3a%5cKODI%20PORTABLE%5cKODI%2020%20JOB%5cKodi%5cportable_data%5caddons%5cplugin.video.sstv%5cicon.png/" fanart="image://D%3a%5cKODI%20PORTABLE%5cKODI%2020%20JOB%5cKodi%5cportable_data%5caddons%5cplugin.video.sstv%5cfanart.jpg/">ActivateWindow(videos,&quot;plugin://plugin.video.sstv/?url=http%3A%2F%2Fgameplay.p2sweb.me%2Fenigma2.php%3Fusername%3D7836979%26password%3D0119031%26type%3Dget_live_streams%26cat_id%3D18&amp;mode=2&amp;name=CANAIS+%7C+ADULTOS&amp;iconimage=D%3A%5CKODI+PORTABLE%5CKODI+20+JOB%5CKodi%5Cportable_data%5Caddons%5Cplugin.video.sstv%5Cicon.png&amp;description=&quot;,return)</favourite>
    <favourite name="CANAIS | ARGENTINA" thumb="image://D%3a%5cKODI%20PORTABLE%5cKODI%2020%20JOB%5cKodi%5cportable_data%5caddons%5cplugin.video.sstv%5cicon.png/" fanart="image://D%3a%5cKODI%20PORTABLE%5cKODI%2020%20JOB%5cKodi%5cportable_data%5caddons%5cplugin.video.sstv%5cfanart.jpg/">ActivateWindow(videos,&quot;plugin://plugin.video.sstv/?url=http%3A%2F%2Fgameplay.p2sweb.me%2Fenigma2.php%3Fusername%3D7836979%26password%3D0119031%26type%3Dget_live_streams%26cat_id%3D2546&amp;mode=2&amp;name=CANAIS+%7C+ARGENTINA&amp;iconimage=D%3A%5CKODI+PORTABLE%5CKODI+20+JOB%5CKodi%5Cportable_data%5Caddons%5Cplugin.video.sstv%5Cicon.png&amp;description=&quot;,return)</favourite>
    <favourite name="CANAIS | BOLIVIA" thumb="image://D%3a%5cKODI%20PORTABLE%5cKODI%2020%20JOB%5cKodi%5cportable_data%5caddons%5cplugin.video.sstv%5cicon.png/" fanart="image://D%3a%5cKODI%20PORTABLE%5cKODI%2020%20JOB%5cKodi%5cportable_data%5caddons%5cplugin.video.sstv%5cfanart.jpg/">ActivateWindow(videos,&quot;plugin://plugin.video.sstv/?url=http%3A%2F%2Fgameplay.p2sweb.me%2Fenigma2.php%3Fusername%3D7836979%26password%3D0119031%26type%3Dget_live_streams%26cat_id%3D2547&amp;mode=2&amp;name=CANAIS+%7C+BOLIVIA&amp;iconimage=D%3A%5CKODI+PORTABLE%5CKODI+20+JOB%5CKodi%5Cportable_data%5Caddons%5Cplugin.video.sstv%5Cicon.png&amp;description=&quot;,return)</favourite>
    <favourite name="CANAIS | CINE SKY" thumb="image://D%3a%5cKODI%20PORTABLE%5cKODI%2020%20JOB%5cKodi%5cportable_data%5caddons%5cplugin.video.sstv%5cicon.png/" fanart="image://D%3a%5cKODI%20PORTABLE%5cKODI%2020%20JOB%5cKodi%5cportable_data%5caddons%5cplugin.video.sstv%5cfanart.jpg/">ActivateWindow(videos,&quot;plugin://plugin.video.sstv/?url=http%3A%2F%2Fgameplay.p2sweb.me%2Fenigma2.php%3Fusername%3D7836979%26password%3D0119031%26type%3Dget_live_streams%26cat_id%3D496&amp;mode=2&amp;name=CANAIS+%7C+CINE+SKY&amp;iconimage=D%3A%5CKODI+PORTABLE%5CKODI+20+JOB%5CKodi%5Cportable_data%5Caddons%5Cplugin.video.sstv%5Cicon.png&amp;description=&quot;,return)</favourite>
    <favourite name="CANAIS | COLOMBIA" thumb="image://D%3a%5cKODI%20PORTABLE%5cKODI%2020%20JOB%5cKodi%5cportable_data%5caddons%5cplugin.video.sstv%5cicon.png/" fanart="image://D%3a%5cKODI%20PORTABLE%5cKODI%2020%20JOB%5cKodi%5cportable_data%5caddons%5cplugin.video.sstv%5cfanart.jpg/">ActivateWindow(videos,&quot;plugin://plugin.video.sstv/?url=http%3A%2F%2Fgameplay.p2sweb.me%2Fenigma2.php%3Fusername%3D7836979%26password%3D0119031%26type%3Dget_live_streams%26cat_id%3D2544&amp;mode=2&amp;name=CANAIS+%7C+COLOMBIA&amp;iconimage=D%3A%5CKODI+PORTABLE%5CKODI+20+JOB%5CKodi%5Cportable_data%5Caddons%5Cplugin.video.sstv%5Cicon.png&amp;description=&quot;,return)</favourite>
    <favourite name="CANAIS | DESENHOS 24 HRS" thumb="image://D%3a%5cKODI%20PORTABLE%5cKODI%2020%20JOB%5cKodi%5cportable_data%5caddons%5cplugin.video.sstv%5cicon.png/" fanart="image://D%3a%5cKODI%20PORTABLE%5cKODI%2020%20JOB%5cKodi%5cportable_data%5caddons%5cplugin.video.sstv%5cfanart.jpg/">ActivateWindow(videos,&quot;plugin://plugin.video.sstv/?url=http%3A%2F%2Fgameplay.p2sweb.me%2Fenigma2.php%3Fusername%3D7836979%26password%3D0119031%26type%3Dget_live_streams%26cat_id%3D2521&amp;mode=2&amp;name=CANAIS+%7C+DESENHOS+24+HRS&amp;iconimage=D%3A%5CKODI+PORTABLE%5CKODI+20+JOB%5CKodi%5Cportable_data%5Caddons%5Cplugin.video.sstv%5Cicon.png&amp;description=&quot;,return)</favourite>
    <favourite name="CANAIS | DOCUMENTÁRIOS" thumb="image://D%3a%5cKODI%20PORTABLE%5cKODI%2020%20JOB%5cKodi%5cportable_data%5caddons%5cplugin.video.sstv%5cicon.png/" fanart="image://D%3a%5cKODI%20PORTABLE%5cKODI%2020%20JOB%5cKodi%5cportable_data%5caddons%5cplugin.video.sstv%5cfanart.jpg/">ActivateWindow(videos,&quot;plugin://plugin.video.sstv/?url=http%3A%2F%2Fgameplay.p2sweb.me%2Fenigma2.php%3Fusername%3D7836979%26password%3D0119031%26type%3Dget_live_streams%26cat_id%3D2&amp;mode=2&amp;name=CANAIS+%7C+DOCUMENT%C3%81RIOS&amp;iconimage=D%3A%5CKODI+PORTABLE%5CKODI+20+JOB%5CKodi%5Cportable_data%5Caddons%5Cplugin.video.sstv%5Cicon.png&amp;description=&quot;,return)</favourite>
    <favourite name="CANAIS | ESPN" thumb="image://D%3a%5cKODI%20PORTABLE%5cKODI%2020%20JOB%5cKodi%5cportable_data%5caddons%5cplugin.video.sstv%5cicon.png/" fanart="image://D%3a%5cKODI%20PORTABLE%5cKODI%2020%20JOB%5cKodi%5cportable_data%5caddons%5cplugin.video.sstv%5cfanart.jpg/">ActivateWindow(videos,&quot;plugin://plugin.video.sstv/?url=http%3A%2F%2Fgameplay.p2sweb.me%2Fenigma2.php%3Fusername%3D7836979%26password%3D0119031%26type%3Dget_live_streams%26cat_id%3D10&amp;mode=2&amp;name=CANAIS+%7C+ESPN&amp;iconimage=D%3A%5CKODI+PORTABLE%5CKODI+20+JOB%5CKodi%5Cportable_data%5Caddons%5Cplugin.video.sstv%5Cicon.png&amp;description=&quot;,return)</favourite>
    <favourite name="CANAIS | ESPORTES" thumb="image://D%3a%5cKODI%20PORTABLE%5cKODI%2020%20JOB%5cKodi%5cportable_data%5caddons%5cplugin.video.sstv%5cicon.png/" fanart="image://D%3a%5cKODI%20PORTABLE%5cKODI%2020%20JOB%5cKodi%5cportable_data%5caddons%5cplugin.video.sstv%5cfanart.jpg/">ActivateWindow(videos,&quot;plugin://plugin.video.sstv/?url=http%3A%2F%2Fgameplay.p2sweb.me%2Fenigma2.php%3Fusername%3D7836979%26password%3D0119031%26type%3Dget_live_streams%26cat_id%3D1&amp;mode=2&amp;name=CANAIS+%7C+ESPORTES&amp;iconimage=D%3A%5CKODI+PORTABLE%5CKODI+20+JOB%5CKodi%5Cportable_data%5Caddons%5Cplugin.video.sstv%5Cicon.png&amp;description=&quot;,return)</favourite>
    <favourite name="CANAIS | FILMES E SERIES" thumb="image://D%3a%5cKODI%20PORTABLE%5cKODI%2020%20JOB%5cKodi%5cportable_data%5caddons%5cplugin.video.sstv%5cicon.png/" fanart="image://D%3a%5cKODI%20PORTABLE%5cKODI%2020%20JOB%5cKodi%5cportable_data%5caddons%5cplugin.video.sstv%5cfanart.jpg/">ActivateWindow(videos,&quot;plugin://plugin.video.sstv/?url=http%3A%2F%2Fgameplay.p2sweb.me%2Fenigma2.php%3Fusername%3D7836979%26password%3D0119031%26type%3Dget_live_streams%26cat_id%3D838&amp;mode=2&amp;name=CANAIS+%7C+FILMES+E+SERIES&amp;iconimage=D%3A%5CKODI+PORTABLE%5CKODI+20+JOB%5CKodi%5Cportable_data%5Caddons%5Cplugin.video.sstv%5Cicon.png&amp;description=&quot;,return)</favourite>
    <favourite name="CANAIS | GAMEPLAY P2S" thumb="image://D%3a%5cKODI%20PORTABLE%5cKODI%2020%20JOB%5cKodi%5cportable_data%5caddons%5cplugin.video.sstv%5cicon.png/" fanart="image://D%3a%5cKODI%20PORTABLE%5cKODI%2020%20JOB%5cKodi%5cportable_data%5caddons%5cplugin.video.sstv%5cfanart.jpg/">ActivateWindow(videos,&quot;plugin://plugin.video.sstv/?url=http%3A%2F%2Fgameplay.p2sweb.me%2Fenigma2.php%3Fusername%3D7836979%26password%3D0119031%26type%3Dget_live_streams%26cat_id%3D2543&amp;mode=2&amp;name=CANAIS+%7C+GAMEPLAY+P2S&amp;iconimage=D%3A%5CKODI+PORTABLE%5CKODI+20+JOB%5CKodi%5Cportable_data%5Caddons%5Cplugin.video.sstv%5Cicon.png&amp;description=&quot;,return)</favourite>
    <favourite name="CANAIS | GLOBO CENTRO-OESTE" thumb="image://D%3a%5cKODI%20PORTABLE%5cKODI%2020%20JOB%5cKodi%5cportable_data%5caddons%5cplugin.video.sstv%5cicon.png/" fanart="image://D%3a%5cKODI%20PORTABLE%5cKODI%2020%20JOB%5cKodi%5cportable_data%5caddons%5cplugin.video.sstv%5cfanart.jpg/">ActivateWindow(videos,&quot;plugin://plugin.video.sstv/?url=http%3A%2F%2Fgameplay.p2sweb.me%2Fenigma2.php%3Fusername%3D7836979%26password%3D0119031%26type%3Dget_live_streams%26cat_id%3D2559&amp;mode=2&amp;name=CANAIS+%7C+GLOBO+CENTRO-OESTE&amp;iconimage=D%3A%5CKODI+PORTABLE%5CKODI+20+JOB%5CKodi%5Cportable_data%5Caddons%5Cplugin.video.sstv%5Cicon.png&amp;description=&quot;,return)</favourite>
    <favourite name="CANAIS | GLOBO NORTE & NORDESTE" thumb="image://D%3a%5cKODI%20PORTABLE%5cKODI%2020%20JOB%5cKodi%5cportable_data%5caddons%5cplugin.video.sstv%5cicon.png/" fanart="image://D%3a%5cKODI%20PORTABLE%5cKODI%2020%20JOB%5cKodi%5cportable_data%5caddons%5cplugin.video.sstv%5cfanart.jpg/">ActivateWindow(videos,&quot;plugin://plugin.video.sstv/?url=http%3A%2F%2Fgameplay.p2sweb.me%2Fenigma2.php%3Fusername%3D7836979%26password%3D0119031%26type%3Dget_live_streams%26cat_id%3D2557&amp;mode=2&amp;name=CANAIS+%7C+GLOBO+NORTE+%26+NORDESTE&amp;iconimage=D%3A%5CKODI+PORTABLE%5CKODI+20+JOB%5CKodi%5Cportable_data%5Caddons%5Cplugin.video.sstv%5Cicon.png&amp;description=&quot;,return)</favourite>
    <favourite name="CANAIS | GLOBO SUDESTE" thumb="image://D%3a%5cKODI%20PORTABLE%5cKODI%2020%20JOB%5cKodi%5cportable_data%5caddons%5cplugin.video.sstv%5cicon.png/" fanart="image://D%3a%5cKODI%20PORTABLE%5cKODI%2020%20JOB%5cKodi%5cportable_data%5caddons%5cplugin.video.sstv%5cfanart.jpg/">ActivateWindow(videos,&quot;plugin://plugin.video.sstv/?url=http%3A%2F%2Fgameplay.p2sweb.me%2Fenigma2.php%3Fusername%3D7836979%26password%3D0119031%26type%3Dget_live_streams%26cat_id%3D2556&amp;mode=2&amp;name=CANAIS+%7C+GLOBO+SUDESTE&amp;iconimage=D%3A%5CKODI+PORTABLE%5CKODI+20+JOB%5CKodi%5Cportable_data%5Caddons%5Cplugin.video.sstv%5Cicon.png&amp;description=&quot;,return)</favourite>
    <favourite name="CANAIS | GLOBO SUL" thumb="image://D%3a%5cKODI%20PORTABLE%5cKODI%2020%20JOB%5cKodi%5cportable_data%5caddons%5cplugin.video.sstv%5cicon.png/" fanart="image://D%3a%5cKODI%20PORTABLE%5cKODI%2020%20JOB%5cKodi%5cportable_data%5caddons%5cplugin.video.sstv%5cfanart.jpg/">ActivateWindow(videos,&quot;plugin://plugin.video.sstv/?url=http%3A%2F%2Fgameplay.p2sweb.me%2Fenigma2.php%3Fusername%3D7836979%26password%3D0119031%26type%3Dget_live_streams%26cat_id%3D2558&amp;mode=2&amp;name=CANAIS+%7C+GLOBO+SUL&amp;iconimage=D%3A%5CKODI+PORTABLE%5CKODI+20+JOB%5CKodi%5Cportable_data%5Caddons%5Cplugin.video.sstv%5Cicon.png&amp;description=&quot;,return)</favourite>
    <favourite name="CANAIS | H265" thumb="image://D%3a%5cKODI%20PORTABLE%5cKODI%2020%20JOB%5cKodi%5cportable_data%5caddons%5cplugin.video.sstv%5cicon.png/" fanart="image://D%3a%5cKODI%20PORTABLE%5cKODI%2020%20JOB%5cKodi%5cportable_data%5caddons%5cplugin.video.sstv%5cfanart.jpg/">ActivateWindow(videos,&quot;plugin://plugin.video.sstv/?url=http%3A%2F%2Fgameplay.p2sweb.me%2Fenigma2.php%3Fusername%3D7836979%26password%3D0119031%26type%3Dget_live_streams%26cat_id%3D2554&amp;mode=2&amp;name=CANAIS+%7C+H265&amp;iconimage=D%3A%5CKODI+PORTABLE%5CKODI+20+JOB%5CKodi%5Cportable_data%5Caddons%5Cplugin.video.sstv%5Cicon.png&amp;description=&quot;,return)</favourite>
    <favourite name="CANAIS | HBO" thumb="image://D%3a%5cKODI%20PORTABLE%5cKODI%2020%20JOB%5cKodi%5cportable_data%5caddons%5cplugin.video.sstv%5cicon.png/" fanart="image://D%3a%5cKODI%20PORTABLE%5cKODI%2020%20JOB%5cKodi%5cportable_data%5caddons%5cplugin.video.sstv%5cfanart.jpg/">ActivateWindow(videos,&quot;plugin://plugin.video.sstv/?url=http%3A%2F%2Fgameplay.p2sweb.me%2Fenigma2.php%3Fusername%3D7836979%26password%3D0119031%26type%3Dget_live_streams%26cat_id%3D2461&amp;mode=2&amp;name=CANAIS+%7C+HBO&amp;iconimage=D%3A%5CKODI+PORTABLE%5CKODI+20+JOB%5CKodi%5Cportable_data%5Caddons%5Cplugin.video.sstv%5Cicon.png&amp;description=&quot;,return)</favourite>
    <favourite name="CANAIS | INFANTIS" thumb="image://D%3a%5cKODI%20PORTABLE%5cKODI%2020%20JOB%5cKodi%5cportable_data%5caddons%5cplugin.video.sstv%5cicon.png/" fanart="image://D%3a%5cKODI%20PORTABLE%5cKODI%2020%20JOB%5cKodi%5cportable_data%5caddons%5cplugin.video.sstv%5cfanart.jpg/">ActivateWindow(videos,&quot;plugin://plugin.video.sstv/?url=http%3A%2F%2Fgameplay.p2sweb.me%2Fenigma2.php%3Fusername%3D7836979%26password%3D0119031%26type%3Dget_live_streams%26cat_id%3D11&amp;mode=2&amp;name=CANAIS+%7C+INFANTIS&amp;iconimage=D%3A%5CKODI+PORTABLE%5CKODI+20+JOB%5CKodi%5Cportable_data%5Caddons%5Cplugin.video.sstv%5Cicon.png&amp;description=&quot;,return)</favourite>
    <favourite name="CANAIS | LEGENDADOS" thumb="image://D%3a%5cKODI%20PORTABLE%5cKODI%2020%20JOB%5cKodi%5cportable_data%5caddons%5cplugin.video.sstv%5cicon.png/" fanart="image://D%3a%5cKODI%20PORTABLE%5cKODI%2020%20JOB%5cKodi%5cportable_data%5caddons%5cplugin.video.sstv%5cfanart.jpg/">ActivateWindow(videos,&quot;plugin://plugin.video.sstv/?url=http%3A%2F%2Fgameplay.p2sweb.me%2Fenigma2.php%3Fusername%3D7836979%26password%3D0119031%26type%3Dget_live_streams%26cat_id%3D14&amp;mode=2&amp;name=CANAIS+%7C+LEGENDADOS&amp;iconimage=D%3A%5CKODI+PORTABLE%5CKODI+20+JOB%5CKodi%5Cportable_data%5Caddons%5Cplugin.video.sstv%5Cicon.png&amp;description=&quot;,return)</favourite>
    <favourite name="CANAIS | MLB" thumb="image://D%3a%5cKODI%20PORTABLE%5cKODI%2020%20JOB%5cKodi%5cportable_data%5caddons%5cplugin.video.sstv%5cicon.png/" fanart="image://D%3a%5cKODI%20PORTABLE%5cKODI%2020%20JOB%5cKodi%5cportable_data%5caddons%5cplugin.video.sstv%5cfanart.jpg/">ActivateWindow(videos,&quot;plugin://plugin.video.sstv/?url=http%3A%2F%2Fgameplay.p2sweb.me%2Fenigma2.php%3Fusername%3D7836979%26password%3D0119031%26type%3Dget_live_streams%26cat_id%3D2541&amp;mode=2&amp;name=CANAIS+%7C+MLB&amp;iconimage=D%3A%5CKODI+PORTABLE%5CKODI+20+JOB%5CKodi%5Cportable_data%5Caddons%5Cplugin.video.sstv%5Cicon.png&amp;description=&quot;,return)</favourite>
    <favourite name="CANAIS | MÚSICAS" thumb="image://D%3a%5cKODI%20PORTABLE%5cKODI%2020%20JOB%5cKodi%5cportable_data%5caddons%5cplugin.video.sstv%5cicon.png/" fanart="image://D%3a%5cKODI%20PORTABLE%5cKODI%2020%20JOB%5cKodi%5cportable_data%5caddons%5cplugin.video.sstv%5cfanart.jpg/">ActivateWindow(videos,&quot;plugin://plugin.video.sstv/?url=http%3A%2F%2Fgameplay.p2sweb.me%2Fenigma2.php%3Fusername%3D7836979%26password%3D0119031%26type%3Dget_live_streams%26cat_id%3D252&amp;mode=2&amp;name=CANAIS+%7C+M%C3%9ASICAS&amp;iconimage=D%3A%5CKODI+PORTABLE%5CKODI+20+JOB%5CKodi%5Cportable_data%5Caddons%5Cplugin.video.sstv%5Cicon.png&amp;description=&quot;,return)</favourite>
    <favourite name="CANAIS | NBA LEAGUE PASS" thumb="image://D%3a%5cKODI%20PORTABLE%5cKODI%2020%20JOB%5cKodi%5cportable_data%5caddons%5cplugin.video.sstv%5cicon.png/" fanart="image://D%3a%5cKODI%20PORTABLE%5cKODI%2020%20JOB%5cKodi%5cportable_data%5caddons%5cplugin.video.sstv%5cfanart.jpg/">ActivateWindow(videos,&quot;plugin://plugin.video.sstv/?url=http%3A%2F%2Fgameplay.p2sweb.me%2Fenigma2.php%3Fusername%3D7836979%26password%3D0119031%26type%3Dget_live_streams%26cat_id%3D2527&amp;mode=2&amp;name=CANAIS+%7C+NBA+LEAGUE+PASS&amp;iconimage=D%3A%5CKODI+PORTABLE%5CKODI+20+JOB%5CKodi%5Cportable_data%5Caddons%5Cplugin.video.sstv%5Cicon.png&amp;description=&quot;,return)</favourite>
    <favourite name="CANAIS | NFL GAMEPASS" thumb="image://D%3a%5cKODI%20PORTABLE%5cKODI%2020%20JOB%5cKodi%5cportable_data%5caddons%5cplugin.video.sstv%5cicon.png/" fanart="image://D%3a%5cKODI%20PORTABLE%5cKODI%2020%20JOB%5cKodi%5cportable_data%5caddons%5cplugin.video.sstv%5cfanart.jpg/">ActivateWindow(videos,&quot;plugin://plugin.video.sstv/?url=http%3A%2F%2Fgameplay.p2sweb.me%2Fenigma2.php%3Fusername%3D7836979%26password%3D0119031%26type%3Dget_live_streams%26cat_id%3D2540&amp;mode=2&amp;name=CANAIS+%7C+NFL+GAMEPASS&amp;iconimage=D%3A%5CKODI+PORTABLE%5CKODI+20+JOB%5CKodi%5Cportable_data%5Caddons%5Cplugin.video.sstv%5Cicon.png&amp;description=&quot;,return)</favourite>
    <favourite name="CANAIS | NOTÍCIAS" thumb="image://D%3a%5cKODI%20PORTABLE%5cKODI%2020%20JOB%5cKodi%5cportable_data%5caddons%5cplugin.video.sstv%5cicon.png/" fanart="image://D%3a%5cKODI%20PORTABLE%5cKODI%2020%20JOB%5cKodi%5cportable_data%5caddons%5cplugin.video.sstv%5cfanart.jpg/">ActivateWindow(videos,&quot;plugin://plugin.video.sstv/?url=http%3A%2F%2Fgameplay.p2sweb.me%2Fenigma2.php%3Fusername%3D7836979%26password%3D0119031%26type%3Dget_live_streams%26cat_id%3D12&amp;mode=2&amp;name=CANAIS+%7C+NOT%C3%8DCIAS&amp;iconimage=D%3A%5CKODI+PORTABLE%5CKODI+20+JOB%5CKodi%5Cportable_data%5Caddons%5Cplugin.video.sstv%5Cicon.png&amp;description=&quot;,return)</favourite>
    <favourite name="CANAIS | PARAGUAI" thumb="image://D%3a%5cKODI%20PORTABLE%5cKODI%2020%20JOB%5cKodi%5cportable_data%5caddons%5cplugin.video.sstv%5cicon.png/" fanart="image://D%3a%5cKODI%20PORTABLE%5cKODI%2020%20JOB%5cKodi%5cportable_data%5caddons%5cplugin.video.sstv%5cfanart.jpg/">ActivateWindow(videos,&quot;plugin://plugin.video.sstv/?url=http%3A%2F%2Fgameplay.p2sweb.me%2Fenigma2.php%3Fusername%3D7836979%26password%3D0119031%26type%3Dget_live_streams%26cat_id%3D2548&amp;mode=2&amp;name=CANAIS+%7C+PARAGUAI&amp;iconimage=D%3A%5CKODI+PORTABLE%5CKODI+20+JOB%5CKodi%5Cportable_data%5Caddons%5Cplugin.video.sstv%5Cicon.png&amp;description=&quot;,return)</favourite>
    <favourite name="CANAIS | PERU" thumb="image://D%3a%5cKODI%20PORTABLE%5cKODI%2020%20JOB%5cKodi%5cportable_data%5caddons%5cplugin.video.sstv%5cicon.png/" fanart="image://D%3a%5cKODI%20PORTABLE%5cKODI%2020%20JOB%5cKodi%5cportable_data%5caddons%5cplugin.video.sstv%5cfanart.jpg/">ActivateWindow(videos,&quot;plugin://plugin.video.sstv/?url=http%3A%2F%2Fgameplay.p2sweb.me%2Fenigma2.php%3Fusername%3D7836979%26password%3D0119031%26type%3Dget_live_streams%26cat_id%3D2551&amp;mode=2&amp;name=CANAIS+%7C+PERU&amp;iconimage=D%3A%5CKODI+PORTABLE%5CKODI+20+JOB%5CKodi%5Cportable_data%5Caddons%5Cplugin.video.sstv%5Cicon.png&amp;description=&quot;,return)</favourite>
    <favourite name="CANAIS | PLUTO TV" thumb="image://D%3a%5cKODI%20PORTABLE%5cKODI%2020%20JOB%5cKodi%5cportable_data%5caddons%5cplugin.video.sstv%5cicon.png/" fanart="image://D%3a%5cKODI%20PORTABLE%5cKODI%2020%20JOB%5cKodi%5cportable_data%5caddons%5cplugin.video.sstv%5cfanart.jpg/">ActivateWindow(videos,&quot;plugin://plugin.video.sstv/?url=http%3A%2F%2Fgameplay.p2sweb.me%2Fenigma2.php%3Fusername%3D7836979%26password%3D0119031%26type%3Dget_live_streams%26cat_id%3D2572&amp;mode=2&amp;name=CANAIS+%7C+PLUTO+TV&amp;iconimage=D%3A%5CKODI+PORTABLE%5CKODI+20+JOB%5CKodi%5Cportable_data%5Caddons%5Cplugin.video.sstv%5Cicon.png&amp;description=&quot;,return)</favourite>
    <favourite name="CANAIS | PPV" thumb="image://D%3a%5cKODI%20PORTABLE%5cKODI%2020%20JOB%5cKodi%5cportable_data%5caddons%5cplugin.video.sstv%5cicon.png/" fanart="image://D%3a%5cKODI%20PORTABLE%5cKODI%2020%20JOB%5cKodi%5cportable_data%5caddons%5cplugin.video.sstv%5cfanart.jpg/">ActivateWindow(videos,&quot;plugin://plugin.video.sstv/?url=http%3A%2F%2Fgameplay.p2sweb.me%2Fenigma2.php%3Fusername%3D7836979%26password%3D0119031%26type%3Dget_live_streams%26cat_id%3D2515&amp;mode=2&amp;name=CANAIS+%7C+PPV&amp;iconimage=D%3A%5CKODI+PORTABLE%5CKODI+20+JOB%5CKodi%5Cportable_data%5Caddons%5Cplugin.video.sstv%5Cicon.png&amp;description=&quot;,return)</favourite>
    <favourite name="CANAIS | PREMIERE" thumb="image://D%3a%5cKODI%20PORTABLE%5cKODI%2020%20JOB%5cKodi%5cportable_data%5caddons%5cplugin.video.sstv%5cicon.png/" fanart="image://D%3a%5cKODI%20PORTABLE%5cKODI%2020%20JOB%5cKodi%5cportable_data%5caddons%5cplugin.video.sstv%5cfanart.jpg/">ActivateWindow(videos,&quot;plugin://plugin.video.sstv/?url=http%3A%2F%2Fgameplay.p2sweb.me%2Fenigma2.php%3Fusername%3D7836979%26password%3D0119031%26type%3Dget_live_streams%26cat_id%3D8&amp;mode=2&amp;name=CANAIS+%7C+PREMIERE&amp;iconimage=D%3A%5CKODI+PORTABLE%5CKODI+20+JOB%5CKodi%5Cportable_data%5Caddons%5Cplugin.video.sstv%5Cicon.png&amp;description=&quot;,return)</favourite>
    <favourite name="CANAIS | RECORDTV" thumb="image://D%3a%5cKODI%20PORTABLE%5cKODI%2020%20JOB%5cKodi%5cportable_data%5caddons%5cplugin.video.sstv%5cicon.png/" fanart="image://D%3a%5cKODI%20PORTABLE%5cKODI%2020%20JOB%5cKodi%5cportable_data%5caddons%5cplugin.video.sstv%5cfanart.jpg/">ActivateWindow(videos,&quot;plugin://plugin.video.sstv/?url=http%3A%2F%2Fgameplay.p2sweb.me%2Fenigma2.php%3Fusername%3D7836979%26password%3D0119031%26type%3Dget_live_streams%26cat_id%3D2542&amp;mode=2&amp;name=CANAIS+%7C+RECORDTV&amp;iconimage=D%3A%5CKODI+PORTABLE%5CKODI+20+JOB%5CKodi%5Cportable_data%5Caddons%5Cplugin.video.sstv%5Cicon.png&amp;description=&quot;,return)</favourite>
    <favourite name="CANAIS | RELIGIOSOS" thumb="image://D%3a%5cKODI%20PORTABLE%5cKODI%2020%20JOB%5cKodi%5cportable_data%5caddons%5cplugin.video.sstv%5cicon.png/" fanart="image://D%3a%5cKODI%20PORTABLE%5cKODI%2020%20JOB%5cKodi%5cportable_data%5caddons%5cplugin.video.sstv%5cfanart.jpg/">ActivateWindow(videos,&quot;plugin://plugin.video.sstv/?url=http%3A%2F%2Fgameplay.p2sweb.me%2Fenigma2.php%3Fusername%3D7836979%26password%3D0119031%26type%3Dget_live_streams%26cat_id%3D249&amp;mode=2&amp;name=CANAIS+%7C+RELIGIOSOS&amp;iconimage=D%3A%5CKODI+PORTABLE%5CKODI+20+JOB%5CKodi%5Cportable_data%5Caddons%5Cplugin.video.sstv%5Cicon.png&amp;description=&quot;,return)</favourite>
    <favourite name="CANAIS | SPORTV" thumb="image://D%3a%5cKODI%20PORTABLE%5cKODI%2020%20JOB%5cKodi%5cportable_data%5caddons%5cplugin.video.sstv%5cicon.png/" fanart="image://D%3a%5cKODI%20PORTABLE%5cKODI%2020%20JOB%5cKodi%5cportable_data%5caddons%5cplugin.video.sstv%5cfanart.jpg/">ActivateWindow(videos,&quot;plugin://plugin.video.sstv/?url=http%3A%2F%2Fgameplay.p2sweb.me%2Fenigma2.php%3Fusername%3D7836979%26password%3D0119031%26type%3Dget_live_streams%26cat_id%3D9&amp;mode=2&amp;name=CANAIS+%7C+SPORTV&amp;iconimage=D%3A%5CKODI+PORTABLE%5CKODI+20+JOB%5CKodi%5Cportable_data%5Caddons%5Cplugin.video.sstv%5Cicon.png&amp;description=&quot;,return)</favourite>
    <favourite name="CANAIS | TELECINE" thumb="image://D%3a%5cKODI%20PORTABLE%5cKODI%2020%20JOB%5cKodi%5cportable_data%5caddons%5cplugin.video.sstv%5cicon.png/" fanart="image://D%3a%5cKODI%20PORTABLE%5cKODI%2020%20JOB%5cKodi%5cportable_data%5caddons%5cplugin.video.sstv%5cfanart.jpg/">ActivateWindow(videos,&quot;plugin://plugin.video.sstv/?url=http%3A%2F%2Fgameplay.p2sweb.me%2Fenigma2.php%3Fusername%3D7836979%26password%3D0119031%26type%3Dget_live_streams%26cat_id%3D2460&amp;mode=2&amp;name=CANAIS+%7C+TELECINE&amp;iconimage=D%3A%5CKODI+PORTABLE%5CKODI+20+JOB%5CKodi%5Cportable_data%5Caddons%5Cplugin.video.sstv%5Cicon.png&amp;description=&quot;,return)</favourite>
    <favourite name="CANAIS | URUGUAI" thumb="image://D%3a%5cKODI%20PORTABLE%5cKODI%2020%20JOB%5cKodi%5cportable_data%5caddons%5cplugin.video.sstv%5cicon.png/" fanart="image://D%3a%5cKODI%20PORTABLE%5cKODI%2020%20JOB%5cKodi%5cportable_data%5caddons%5cplugin.video.sstv%5cfanart.jpg/">ActivateWindow(videos,&quot;plugin://plugin.video.sstv/?url=http%3A%2F%2Fgameplay.p2sweb.me%2Fenigma2.php%3Fusername%3D7836979%26password%3D0119031%26type%3Dget_live_streams%26cat_id%3D2555&amp;mode=2&amp;name=CANAIS+%7C+URUGUAI&amp;iconimage=D%3A%5CKODI+PORTABLE%5CKODI+20+JOB%5CKodi%5Cportable_data%5Caddons%5Cplugin.video.sstv%5Cicon.png&amp;description=&quot;,return)</favourite>
    <favourite name="CANAIS | USA" thumb="image://D%3a%5cKODI%20PORTABLE%5cKODI%2020%20JOB%5cKodi%5cportable_data%5caddons%5cplugin.video.sstv%5cicon.png/" fanart="image://D%3a%5cKODI%20PORTABLE%5cKODI%2020%20JOB%5cKodi%5cportable_data%5caddons%5cplugin.video.sstv%5cfanart.jpg/">ActivateWindow(videos,&quot;plugin://plugin.video.sstv/?url=http%3A%2F%2Fgameplay.p2sweb.me%2Fenigma2.php%3Fusername%3D7836979%26password%3D0119031%26type%3Dget_live_streams%26cat_id%3D2539&amp;mode=2&amp;name=CANAIS+%7C+USA&amp;iconimage=D%3A%5CKODI+PORTABLE%5CKODI+20+JOB%5CKodi%5Cportable_data%5Caddons%5Cplugin.video.sstv%5Cicon.png&amp;description=&quot;,return)</favourite>
    <favourite name="CANAIS | VARIEDADES" thumb="image://D%3a%5cKODI%20PORTABLE%5cKODI%2020%20JOB%5cKodi%5cportable_data%5caddons%5cplugin.video.sstv%5cicon.png/" fanart="image://D%3a%5cKODI%20PORTABLE%5cKODI%2020%20JOB%5cKodi%5cportable_data%5caddons%5cplugin.video.sstv%5cfanart.jpg/">ActivateWindow(videos,&quot;plugin://plugin.video.sstv/?url=http%3A%2F%2Fgameplay.p2sweb.me%2Fenigma2.php%3Fusername%3D7836979%26password%3D0119031%26type%3Dget_live_streams%26cat_id%3D251&amp;mode=2&amp;name=CANAIS+%7C+VARIEDADES&amp;iconimage=D%3A%5CKODI+PORTABLE%5CKODI+20+JOB%5CKodi%5Cportable_data%5Caddons%5Cplugin.video.sstv%5Cicon.png&amp;description=&quot;,return)</favourite>
    <favourite name="PT: ABERTOS" thumb="image://D%3a%5cKODI%20PORTABLE%5cKODI%2020%20JOB%5cKodi%5cportable_data%5caddons%5cplugin.video.sstv%5cicon.png/" fanart="image://D%3a%5cKODI%20PORTABLE%5cKODI%2020%20JOB%5cKodi%5cportable_data%5caddons%5cplugin.video.sstv%5cfanart.jpg/">ActivateWindow(videos,&quot;plugin://plugin.video.sstv/?url=http%3A%2F%2Fgameplay.p2sweb.me%2Fenigma2.php%3Fusername%3D7836979%26password%3D0119031%26type%3Dget_live_streams%26cat_id%3D2529&amp;mode=2&amp;name=PT%3A+ABERTOS&amp;iconimage=D%3A%5CKODI+PORTABLE%5CKODI+20+JOB%5CKodi%5Cportable_data%5Caddons%5Cplugin.video.sstv%5Cicon.png&amp;description=&quot;,return)</favourite>
    <favourite name="PT: DESPORTOS" thumb="image://D%3a%5cKODI%20PORTABLE%5cKODI%2020%20JOB%5cKodi%5cportable_data%5caddons%5cplugin.video.sstv%5cicon.png/" fanart="image://D%3a%5cKODI%20PORTABLE%5cKODI%2020%20JOB%5cKodi%5cportable_data%5caddons%5cplugin.video.sstv%5cfanart.jpg/">ActivateWindow(videos,&quot;plugin://plugin.video.sstv/?url=http%3A%2F%2Fgameplay.p2sweb.me%2Fenigma2.php%3Fusername%3D7836979%26password%3D0119031%26type%3Dget_live_streams%26cat_id%3D2530&amp;mode=2&amp;name=PT%3A+DESPORTOS&amp;iconimage=D%3A%5CKODI+PORTABLE%5CKODI+20+JOB%5CKodi%5Cportable_data%5Caddons%5Cplugin.video.sstv%5Cicon.png&amp;description=&quot;,return)</favourite>
    <favourite name="PT: DOCUMENTARIOS" thumb="image://D%3a%5cKODI%20PORTABLE%5cKODI%2020%20JOB%5cKodi%5cportable_data%5caddons%5cplugin.video.sstv%5cicon.png/" fanart="image://D%3a%5cKODI%20PORTABLE%5cKODI%2020%20JOB%5cKodi%5cportable_data%5caddons%5cplugin.video.sstv%5cfanart.jpg/">ActivateWindow(videos,&quot;plugin://plugin.video.sstv/?url=http%3A%2F%2Fgameplay.p2sweb.me%2Fenigma2.php%3Fusername%3D7836979%26password%3D0119031%26type%3Dget_live_streams%26cat_id%3D2531&amp;mode=2&amp;name=PT%3A+DOCUMENTARIOS&amp;iconimage=D%3A%5CKODI+PORTABLE%5CKODI+20+JOB%5CKodi%5Cportable_data%5Caddons%5Cplugin.video.sstv%5Cicon.png&amp;description=&quot;,return)</favourite>
    <favourite name="PT: ENTRETENIMENTO" thumb="image://D%3a%5cKODI%20PORTABLE%5cKODI%2020%20JOB%5cKodi%5cportable_data%5caddons%5cplugin.video.sstv%5cicon.png/" fanart="image://D%3a%5cKODI%20PORTABLE%5cKODI%2020%20JOB%5cKodi%5cportable_data%5caddons%5cplugin.video.sstv%5cfanart.jpg/">ActivateWindow(videos,&quot;plugin://plugin.video.sstv/?url=http%3A%2F%2Fgameplay.p2sweb.me%2Fenigma2.php%3Fusername%3D7836979%26password%3D0119031%26type%3Dget_live_streams%26cat_id%3D2532&amp;mode=2&amp;name=PT%3A+ENTRETENIMENTO&amp;iconimage=D%3A%5CKODI+PORTABLE%5CKODI+20+JOB%5CKodi%5Cportable_data%5Caddons%5Cplugin.video.sstv%5Cicon.png&amp;description=&quot;,return)</favourite>
    <favourite name="PT: FILMES" thumb="image://D%3a%5cKODI%20PORTABLE%5cKODI%2020%20JOB%5cKodi%5cportable_data%5caddons%5cplugin.video.sstv%5cicon.png/" fanart="image://D%3a%5cKODI%20PORTABLE%5cKODI%2020%20JOB%5cKodi%5cportable_data%5caddons%5cplugin.video.sstv%5cfanart.jpg/">ActivateWindow(videos,&quot;plugin://plugin.video.sstv/?url=http%3A%2F%2Fgameplay.p2sweb.me%2Fenigma2.php%3Fusername%3D7836979%26password%3D0119031%26type%3Dget_live_streams%26cat_id%3D2533&amp;mode=2&amp;name=PT%3A+FILMES&amp;iconimage=D%3A%5CKODI+PORTABLE%5CKODI+20+JOB%5CKodi%5Cportable_data%5Caddons%5Cplugin.video.sstv%5Cicon.png&amp;description=&quot;,return)</favourite>
    <favourite name="PT: INTERNATIONAL" thumb="image://D%3a%5cKODI%20PORTABLE%5cKODI%2020%20JOB%5cKodi%5cportable_data%5caddons%5cplugin.video.sstv%5cicon.png/" fanart="image://D%3a%5cKODI%20PORTABLE%5cKODI%2020%20JOB%5cKodi%5cportable_data%5caddons%5cplugin.video.sstv%5cfanart.jpg/">ActivateWindow(videos,&quot;plugin://plugin.video.sstv/?url=http%3A%2F%2Fgameplay.p2sweb.me%2Fenigma2.php%3Fusername%3D7836979%26password%3D0119031%26type%3Dget_live_streams%26cat_id%3D2534&amp;mode=2&amp;name=PT%3A+INTERNATIONAL&amp;iconimage=D%3A%5CKODI+PORTABLE%5CKODI+20+JOB%5CKodi%5Cportable_data%5Caddons%5Cplugin.video.sstv%5Cicon.png&amp;description=&quot;,return)</favourite>
    <favourite name="PT: KIDS" thumb="image://D%3a%5cKODI%20PORTABLE%5cKODI%2020%20JOB%5cKodi%5cportable_data%5caddons%5cplugin.video.sstv%5cicon.png/" fanart="image://D%3a%5cKODI%20PORTABLE%5cKODI%2020%20JOB%5cKodi%5cportable_data%5caddons%5cplugin.video.sstv%5cfanart.jpg/">ActivateWindow(videos,&quot;plugin://plugin.video.sstv/?url=http%3A%2F%2Fgameplay.p2sweb.me%2Fenigma2.php%3Fusername%3D7836979%26password%3D0119031%26type%3Dget_live_streams%26cat_id%3D2535&amp;mode=2&amp;name=PT%3A+KIDS&amp;iconimage=D%3A%5CKODI+PORTABLE%5CKODI+20+JOB%5CKodi%5Cportable_data%5Caddons%5Cplugin.video.sstv%5Cicon.png&amp;description=&quot;,return)</favourite>
    <favourite name="PT: MUSICA" thumb="image://D%3a%5cKODI%20PORTABLE%5cKODI%2020%20JOB%5cKodi%5cportable_data%5caddons%5cplugin.video.sstv%5cicon.png/" fanart="image://D%3a%5cKODI%20PORTABLE%5cKODI%2020%20JOB%5cKodi%5cportable_data%5caddons%5cplugin.video.sstv%5cfanart.jpg/">ActivateWindow(videos,&quot;plugin://plugin.video.sstv/?url=http%3A%2F%2Fgameplay.p2sweb.me%2Fenigma2.php%3Fusername%3D7836979%26password%3D0119031%26type%3Dget_live_streams%26cat_id%3D2536&amp;mode=2&amp;name=PT%3A+MUSICA&amp;iconimage=D%3A%5CKODI+PORTABLE%5CKODI+20+JOB%5CKodi%5Cportable_data%5Caddons%5Cplugin.video.sstv%5Cicon.png&amp;description=&quot;,return)</favourite>
    <favourite name="PT: NOTICIAS" thumb="image://D%3a%5cKODI%20PORTABLE%5cKODI%2020%20JOB%5cKodi%5cportable_data%5caddons%5cplugin.video.sstv%5cicon.png/" fanart="image://D%3a%5cKODI%20PORTABLE%5cKODI%2020%20JOB%5cKodi%5cportable_data%5caddons%5cplugin.video.sstv%5cfanart.jpg/">ActivateWindow(videos,&quot;plugin://plugin.video.sstv/?url=http%3A%2F%2Fgameplay.p2sweb.me%2Fenigma2.php%3Fusername%3D7836979%26password%3D0119031%26type%3Dget_live_streams%26cat_id%3D2537&amp;mode=2&amp;name=PT%3A+NOTICIAS&amp;iconimage=D%3A%5CKODI+PORTABLE%5CKODI+20+JOB%5CKodi%5Cportable_data%5Caddons%5Cplugin.video.sstv%5Cicon.png&amp;description=&quot;,return)</favourite>
    <favourite name="PT: SERIES" thumb="image://D%3a%5cKODI%20PORTABLE%5cKODI%2020%20JOB%5cKodi%5cportable_data%5caddons%5cplugin.video.sstv%5cicon.png/" fanart="image://D%3a%5cKODI%20PORTABLE%5cKODI%2020%20JOB%5cKodi%5cportable_data%5caddons%5cplugin.video.sstv%5cfanart.jpg/">ActivateWindow(videos,&quot;plugin://plugin.video.sstv/?url=http%3A%2F%2Fgameplay.p2sweb.me%2Fenigma2.php%3Fusername%3D7836979%26password%3D0119031%26type%3Dget_live_streams%26cat_id%3D2538&amp;mode=2&amp;name=PT%3A+SERIES&amp;iconimage=D%3A%5CKODI+PORTABLE%5CKODI+20+JOB%5CKodi%5Cportable_data%5Caddons%5Cplugin.video.sstv%5Cicon.png&amp;description=&quot;,return)</favourite>
</favourites>




*http://gameplay.p2sweb.me:80/get.php?username=7836979&password=0119031&type=m3u&output=ts	Active	01/05/2022 17:57:54	10/08/2023 23:08:38	0	0	2	"m3u8","ts"	


http://gameplay.p2sweb.me:80/get.php?username=0336224&password=7688116&type=m3u&output=ts	Active	14/10/2021 15:17:29	03/08/2023 22:28:15	0	41	1	"m3u8","ts"	
http://gameplay.p2sweb.me:80/get.php?username=1576250&password=7098834&type=m3u&output=ts	Active	03/02/2023 15:33:14	03/02/2024 15:33:14	0	1	1	"m3u8","ts"	
http://gameplay.p2sweb.me:80/get.php?username=1642173&password=3277551&type=m3u&output=ts	Active	07/03/2023 18:07:19	07/03/2025 18:07:19	0	0	1	"m3u8","ts"	
http://gameplay.p2sweb.me:80/get.php?username=1744670&password=3188910&type=m3u&output=ts	Active	27/04/2023 22:23:52	10/08/2023 22:35:22	0	1	1	"m3u8","ts"	
http://gameplay.p2sweb.me:80/get.php?username=1862141&password=7200735&type=m3u&output=ts	Active	27/05/2022 19:03:38	24/07/2023 21:21:53	0	0	1	"m3u8","ts"	
http://gameplay.p2sweb.me:80/get.php?username=20203456&password=76873410&type=m3u&output=ts	Active	03/05/2022 12:25:43	04/08/2023 19:15:12	0	0	1	"m3u8","ts"	
http://gameplay.p2sweb.me:80/get.php?username=2277038&password=3211380&type=m3u&output=ts	Active	28/04/2022 22:51:26	05/08/2023 21:03:25	0	0	1	"m3u8","ts"	
http://gameplay.p2sweb.me:80/get.php?username=2498893&password=2383592&type=m3u&output=ts	Active	16/08/2022 17:06:32	28/07/2023 14:40:08	0	0	1	"m3u8","ts"	
http://gameplay.p2sweb.me:80/get.php?username=24brener&password=480angra&type=m3u&output=ts	Active	15/01/2022 22:39:30	13/08/2023 05:58:08	0	1	1	"m3u8","ts"	
http://gameplay.p2sweb.me:80/get.php?username=264011&password=211313&type=m3u&output=ts	Active	03/10/2022 23:22:58	12/08/2023 00:18:20	0	1	1	"m3u8","ts"	
http://gameplay.p2sweb.me:80/get.php?username=272982&password=628032&type=m3u&output=ts	Active	16/02/2022 18:18:36	23/07/2023 18:00:24	0	1	1	"m3u8","ts"	
http://gameplay.p2sweb.me:80/get.php?username=34leandro&password=390angra&type=m3u&output=ts	Active	05/02/2021 20:13:14	14/08/2023 17:54:15	0	0	1	"m3u8","ts"	
http://gameplay.p2sweb.me:80/get.php?username=4202267&password=6166070&type=m3u&output=ts	Active	28/07/2021 22:00:38	13/08/2023 22:43:41	0	1	1	"m3u8","ts"	
http://gameplay.p2sweb.me:80/get.php?username=4257153&password=6989507&type=m3u&output=ts	Active	13/02/2022 14:34:30	16/02/2024 00:18:44	0	0	1	"m3u8","ts"	
http://gameplay.p2sweb.me:80/get.php?username=4282ghsi&password=529wj548&type=m3u&output=ts	Active	30/07/2021 01:09:17	09/08/2023 17:33:37	0	1	1	"m3u8","ts"	
http://gameplay.p2sweb.me:80/get.php?username=4508698&password=5116618&type=m3u&output=ts	Active	09/03/2023 00:50:22	26/07/2023 20:46:18	0	1	1	"m3u8","ts"	
http://gameplay.p2sweb.me:80/get.php?username=5167301&password=1827119&type=m3u&output=ts	Active	17/04/2021 16:33:50	27/07/2023 03:33:21	0	0	1	"m3u8","ts"	
http://gameplay.p2sweb.me:80/get.php?username=525528&password=836392&type=m3u&output=ts	Active	09/03/2023 00:59:14	09/08/2023 00:59:14	0	0	1	"m3u8","ts"	
http://gameplay.p2sweb.me:80/get.php?username=5272882&password=6378828&type=m3u&output=ts	Active	04/08/2022 17:51:37	05/08/2023 21:33:44	0	0	1	"m3u8","ts"	
http://gameplay.p2sweb.me:80/get.php?username=5383jej8&password=6e82u3&type=m3u&output=ts	Active	13/11/2022 00:01:09	23/01/2033 14:57:28	0	1	1	"m3u8","ts"	
http://gameplay.p2sweb.me:80/get.php?username=5502703&password=8208654&type=m3u&output=ts	Active	23/04/2022 12:02:36	23/07/2023 12:02:36	0	1	1	"m3u8","ts"	
http://gameplay.p2sweb.me:80/get.php?username=5973419&password=8208952&type=m3u&output=ts	Active	01/06/2022 16:05:21	03/08/2023 14:20:08	0	1	1	"m3u8","ts"	
http://gameplay.p2sweb.me:80/get.php?username=6351152&password=0548604&type=m3u&output=ts	Active	04/12/2022 16:36:06	05/08/2023 21:13:21	0	0	1	"m3u8","ts"	
http://gameplay.p2sweb.me:80/get.php?username=6393bdodn&password=63839bbp&type=m3u&output=ts	Active	01/04/2022 22:34:03	05/08/2023 14:03:42	0	1	1	"m3u8","ts"	
http://gameplay.p2sweb.me:80/get.php?username=68146835&password=1646849849&type=m3u&output=ts	Active	14/08/2022 01:08:37	17/08/2023 17:06:54	0	1	1	"m3u8","ts"	
http://gameplay.p2sweb.me:80/get.php?username=6994882&password=7552778&type=m3u&output=ts	Active	23/08/2022 20:18:59	26/07/2023 13:22:28	0	2	1	"m3u8","ts"	
http://gameplay.p2sweb.me:80/get.php?username=767244&password=141105&type=m3u&output=ts	Active	24/01/2022 00:13:57	04/08/2023 02:00:00	0	1	1	"m3u8","ts"	

http://gameplay.p2sweb.me:80/get.php?username=7895956&password=8448367&type=m3u&output=ts	Active	16/12/2021 22:54:28	28/07/2023 15:08:55	0	0	1	"m3u8","ts"	
http://gameplay.p2sweb.me:80/get.php?username=7959086&password=9698636&type=m3u&output=ts	Active	22/08/2022 19:50:36	27/07/2023 22:47:19	0	0	1	"m3u8","ts"	
http://gameplay.p2sweb.me:80/get.php?username=8465804&password=0931949&type=m3u&output=ts	Active	10/05/2022 21:57:28	10/08/2023 21:57:28	0	2	1	"m3u8","ts"	
http://gameplay.p2sweb.me:80/get.php?username=8641708&password=2240740&type=m3u&output=ts	Active	08/08/2022 18:30:12	08/08/2023 18:30:12	0	1	1	"m3u8","ts"	
http://gameplay.p2sweb.me:80/get.php?username=8723813&password=9451790&type=m3u&output=ts	Active	22/08/2022 17:14:28	26/07/2023 18:34:08	0	1	1	"m3u8","ts"	
http://gameplay.p2sweb.me:80/get.php?username=8970283&password=4792268&type=m3u&output=ts	Active	02/09/2022 13:02:55	04/09/2023 13:03:00	0	0	1	"m3u8","ts"	
http://gameplay.p2sweb.me:80/get.php?username=9409139&password=7977206&type=m3u&output=ts	Active	09/10/2021 17:08:42	17/08/2023 21:08:42	0	0	1	"m3u8","ts"	
http://gameplay.p2sweb.me:80/get.php?username=Carol8354&password=C4f5h28x&type=m3u&output=ts	Active	28/09/2022 22:55:46	22/08/2023 03:12:11	0	0	1	"m3u8","ts"	
http://gameplay.p2sweb.me:80/get.php?username=Cicero30&password=Cice4839&type=m3u&output=ts	Active	06/04/2023 22:30:33	13/08/2023 02:00:00	0	1	1	"m3u8","ts"	
http://gameplay.p2sweb.me:80/get.php?username=Dgghhfcc&password=Vgfbffvc&type=m3u&output=ts	Active	10/12/2022 18:08:45	09/12/2024 18:08:45	0	1	1	"m3u8","ts"	
http://gameplay.p2sweb.me:80/get.php?username=Eliana70&password=15304560&type=m3u&output=ts	Active	10/02/2022 19:54:58	24/07/2023 19:16:50	0	1	1	"m3u8","ts"	
http://gameplay.p2sweb.me:80/get.php?username=Eliane&password=275858&type=m3u&output=ts	Active	10/08/2022 16:18:49	12/08/2023 22:55:39	0	0	1	"m3u8","ts"	
http://gameplay.p2sweb.me:80/get.php?username=GenilsonSueli&password=0119031&type=m3u&output=ts	Active	03/05/2023 23:05:58	04/08/2023 13:50:21	0	1	1	"m3u8","ts"	
http://gameplay.p2sweb.me:80/get.php?username=Hionki01&password=Bonesso01&type=m3u&output=ts	Active	21/08/2022 16:22:54	30/07/2023 01:11:12	0	0	1	"m3u8","ts"	
http://gameplay.p2sweb.me:80/get.php?username=JoseRobertoSaraceni&password=Jose1234&type=m3u&output=ts	Active	18/08/2022 01:38:45	20/11/2023 21:58:37	0	2	2	"m3u8","ts"	
http://gameplay.p2sweb.me:80/get.php?username=Paiva1186&password=982875823&type=m3u&output=ts	Active	27/08/2022 15:20:05	22/09/2023 13:55:46	0	1	1	"m3u8","ts"	
http://gameplay.p2sweb.me:80/get.php?username=Renan22x&password=R9j6g5x&type=m3u&output=ts	Active	17/01/2022 21:27:55	12/08/2023 17:17:22	0	1	1	"m3u8","ts"	
http://gameplay.p2sweb.me:80/get.php?username=Rose4917&password=22216145&type=m3u&output=ts	Active	25/10/2020 22:37:02	23/08/2023 16:38:17	0	0	1	"m3u8","ts"	
http://gameplay.p2sweb.me:80/get.php?username=Sandro78&password=093855&type=m3u&output=ts	Active	12/01/2022 22:32:14	01/01/0001 00:00:00	0	1	1	"m3u8","ts"	
http://gameplay.p2sweb.me:80/get.php?username=Veraemarcio6543&password=3597000&type=m3u&output=ts	Active	22/04/2022 15:53:30	22/07/2023 22:48:37	0	0	1	"m3u8","ts"	
http://gameplay.p2sweb.me:80/get.php?username=WESLEY22&password=91977378&type=m3u&output=ts	Active	06/04/2023 16:12:41	07/04/2024 14:39:43	0	0	1	"m3u8","ts"	
http://gameplay.p2sweb.me:80/get.php?username=Wellingtonnautico&password=1010Pp10&type=m3u&output=ts	Active	03/10/2022 01:42:07	03/09/2023 02:59:59	0	0	1	"m3u8","ts"	
http://gameplay.p2sweb.me:80/get.php?username=adantas&password=x130968&type=m3u&output=ts	Active	05/04/2023 12:09:33	05/04/2024 12:09:33	0	0	1	"m3u8","ts"	
http://gameplay.p2sweb.me:80/get.php?username=carlosrj&password=x024330&type=m3u&output=ts	Active	08/07/2022 20:40:24	10/08/2023 16:50:00	0	1	1	"m3u8","ts"	
http://gameplay.p2sweb.me:80/get.php?username=carolbarroso1&password=x024330&type=m3u&output=ts	Active	12/08/2022 15:47:37	13/08/2023 17:36:34	0	0	1	"m3u8","ts"	
http://gameplay.p2sweb.me:80/get.php?username=carolina2023&password=2023carolina&type=m3u&output=ts	Active	21/12/2020 03:00:00	01/01/0001 00:00:00	0	0	1	"m3u8","ts"	
http://gameplay.p2sweb.me:80/get.php?username=devange&password=a210322&type=m3u&output=ts	Active	17/10/2021 18:58:14	19/10/2023 14:22:43	0	0	1	"m3u8","ts"	
http://gameplay.p2sweb.me:80/get.php?username=diegosiqueira2&password=Ds3676&type=m3u&output=ts	Active	08/01/2023 16:28:10	09/01/2024 16:28:10	0	0	1	"m3u8","ts"	
http://gameplay.p2sweb.me:80/get.php?username=dyegorj&password=x125343&type=m3u&output=ts	Active	09/10/2021 17:08:42	17/08/2023 21:08:42	0	0	1	"m3u8","ts"	
http://gameplay.p2sweb.me:80/get.php?username=edsoneli&password=14062022&type=m3u&output=ts	Active	05/12/2021 19:04:57	07/08/2023 22:36:01	0	0	1	"m3u8","ts"	
http://gameplay.p2sweb.me:80/get.php?username=fabiopereiramartin&password=fabiopmw&type=m3u&output=ts	Expired	14/12/2020 23:34:10	03/08/2023 20:03:31	0	0	1	"m3u8","ts"	
http://gameplay.p2sweb.me:80/get.php?username=fernando202102&password=fernando2022&type=m3u&output=ts	Active	18/11/2022 14:16:02	16/11/2023 14:15:00	0	0	1	"m3u8","ts"	
http://gameplay.p2sweb.me:80/get.php?username=fran2022&password=2022fran&type=m3u&output=ts	Active	26/02/2020 12:53:24	06/08/2023 16:19:48	0	0	1	"m3u8","ts"	
http://gameplay.p2sweb.me:80/get.php?username=honorio14&password=378914526&type=m3u&output=ts	Active	03/10/2022 23:22:58	12/08/2023 00:18:20	0	0	1	"m3u8","ts"	
http://gameplay.p2sweb.me:80/get.php?username=ivan4133&password=3781524300&type=m3u&output=ts	Active	06/05/2022 23:08:53	21/07/2023 18:34:46	0	1	1	"m3u8","ts"	
http://gameplay.p2sweb.me:80/get.php?username=joycebrasil&password=jb062013&type=m3u&output=ts	Active	21/02/2023 20:29:06	21/02/2024 20:29:06	0	0	1	"m3u8","ts"	
http://gameplay.p2sweb.me:80/get.php?username=kledna&password=af5634hg&type=m3u&output=ts	Active	06/09/2022 21:53:50	06/12/2023 21:53:50	0	0	1	"m3u8","ts"	
http://gameplay.p2sweb.me:80/get.php?username=leandromorais&password=bel062013&type=m3u&output=ts	Active	26/04/2022 15:30:03	10/08/2023 21:30:33	0	1	1	"m3u8","ts"	
http://gameplay.p2sweb.me:80/get.php?username=lexsala&password=lex2580&type=m3u&output=ts	Active	12/02/2021 02:57:22	25/07/2023 00:56:50	0	1	1	"m3u8","ts"	
http://gameplay.p2sweb.me:80/get.php?username=marco2020&password=Henrique2020&type=m3u&output=ts	Active	28/09/2022 22:57:03	28/09/2023 22:57:03	0	0	1	"m3u8","ts"	
http://gameplay.p2sweb.me:80/get.php?username=marcos2022&password=indizabela01&type=m3u&output=ts	Active	14/01/2023 01:09:49	26/06/2031 19:32:45	0	1	1	"m3u8","ts"	
http://gameplay.p2sweb.me:80/get.php?username=marilenemode&password=mobe1368&type=m3u&output=ts	Active	24/07/2022 12:09:32	25/09/2023 02:31:55	0	0	1	"m3u8","ts"	
http://gameplay.p2sweb.me:80/get.php?username=marina03x1&password=Mar2021&type=m3u&output=ts	Active	04/02/2021 23:00:01	15/08/2023 21:33:59	0	0	1	"m3u8","ts"	
http://gameplay.p2sweb.me:80/get.php?username=marina04x&password=Mar2021&type=m3u&output=ts	Active	28/12/2022 17:50:16	28/12/2023 17:50:16	0	0	1	"m3u8","ts"	
http://gameplay.p2sweb.me:80/get.php?username=marina06&password=Marina2021&type=m3u&output=ts	Active	24/09/2022 00:54:38	24/09/2027 00:54:38	0	0	1	"m3u8","ts"	
http://gameplay.p2sweb.me:80/get.php?username=monteiro123&password=monteiro321&type=m3u&output=ts	Active	21/06/2022 13:21:37	23/07/2023 13:22:36	0	1	1	"m3u8","ts"	
http://gameplay.p2sweb.me:80/get.php?username=netobsb&password=13082022&type=m3u&output=ts	Active	21/02/2023 20:29:06	21/02/2024 20:29:06	0	0	1	"m3u8","ts"	
http://gameplay.p2sweb.me:80/get.php?username=pedrinho37&password=9437258&type=m3u&output=ts	Active	29/09/2022 22:23:33	06/08/2023 23:46:34	0	0	1	"m3u8","ts"	
http://gameplay.p2sweb.me:80/get.php?username=xavs32&password=4521ars&type=m3u&output=ts	Active	19/07/2022 23:52:05	21/07/2023 11:58:49	0	0	1	"m3u8","ts"	