<favourites>
    <favourite name="Kodi on Demand BETA" thumb="image://%2fstorage%2f.kodi%2faddons%2fplugin.video.kod%2fresources%2fmedia%2flogo.png/" fanart="image://%2fstorage%2f.kodi%2faddons%2fplugin.video.kod%2fresources%2fmedia%2ffanart.jpg/">ActivateWindow(videos,&quot;plugin://plugin.video.kod&quot;,return)</favourite>
    <favourite name="Paramount+" thumb="image://%2fstorage%2f.kodi%2faddons%2fslyguy.paramount.plus%2ficon.png/" fanart="image://%2fstorage%2f.kodi%2faddons%2fslyguy.paramount.plus%2ffanart.jpg/">ActivateWindow(videos,&quot;plugin://slyguy.paramount.plus&quot;,return)</favourite>
    <favourite name="[COLOR gold][B]Play [COLOR green]XD[/B][/COLOR]" thumb="special://home/addons/plugin.program.simple.favourites/resources/img/unknown.png" fanart="none">ActivateWindow(videos,&quot;plugin://plugin.video.GladistonXD&quot;,return)</favourite>
    <favourite name="Playlist Loader" thumb="image://%2fstorage%2f.kodi%2faddons%2fplugin.video.playlistloader%2ficon.png/" fanart="none">ActivateWindow(videos,&quot;plugin://plugin.video.playlistloader&quot;,return)</favourite>
    <favourite name="[B][COLOR blue]rdns[/COLOR][/B]" thumb="image://%2fstorage%2f.kodi%2faddons%2fplugin.video.rdns%2ficon.png/" fanart="image://%2fstorage%2f.kodi%2faddons%2fplugin.video.rdns%2ffanart.jpg/">ActivateWindow(videos,&quot;plugin://plugin.video.rdns&quot;,return)</favourite>
    <favourite name="[COLOR violet]THUNDER[/COLOR]" thumb="image://%2fstorage%2f.kodi%2faddons%2fplugin.video.thethunder%2ficon.png/" fanart="image://%2fstorage%2f.kodi%2faddons%2fplugin.video.thethunder%2ffanart.jpg/">ActivateWindow(videos,&quot;plugin://plugin.video.thethunder&quot;,return)</favourite>
    <favourite name="[B][COLOR red]XCUI Streams[/B][/COLOR]" thumb="image://%2fstorage%2f.kodi%2faddons%2fplugin.video.iptvxc%2ficon.png/" fanart="image://%2fstorage%2f.kodi%2faddons%2fplugin.video.iptvxc%2ffanart.jpg/">ActivateWindow(videos,&quot;plugin://plugin.video.iptvxc&quot;,return)</favourite>
    <favourite name="[COLOR lime]KEMO IPTV[/COLOR]" thumb="image://%2fstorage%2f.kodi%2faddons%2fplugin.video.kemo%2ficon.png/" fanart="none">ActivateWindow(videos,&quot;plugin://plugin.video.kemo&quot;,return)</favourite>
    <favourite name="CubeTor" thumb="image://D%3a%5cKODI%20PORTABLE%5cKODI%2020%20JOB%5cKodi%5cportable_data%5caddons%5cplugin.video.CubeTor%5cicon.png/" fanart="none">ActivateWindow(videos,&quot;plugin://plugin.video.CubeTor&quot;,return)</favourite>
    <favourite name="f4mTester" thumb="image://D%3a%5cKODI%20PORTABLE%5cKODI%2020%20JOB%5cKodi%5cportable_data%5caddons%5cplugin.video.f4mTester%5cicon.png/" fanart="none">ActivateWindow(videos,&quot;plugin://plugin.video.f4mTester&quot;,return)</favourite>
    <favourite name="GKoBu Tools " thumb="image://D%3a%5cKODI%20PORTABLE%5cKODI%2020%20JOB%5cKodi%5cportable_data%5caddons%5cplugin.program.downloader%5cicon.png/" fanart="none">ActivateWindow(videos,&quot;plugin://plugin.program.downloader&quot;,return)</favourite>
    <favourite name="[COLOR red]Homelander[/COLOR]" thumb="image://D%3a%5cKODI%20PORTABLE%5cKODI%2020%20JOB%5cKodi%5cportable_data%5caddons%5cplugin.video.homelander%5cicon.png/" fanart="image://D%3a%5cKODI%20PORTABLE%5cKODI%2020%20JOB%5cKodi%5cportable_data%5caddons%5cplugin.video.homelander%5cfanart.jpg/">ActivateWindow(videos,&quot;plugin://plugin.video.homelander&quot;,return)</favourite>
    <favourite name="Internet Archive Game Launcher" thumb="image://D%3a%5cKODI%20PORTABLE%5cKODI%2020%20JOB%5cKodi%5cportable_data%5caddons%5cplugin.program.iagl%5cicon.png/" fanart="image://D%3a%5cKODI%20PORTABLE%5cKODI%2020%20JOB%5cKodi%5cportable_data%5caddons%5cplugin.program.iagl%5cfanart.jpg/">ActivateWindow(videos,&quot;plugin://plugin.program.iagl&quot;,return)</favourite>
    <favourite name="[B]IPTV PREMIUM[/B]" thumb="image://D%3a%5cKODI%20PORTABLE%5cKODI%2020%20JOB%5cKodi%5cportable_data%5caddons%5cplugin.video.iptvpremium.matrix%5cicon.png/" fanart="image://D%3a%5cKODI%20PORTABLE%5cKODI%2020%20JOB%5cKodi%5cportable_data%5caddons%5cplugin.video.iptvpremium.matrix%5cfanart.jpg/">ActivateWindow(videos,&quot;plugin://plugin.video.iptvpremium.matrix&quot;,return)</favourite>
    <favourite name="[COLOR green]KodiLoucos [COLORgold] Brasil[/COLOR]" thumb="image://D%3a%5cKODI%20PORTABLE%5cKODI%2020%20JOB%5cKodi%5cportable_data%5caddons%5cplugin.video.kodiloucos_brasil%5cicon.png/" fanart="image://D%3a%5cKODI%20PORTABLE%5cKODI%2020%20JOB%5cKodi%5cportable_data%5caddons%5cplugin.video.kodiloucos_brasil%5cfanart.jpg/">ActivateWindow(videos,&quot;plugin://plugin.video.kodiloucos_brasil&quot;,return)</favourite>
    <favourite name="Last Played" thumb="image://D%3a%5cKODI%20PORTABLE%5cKODI%2020%20JOB%5cKodi%5cportable_data%5caddons%5cplugin.video.last_played%5cicon.png/" fanart="none">ActivateWindow(videos,&quot;plugin://plugin.video.last_played&quot;,return)</favourite>
    <favourite name="My[COLOR orangered]IPTV[/COLOR]" thumb="image://D%3a%5cKODI%20PORTABLE%5cKODI%2020%20JOB%5cKodi%5cportable_data%5caddons%5cplugin.video.myiptv%5cicon.png/" fanart="image://D%3a%5cKODI%20PORTABLE%5cKODI%2020%20JOB%5cKodi%5cportable_data%5caddons%5cplugin.video.myiptv%5cfanart.jpg/">ActivateWindow(videos,&quot;plugin://plugin.video.myiptv&quot;,return)</favourite>
    <favourite name="OSMOSIS" thumb="image://D%3a%5cKODI%20PORTABLE%5cKODI%2020%20JOB%5cKodi%5cportable_data%5caddons%5cplugin.video.osmosis%5cresources%5cmedia%5cicon.png/" fanart="image://D%3a%5cKODI%20PORTABLE%5cKODI%2020%20JOB%5cKodi%5cportable_data%5caddons%5cplugin.video.osmosis%5cresources%5cmedia%5cfanart.jpg/">ActivateWindow(videos,&quot;plugin://plugin.video.osmosis&quot;,return)</favourite>
    <favourite name="Playlist Loader" thumb="image://D%3a%5cKODI%20PORTABLE%5cKODI%2020%20JOB%5cKodi%5cportable_data%5caddons%5cplugin.video.playlistloader%5cicon.png/" fanart="none">ActivateWindow(videos,&quot;plugin://plugin.video.playlistloader&quot;,return)</favourite>
    <favourite name="Pluto TV" thumb="image://D%3a%5cKODI%20PORTABLE%5cKODI%2020%20JOB%5cKodi%5cportable_data%5caddons%5cplugin.video.plutotv%5cresources%5cimages%5cicon.png/" fanart="image://D%3a%5cKODI%20PORTABLE%5cKODI%2020%20JOB%5cKodi%5cportable_data%5caddons%5cplugin.video.plutotv%5cresources%5cimages%5cfanart.jpg/">ActivateWindow(videos,&quot;plugin://plugin.video.plutotv&quot;,return)</favourite>
    <favourite name="Pluto TV" thumb="image://D%3a%5cKODI%20PORTABLE%5cKODI%2020%20JOB%5cKodi%5cportable_data%5caddons%5cslyguy.pluto.tv.provider%5cicon.png/" fanart="image://D%3a%5cKODI%20PORTABLE%5cKODI%2020%20JOB%5cKodi%5cportable_data%5caddons%5cslyguy.pluto.tv.provider%5cfanart.jpg/">ActivateWindow(videos,&quot;plugin://slyguy.pluto.tv.provider&quot;,return)</favourite>
    <favourite name="SMR Link Tester" thumb="image://D%3a%5cKODI%20PORTABLE%5cKODI%2020%20JOB%5cKodi%5cportable_data%5caddons%5cplugin.video.smr_link_tester%5cicon.png/" fanart="none">ActivateWindow(videos,&quot;plugin://plugin.video.smr_link_tester&quot;,return)</favourite>
    <favourite name="[COLOR violet]THUNDER[/COLOR]" thumb="image://D%3a%5cKODI%20PORTABLE%5cKODI%2020%20JOB%5cKodi%5cportable_data%5caddons%5cplugin.video.thethunder%5cicon.png/" fanart="image://D%3a%5cKODI%20PORTABLE%5cKODI%2020%20JOB%5cKodi%5cportable_data%5caddons%5cplugin.video.thethunder%5cfanart.jpg/">ActivateWindow(videos,&quot;plugin://plugin.video.thethunder&quot;,return)</favourite>
    <favourite name="[COLOR blue]two [COLOR yellow] addons[/COLOR]" thumb="image://D%3a%5cKODI%20PORTABLE%5cKODI%2020%20JOB%5cKodi%5cportable_data%5caddons%5cplugin.video.twoaddons%5cicon.png/" fanart="image://D%3a%5cKODI%20PORTABLE%5cKODI%2020%20JOB%5cKodi%5cportable_data%5caddons%5cplugin.video.twoaddons%5cfanart.jpg/">ActivateWindow(videos,&quot;plugin://plugin.video.twoaddons&quot;,return)</favourite>
    <favourite name="[COLOR chocolate]X[/COLOR][COLORwhite]-[/COLOR][COLORgold]Codes[/COLOR]" thumb="image://D%3a%5cKODI%20PORTABLE%5cKODI%2020%20JOB%5cKodi%5cportable_data%5caddons%5cplugin.video.x-codes%5cicon.png/" fanart="image://D%3a%5cKODI%20PORTABLE%5cKODI%2020%20JOB%5cKodi%5cportable_data%5caddons%5cplugin.video.x-codes%5cfanart.jpg/">ActivateWindow(videos,&quot;plugin://plugin.video.x-codes&quot;,return)</favourite>
    <favourite name="[B][COLOR red]XCUI Streams[/B][/COLOR]" thumb="image://D%3a%5cKODI%20PORTABLE%5cKODI%2020%20JOB%5cKodi%5cportable_data%5caddons%5cplugin.video.iptvxc%5cicon.png/" fanart="image://D%3a%5cKODI%20PORTABLE%5cKODI%2020%20JOB%5cKodi%5cportable_data%5caddons%5cplugin.video.iptvxc%5cfanart.jpg/">ActivateWindow(videos,&quot;plugin://plugin.video.iptvxc&quot;,return)</favourite>
    <favourite name="[COLOR maroon]ÁGUIA[/COLOR] [COLOR gold]BRANCA[/COLOR]" thumb="image://D%3a%5cKODI%20PORTABLE%5cKODI%2020%20JOB%5cKodi%5cportable_data%5caddons%5cplugin.video.aguia-branca%5cicon.png/" fanart="image://D%3a%5cKODI%20PORTABLE%5cKODI%2020%20JOB%5cKodi%5cportable_data%5caddons%5cplugin.video.aguia-branca%5cfanart.jpg/">ActivateWindow(videos,&quot;plugin://plugin.video.aguia-branca&quot;,return)</favourite>
</favourites>