<favourites>
    
    <favourite name="01 ●≡ CDN RTYH  |  f4mTester" thumb="https://ask.qcloudimg.com/http-save/yehe-9026516/4f1bf174697ed99715f342e76641181a.jpeg" fanart="https://wallpapercave.com/wp/wp7762273.jpg">ActivateWindow(videos,&quot;plugin://plugin.video.twoaddons/?url=https://gist.githubusercontent.com/spinabr/96464a5491c100aae23671102e7dbd30/raw/9ad8ec05442de6c7910e97f88de8f9c62a76b177/gistfile2.txt&amp;mode=1&amp;name=%5BB%5D%5BCOLOR+blue%5D%E2%97%8F%E2%89%A1+%5B%2FCOLOR%5D+%5BCOLOR+white%5D+SERVIDOR+13+%7C+%5BCOLOR+red%5D+spina%5B%2FCOLOR%5D%5BCOLOR+orange%5Dbr%5B%2FCOLOR%5D%5B%2FB%5D&amp;fanart=http%3A%2F%2Froger1964.antaeus.feralhosting.com%2FMedia%2FPainel%2Fneotvfanart.jpg&quot;,return)</favourite>
	<favourite name="02 ●≡ CDN RTYH  |  f4mTester" thumb="https://ask.qcloudimg.com/http-save/yehe-9026516/4f1bf174697ed99715f342e76641181a.jpeg" fanart="https://wallpapercave.com/wp/wp7762273.jpg">ActivateWindow(videos,&quot;plugin://plugin.video.twoaddons/?url=https%3A%2F%2Fgist.githubusercontent.com%2Fspin4%2F37c694b28f39a2470f0ccbb1e875d700%2Fraw%2F87597c2ded8b20c7971f01778a07bbb013f5089a%2F0000&amp;mode=1&amp;name=%5BB%5D%5BCOLOR+blue%5D%E2%97%8F%E2%89%A1+%5B%2FCOLOR%5D+%5BCOLOR+white%5D+SERVIDOR+13+%7C+%5BCOLOR+red%5D+spina%5B%2FCOLOR%5D%5BCOLOR+orange%5Dbr%5B%2FCOLOR%5D%5B%2FB%5D&amp;fanart=http%3A%2F%2Froger1964.antaeus.feralhosting.com%2FMedia%2FPainel%2Fneotvfanart.jpg&quot;,return)</favourite>
	<favourite name="03 ●≡ CDN RTYH  |  f4mTester" thumb="https://ask.qcloudimg.com/http-save/yehe-9026516/4f1bf174697ed99715f342e76641181a.jpeg" fanart="https://wallpapercave.com/wp/wp7762273.jpg">ActivateWindow(videos,&quot;plugin://plugin.video.twoaddons/?url=https%3A%2F%2Fgist.githubusercontent.com%2Fspin4%2F37c694b28f39a2470f0ccbb1e875d700%2Fraw%2F6a0e8b8d36cc8607130a30504255eaf823221f8a%2F0000&amp;mode=1&amp;name=%5BB%5D%5BCOLOR+blue%5D%E2%97%8F%E2%89%A1+%5B%2FCOLOR%5D+%5BCOLOR+white%5D+SERVIDOR+13+%7C+%5BCOLOR+red%5D+spina%5B%2FCOLOR%5D%5BCOLOR+orange%5Dbr%5B%2FCOLOR%5D%5B%2FB%5D&amp;fanart=http%3A%2F%2Froger1964.antaeus.feralhosting.com%2FMedia%2FPainel%2Fneotvfanart.jpg&quot;,return)</favourite>
	<favourite name="04 ●≡ CDN RTYHD |  f4mTester" thumb="https://ask.qcloudimg.com/http-save/yehe-9026516/4f1bf174697ed99715f342e76641181a.jpeg" fanart="https://wallpapercave.com/wp/wp7762273.jpg">ActivateWindow(videos,&quot;plugin://plugin.video.twoaddons/?url=https%3A%2F%2Fgist.githubusercontent.com%2Fspin4%2F37c694b28f39a2470f0ccbb1e875d700%2Fraw%2F460a9014541579f98c210e369484d8b3586612ab%2F0000&amp;mode=1&amp;name=%5BB%5D%5BCOLOR+blue%5D%E2%97%8F%E2%89%A1+%5B%2FCOLOR%5D+%5BCOLOR+white%5D+SERVIDOR+13+%7C+%5BCOLOR+red%5D+spina%5B%2FCOLOR%5D%5BCOLOR+orange%5Dbr%5B%2FCOLOR%5D%5B%2FB%5D&amp;fanart=http%3A%2F%2Froger1964.antaeus.feralhosting.com%2FMedia%2FPainel%2Fneotvfanart.jpg&quot;,return)</favourite>
	<favourite name="05 ●≡ CDN RTYH  |  f4mTester" thumb="https://ask.qcloudimg.com/http-save/yehe-9026516/4f1bf174697ed99715f342e76641181a.jpeg" fanart="https://wallpapercave.com/wp/wp7762273.jpg">ActivateWindow(videos,&quot;plugin://plugin.video.twoaddons/?url=https%3A%2F%2Fgist.githubusercontent.com%2Fspin4%2F37c694b28f39a2470f0ccbb1e875d700%2Fraw%2F1ea3cced55115b5887f519f85382ad8c969f04f1%2F0000&amp;mode=1&amp;name=%5BB%5D%5BCOLOR+blue%5D%E2%97%8F%E2%89%A1+%5B%2FCOLOR%5D+%5BCOLOR+white%5D+SERVIDOR+13+%7C+%5BCOLOR+red%5D+spina%5B%2FCOLOR%5D%5BCOLOR+orange%5Dbr%5B%2FCOLOR%5D%5B%2FB%5D&amp;fanart=http%3A%2F%2Froger1964.antaeus.feralhosting.com%2FMedia%2FPainel%2Fneotvfanart.jpg&quot;,return)</favourite>
	
	
	
</favourites>

*01- http://cdn.rtyh.xyz:80/get.php?username=renata2607&password=renata260720&type=m3u_plus&output=ts
https://gist.githubusercontent.com/spinabr/96464a5491c100aae23671102e7dbd30/raw/9ad8ec05442de6c7910e97f88de8f9c62a76b177/gistfile2.txt
*02- http://cdn.rtyh.xyz:80/get.php?username=awlaves4br&password=31240325&type=m3u&output=ts	Active	18/03/2022 15:07:32	28/06/2023 00:20:58	0	0	3	"m3u8","ts"	
https://gist.githubusercontent.com/spin4/37c694b28f39a2470f0ccbb1e875d700/raw/87597c2ded8b20c7971f01778a07bbb013f5089a/0000
*03- http://tv.rtyh.xyz/get.php?username=joaoluis&password=drgsevc&type=m3u&output=ts	Active	12/10/2022 14:57:11	15/06/2023 18:34:45	0	0	2	"m3u8","ts"	
https://gist.githubusercontent.com/spin4/37c694b28f39a2470f0ccbb1e875d700/raw/6a0e8b8d36cc8607130a30504255eaf823221f8a/0000
*04- http://cdn.rtyh.xyz:80/get.php?username=everaldo.tx&password=o0OvrTR&type=m3u&output=ts	Active	10/07/2020 00:07:26	20/06/2023 22:54:53	0	0	2	"m3u8","ts","rtmp"	
https://gist.githubusercontent.com/spin4/37c694b28f39a2470f0ccbb1e875d700/raw/460a9014541579f98c210e369484d8b3586612ab/0000
*05- http://cdn.rtyh.xyz:80/get.php?username=celsomaia&password=maiacelso999&type=m3u&output=ts	Active	25/07/2020 15:42:56	07/06/2023 23:26:48	0	0	2	"m3u8","ts","rtmp"	
https://gist.githubusercontent.com/spin4/37c694b28f39a2470f0ccbb1e875d700/raw/1ea3cced55115b5887f519f85382ad8c969f04f1/0000

http://cdn.rtyh.xyz:80/get.php?username=renata2607&password=renata260720&type=m3u&output=ts	Active	26/07/2020 20:14:15	29/05/2023 23:30:37	0	0	3	"m3u8","ts","rtmp"	
http://cdn.rtyh.xyz:80/get.php?username=awlaves4br&password=31240325&type=m3u&output=ts	Active	18/03/2022 15:07:32	28/06/2023 00:20:58	0	0	3	"m3u8","ts"	
http://tv.rtyh.xyz/get.php?username=joaoluis&password=drgsevc&type=m3u&output=ts	Active	12/10/2022 14:57:11	15/06/2023 18:34:45	0	0	2	"m3u8","ts"	
http://cdn.rtyh.xyz:80/get.php?username=everaldo.tx&password=o0OvrTR&type=m3u&output=ts	Active	10/07/2020 00:07:26	20/06/2023 22:54:53	0	0	2	"m3u8","ts","rtmp"	
http://cdn.rtyh.xyz:80/get.php?username=celsomaia&password=maiacelso999&type=m3u&output=ts	Active	25/07/2020 15:42:56	07/06/2023 23:26:48	0	0	2	"m3u8","ts","rtmp"	
http://tv.rtyh.xyz/get.php?username=hxd56jhb&password=7gu0abab&type=m3u&output=ts	Active	05/12/2021 23:31:19	14/06/2023 13:24:40	0	1	2	"m3u8","ts"	
http://cdn.rtyh.xyz:80/get.php?username=joaoluis&password=drgsevc&type=m3u&output=ts	Active	12/10/2022 14:57:11	15/06/2023 18:34:45	0	0	2	"m3u8","ts"	
http://cdn.rtyh.xyz:80/get.php?username=Ewerton8539&password=Ebpbp539&type=m3u&output=ts	Active	18/03/2021 22:51:13	25/06/2023 14:52:22	0	0	2	"m3u8","ts","rtmp"	
http://cdn.rtyh.xyz:80/get.php?username=hxd56jhb&password=7gu0abab&type=m3u&output=ts	Active	05/12/2021 23:31:19	14/06/2023 13:24:40	0	1	2	"m3u8","ts"	
http://tv.rtyh.xyz/get.php?username=3mceif7b&password=c5pxsgbp&type=m3u&output=ts	Active	27/04/2021 16:12:53	07/06/2023 00:16:39	0	0	1	"m3u8","ts","rtmp"	
http://tv.rtyh.xyz/get.php?username=3romario345&password=7van789&type=m3u&output=ts	Active	07/02/2022 21:01:55	10/06/2023 23:05:17	0	0	1	"m3u8","ts"	
http://tv.rtyh.xyz/get.php?username=1jjnqhxu&password=5s377avh&type=m3u&output=ts	Active	25/01/2022 23:05:36	27/05/2023 21:32:26	0	0	1	"m3u8","ts"	
http://tv.rtyh.xyz/get.php?username=2walisson234&password=7silva789&type=m3u&output=ts	Active	11/08/2021 16:10:37	27/06/2023 00:59:16	0	0	1	"m3u8","ts","rtmp"	
http://tv.rtyh.xyz/get.php?username=28Eva2Ro&password=hndkn8f9&type=m3u&output=ts	Active	01/05/2023 22:28:07	01/06/2023 22:28:07	0	0	1	"m3u8","ts"	
http://tv.rtyh.xyz/get.php?username=4fernando456&password=7silva789&type=m3u&output=ts	Active	31/03/2022 14:58:23	03/06/2023 11:36:32	0	0	1	"m3u8","ts"	
http://tv.rtyh.xyz/get.php?username=4yvkm2a8&password=qg836kde&type=m3u&output=ts	Active	20/01/2021 15:42:17	24/06/2023 21:04:00	0	0	1	"m3u8","ts","rtmp"	
http://tv.rtyh.xyz/get.php?username=544dr4&password=544dr41&type=m3u&output=ts	Active	12/07/2020 20:29:58	19/06/2023 17:10:11	0	1	1	"m3u8","ts","rtmp"	
http://tv.rtyh.xyz/get.php?username=596293638&password=692973936&type=m3u&output=ts	Active	04/02/2021 16:49:43	26/06/2023 23:23:01	0	0	1	"m3u8","ts","rtmp"	
http://tv.rtyh.xyz/get.php?username=5d8cal5t&password=ej7m4jso&type=m3u&output=ts	Active	03/05/2022 19:19:47	12/06/2023 21:05:40	0	1	1	"m3u8","ts"	
http://tv.rtyh.xyz/get.php?username=65tfa7c7&password=bklgmehe&type=m3u&output=ts	Active	09/07/2022 18:46:07	19/06/2023 22:09:56	0	0	1	"m3u8","ts"	
http://tv.rtyh.xyz/get.php?username=6antonio678&password=2silva234&type=m3u&output=ts	Active	09/05/2022 19:51:06	10/06/2023 00:20:28	0	0	1	"m3u8","ts"	
http://tv.rtyh.xyz/get.php?username=682037619&password=629937381&type=m3u&output=ts	Active	12/11/2021 00:01:59	01/06/2023 12:53:47	0	0	1	"m3u8","ts"	
http://tv.rtyh.xyz/get.php?username=80Clau&password=14Sueli&type=m3u&output=ts	Active	26/03/2022 01:28:02	26/06/2023 12:59:26	0	0	1	"m3u8","ts"	
http://tv.rtyh.xyz/get.php?username=6uph5aqm&password=pmzkn07r&type=m3u&output=ts	Active	23/05/2022 13:21:39	27/06/2023 16:32:14	0	0	1	"m3u8","ts"	
http://tv.rtyh.xyz/get.php?username=8z3wmrd1&password=4x2vdcr6&type=m3u&output=ts	Active	23/01/2022 20:07:59	23/06/2023 14:07:15	0	0	1	"m3u8","ts"	
http://tv.rtyh.xyz/get.php?username=836262282&password=i7318268&type=m3u&output=ts	Active	21/06/2022 13:21:37	23/06/2023 13:22:36	0	1	1	"m3u8","ts"	
http://tv.rtyh.xyz/get.php?username=92628252&password=gtv638252&type=m3u&output=ts	Active	22/01/2022 14:36:00	01/06/2023 19:28:42	0	1	1	"m3u8","ts"	
http://tv.rtyh.xyz/get.php?username=927262822&password=i736282&type=m3u&output=ts	Active	31/12/2021 18:23:36	11/06/2023 14:02:17	0	1	1	"m3u8","ts"	
http://tv.rtyh.xyz/get.php?username=9h6gic99&password=1rashxgp&type=m3u&output=ts	Active	21/08/2021 16:07:35	21/06/2023 21:20:58	0	0	1	"m3u8","ts","rtmp"	
http://tv.rtyh.xyz/get.php?username=Adilson1&password=Iptv2021&type=m3u&output=ts	Active	25/11/2021 18:17:44	03/06/2023 20:58:21	0	0	1	"m3u8","ts"	
http://tv.rtyh.xyz/get.php?username=Albertogon&password=6hj87du5&type=m3u&output=ts	Active	23/09/2021 21:52:12	28/05/2023 11:57:17	0	1	1	"m3u8","ts","rtmp"	
http://tv.rtyh.xyz/get.php?username=AlexhxW4x&password=zA9a9A&type=m3u&output=ts	Active	06/12/2021 22:38:21	13/06/2023 18:15:11	0	0	1	"m3u8","ts"	
http://tv.rtyh.xyz/get.php?username=Andersonfranc&password=3htlm59xh2ks&type=m3u&output=ts	Active	17/08/2021 17:54:07	15/06/2023 20:03:03	0	0	1	"m3u8","ts","rtmp"	
http://tv.rtyh.xyz/get.php?username=Antonio01&password=Marcia01&type=m3u&output=ts	Active	02/09/2021 20:16:14	02/06/2023 22:55:51	0	0	1	"m3u8","ts","rtmp"	
http://tv.rtyh.xyz/get.php?username=Anto123nio&password=Anto456nio&type=m3u&output=ts	Active	02/09/2021 20:20:41	02/06/2023 22:56:02	0	0	1	"m3u8","ts","rtmp"	
http://tv.rtyh.xyz/get.php?username=BiancaBF&password=BiancaJu&type=m3u&output=ts	Active	13/03/2022 22:27:19	19/06/2023 18:38:44	0	1	1	"m3u8","ts"	
http://tv.rtyh.xyz/get.php?username=Bigbrother&password=91759311&type=m3u&output=ts	Active	08/01/2021 00:29:07	23/06/2023 21:25:25	0	0	1	"m3u8","ts","rtmp"	
http://tv.rtyh.xyz/get.php?username=Bruno0146&password=65370146&type=m3u&output=ts	Active	01/10/2020 01:04:43	22/06/2023 20:14:54	0	0	1	"m3u8","ts","rtmp"	
http://tv.rtyh.xyz/get.php?username=Brunocris1&password=Iptv2021&type=m3u&output=ts	Active	25/11/2021 18:48:43	04/06/2023 06:04:40	0	0	1	"m3u8","ts"	
http://tv.rtyh.xyz/get.php?username=Buguinho23&password=127861&type=m3u&output=ts	Active	04/02/2021 23:00:01	14/06/2023 20:54:05	0	0	1	"m3u8","ts","rtmp"	
http://tv.rtyh.xyz/get.php?username=CarlosMoraesPT&password=931047084&type=m3u&output=ts	Active	02/06/2021 10:23:28	03/07/2023 16:20:12	0	0	1	"m3u8","ts","rtmp"	
http://tv.rtyh.xyz/get.php?username=Diogo25&password=10rwc65j&type=m3u&output=ts	Active	28/07/2020 18:02:03	07/06/2023 17:26:17	0	2	1	"m3u8","ts","rtmp"	
http://tv.rtyh.xyz/get.php?username=Edson2&password=Iptv2022&type=m3u&output=ts	Active	02/04/2022 18:21:08	05/06/2023 18:59:40	0	1	1	"m3u8","ts"	
http://tv.rtyh.xyz/get.php?username=Eduardo2021TV&password=infoboxjf&type=m3u&output=ts	Active	05/07/2021 16:06:32	14/06/2023 22:36:58	0	0	1	"m3u8","ts","rtmp"	
http://tv.rtyh.xyz/get.php?username=Eduardo07&password=Eduardo007&type=m3u&output=ts	Active	05/03/2022 20:03:59	06/06/2023 13:19:36	0	0	1	"m3u8","ts"	
http://tv.rtyh.xyz/get.php?username=Erlandia&password=4baawm1d&type=m3u&output=ts	Active	30/07/2020 20:19:13	06/06/2023 17:11:32	0	0	1	"m3u8","ts","rtmp"	
http://tv.rtyh.xyz/get.php?username=Fredkim&password=K9gd4bxk2z5&type=m3u&output=ts	Active	03/11/2021 18:43:06	08/06/2023 10:14:43	0	0	1	"m3u8","ts"	
http://tv.rtyh.xyz/get.php?username=GeorgiaTarikian&password=Gt19994723774&type=m3u&output=ts	Active	27/05/2023 15:37:32	27/05/2023 19:37:32	1	0	1	"m3u8","ts"	
http://tv.rtyh.xyz/get.php?username=Isaacvirgilio&password=pan192220&type=m3u&output=ts	Active	25/07/2020 18:47:14	28/06/2023 22:47:00	0	0	1	"m3u8","ts","rtmp"	
http://tv.rtyh.xyz/get.php?username=Jane002&password=@17283940&type=m3u&output=ts	Active	18/11/2021 00:56:13	30/05/2023 22:39:48	0	0	1	"m3u8","ts"	
http://tv.rtyh.xyz/get.php?username=Japa01&password=@japa2021&type=m3u&output=ts	Active	15/05/2021 23:16:23	26/06/2023 19:08:03	0	0	1	"m3u8","ts","rtmp"	
http://tv.rtyh.xyz/get.php?username=Luciana123&password=Gf54321&type=m3u&output=ts	Active	17/07/2021 14:08:05	10/06/2023 10:54:25	0	0	1	"m3u8","ts","rtmp"	
http://tv.rtyh.xyz/get.php?username=MarcioJF&password=M1A2R3C4&type=m3u&output=ts	Active	28/07/2021 14:09:03	01/06/2023 18:55:10	0	1	1	"m3u8","ts","rtmp"	
http://tv.rtyh.xyz/get.php?username=Ericapys&password=03071983Aba&type=m3u&output=ts	Active	06/11/2022 15:22:40	06/07/2023 19:22:40	0	0	1	"m3u8","ts"	
http://tv.rtyh.xyz/get.php?username=RBjorgeRJ&password=RB1410rb&type=m3u&output=ts	Active	07/08/2021 12:23:20	06/07/2023 12:17:10	0	0	1	"m3u8","ts","rtmp"	
http://tv.rtyh.xyz/get.php?username=Romulo&password=dqbjxts3&type=m3u&output=ts	Active	17/06/2021 18:26:37	24/06/2023 21:41:23	0	1	1	"m3u8","ts","rtmp"	
http://tv.rtyh.xyz/get.php?username=Zeprimo&password=Iptv2021&type=m3u&output=ts	Active	28/11/2021 14:40:46	26/06/2023 22:55:45	0	0	1	"m3u8","ts"	
http://tv.rtyh.xyz/get.php?username=admilsoncachoeirinha10&password=1075421a&type=m3u&output=ts	Active	06/07/2021 20:54:52	11/06/2023 02:42:19	0	0	1	"m3u8","ts","rtmp"	
http://tv.rtyh.xyz/get.php?username=amarildoevaristo&password=J829248&type=m3u&output=ts	Active	08/11/2021 14:52:43	22/06/2023 20:08:00	0	0	1	"m3u8","ts"	
http://tv.rtyh.xyz/get.php?username=iceqj12d&password=u938qpfm&type=m3u&output=ts	Active	02/07/2021 22:37:03	04/06/2023 17:47:28	0	1	1	"m3u8","ts","rtmp"	
http://tv.rtyh.xyz/get.php?username=humbertof&password=bebetof12&type=m3u&output=ts	Active	06/11/2021 14:15:01	01/06/2023 16:19:21	0	0	1	"m3u8","ts"	
http://tv.rtyh.xyz/get.php?username=jdt8m6f0&password=01rdypvo&type=m3u&output=ts	Active	02/02/2021 17:56:58	10/06/2023 20:59:25	0	1	1	"m3u8","ts","rtmp"	
http://tv.rtyh.xyz/get.php?username=marcellevianna&password=marcellevianna10&type=m3u&output=ts	Active	30/06/2020 15:05:50	11/06/2023 16:32:15	0	0	1	"m3u8","ts","rtmp"	
http://tv.rtyh.xyz/get.php?username=luizpaulose&password=190921lu&type=m3u&output=ts	Active	14/11/2022 16:31:08	27/06/2023 02:12:59	0	0	1	"m3u8","ts"	
http://tv.rtyh.xyz/get.php?username=matheus28&password=ma400800&type=m3u&output=ts	Active	03/03/2022 18:40:33	06/06/2023 14:47:02	0	0	1	"m3u8","ts"	
http://cdn.rtyh.xyz:80/get.php?username=JesielSilva&password=qfe9uo0s&type=m3u&output=ts	Active	09/11/2021 23:27:50	10/06/2023 20:20:28	0	0	1	"m3u8","ts"	
http://tv.rtyh.xyz/get.php?username=alyssonrosa&password=iptv2021&type=m3u&output=ts	Active	04/08/2021 00:22:34	09/06/2023 20:28:48	0	0	1	"m3u8","ts","rtmp"	
http://tv.rtyh.xyz/get.php?username=rosa.araujo&password=ra61569518&type=m3u&output=ts	Active	12/02/2021 01:13:15	25/06/2023 16:32:00	0	0	1	"m3u8","ts","rtmp"	
http://tv.rtyh.xyz/get.php?username=sheilaip031&password=9fxafmoa&type=m3u&output=ts	Active	09/09/2021 20:56:41	10/06/2023 17:36:00	0	0	1	"m3u8","ts","rtmp"	
http://tv.rtyh.xyz/get.php?username=vagno7612&password=35645446&type=m3u&output=ts	Active	27/07/2021 15:45:45	16/06/2023 15:20:17	0	0	1	"m3u8","ts","rtmp"	
http://tv.rtyh.xyz/get.php?username=vantuil&password=i1p2t3v4&type=m3u&output=ts	Active	17/07/2021 14:00:04	24/08/2023 20:14:48	0	0	1	"m3u8","ts","rtmp"	
http://cdn.rtyh.xyz:80/get.php?username=01514110032&password=1020Abc&type=m3u&output=ts	Active	26/12/2020 20:33:26	20/06/2023 00:31:10	0	1	1	"m3u8","ts","rtmp"	
http://cdn.rtyh.xyz:80/get.php?username=10983910&password=10938892&type=m3u&output=ts	Active	13/12/2021 23:29:22	27/05/2023 22:57:24	0	0	1	"m3u8","ts"	
http://cdn.rtyh.xyz:80/get.php?username=1198908julia&password=juliabrtv41&type=m3u&output=ts	Active	08/04/2022 01:01:09	08/06/2023 01:01:09	0	2	1	"m3u8","ts"	
http://cdn.rtyh.xyz:80/get.php?username=1jjnqhxu&password=5s377avh&type=m3u&output=ts	Active	25/01/2022 23:05:36	27/05/2023 21:32:26	0	0	1	"m3u8","ts"	
http://cdn.rtyh.xyz:80/get.php?username=212vivi&password=720204&type=m3u&output=ts	Active	08/02/2021 22:57:53	21/06/2023 18:12:38	0	0	1	"m3u8","ts","rtmp"	
http://cdn.rtyh.xyz:80/get.php?username=28Eva2Ro&password=hndkn8f9&type=m3u&output=ts	Active	01/05/2023 22:28:07	01/06/2023 22:28:07	0	0	1	"m3u8","ts"	
http://cdn.rtyh.xyz:80/get.php?username=28hernani&password=38921228&type=m3u&output=ts	Active	28/07/2021 20:49:47	02/10/2023 16:45:02	0	1	1	"m3u8","ts","rtmp"	
http://cdn.rtyh.xyz:80/get.php?username=2z7bxl8o&password=qexhk115&type=m3u&output=ts	Active	31/07/2021 19:31:12	02/06/2023 19:28:08	0	0	1	"m3u8","ts","rtmp"	
http://cdn.rtyh.xyz:80/get.php?username=31546513&password=00121231&type=m3u&output=ts	Active	08/12/2021 17:48:11	15/06/2023 12:09:47	0	0	1	"m3u8","ts"	
http://cdn.rtyh.xyz:80/get.php?username=3mceif7b&password=c5pxsgbp&type=m3u&output=ts	Active	07/02/2022 21:01:55	10/06/2023 23:05:17	0	0	1	"m3u8","ts","rtmp"	
http://cdn.rtyh.xyz:80/get.php?username=3romario345&password=7van789&type=m3u&output=ts	Active	07/02/2022 21:01:55	10/06/2023 23:05:17	0	0	1	"m3u8","ts"	
http://cdn.rtyh.xyz:80/get.php?username=43991213590&password=elias2708&type=m3u&output=ts	Active	27/08/2020 16:55:32	03/09/2023 17:22:51	0	1	1	"m3u8","ts","rtmp"	
http://cdn.rtyh.xyz:80/get.php?username=4fernando456&password=7silva789&type=m3u&output=ts	Active	31/03/2022 14:58:23	03/06/2023 11:36:32	0	0	1	"m3u8","ts"	
http://cdn.rtyh.xyz:80/get.php?username=4yvkm2a8&password=qg836kde&type=m3u&output=ts	Active	20/01/2021 15:42:17	24/06/2023 21:04:00	0	0	1	"m3u8","ts","rtmp"	
http://cdn.rtyh.xyz:80/get.php?username=4m5n3iuy&password=t9lx0jq6&type=m3u&output=ts	Active	15/03/2022 22:41:07	19/06/2023 11:41:03	0	0	1	"m3u8","ts"	
http://cdn.rtyh.xyz:80/get.php?username=544dr4&password=544dr41&type=m3u&output=ts	Active	12/07/2020 20:29:58	19/06/2023 17:10:11	0	1	1	"m3u8","ts","rtmp"	
http://cdn.rtyh.xyz:80/get.php?username=518286383&password=86282873&type=m3u&output=ts	Active	07/01/2021 01:44:50	11/06/2023 18:29:27	0	1	1	"m3u8","ts","rtmp"	
http://cdn.rtyh.xyz:80/get.php?username=5491787399u&password=5491787399s&type=m3u&output=ts	Active	23/12/2020 23:27:55	17/06/2023 00:05:12	0	0	1	"m3u8","ts","rtmp"	
http://cdn.rtyh.xyz:80/get.php?username=596293638&password=692973936&type=m3u&output=ts	Active	04/02/2021 16:49:43	26/06/2023 23:23:01	0	0	1	"m3u8","ts","rtmp"	
http://cdn.rtyh.xyz:80/get.php?username=5d8cal5t&password=ej7m4jso&type=m3u&output=ts	Active	03/05/2022 19:19:47	12/06/2023 21:05:40	0	1	1	"m3u8","ts"	
http://cdn.rtyh.xyz:80/get.php?username=65tfa7c7&password=bklgmehe&type=m3u&output=ts	Active	09/07/2022 18:46:07	19/06/2023 22:09:56	0	0	1	"m3u8","ts"	
http://cdn.rtyh.xyz:80/get.php?username=682037619&password=629937381&type=m3u&output=ts	Active	12/11/2021 00:01:59	01/06/2023 12:53:47	0	0	1	"m3u8","ts"	
http://cdn.rtyh.xyz:80/get.php?username=6antonio678&password=2silva234&type=m3u&output=ts	Active	09/05/2022 19:51:06	10/06/2023 00:20:28	0	0	1	"m3u8","ts"	
http://cdn.rtyh.xyz:80/get.php?username=6uph5aqm&password=pmzkn07r&type=m3u&output=ts	Active	23/05/2022 13:21:39	27/06/2023 16:32:14	0	0	1	"m3u8","ts"	
http://cdn.rtyh.xyz:80/get.php?username=766845&password=632995h&type=m3u&output=ts	Active	23/01/2021 22:04:54	09/06/2023 00:54:19	0	1	1	"m3u8","ts","rtmp"	
http://cdn.rtyh.xyz:80/get.php?username=80Clau&password=14Sueli&type=m3u&output=ts	Active	26/03/2022 01:28:02	26/06/2023 12:59:26	0	0	1	"m3u8","ts"	
http://cdn.rtyh.xyz:80/get.php?username=92628252&password=gtv638252&type=m3u&output=ts	Active	22/01/2022 14:36:00	01/06/2023 19:28:42	0	1	1	"m3u8","ts"	
http://cdn.rtyh.xyz:80/get.php?username=8z3wmrd1&password=4x2vdcr6&type=m3u&output=ts	Active	23/01/2022 20:07:59	23/06/2023 14:07:15	0	0	1	"m3u8","ts"	
http://cdn.rtyh.xyz:80/get.php?username=836262282&password=i7318268&type=m3u&output=ts	Active	21/06/2022 13:21:37	23/06/2023 13:22:36	0	1	1	"m3u8","ts"	
http://cdn.rtyh.xyz:80/get.php?username=927262822&password=i736282&type=m3u&output=ts	Active	31/12/2021 18:23:36	11/06/2023 14:02:17	0	1	1	"m3u8","ts"	
http://cdn.rtyh.xyz:80/get.php?username=9h6gic99&password=1rashxgp&type=m3u&output=ts	Active	21/08/2021 16:07:35	21/06/2023 21:20:58	0	0	1	"m3u8","ts","rtmp"	
http://cdn.rtyh.xyz:80/get.php?username=Adilson1&password=Iptv2021&type=m3u&output=ts	Active	25/11/2021 18:17:44	03/06/2023 20:58:21	0	0	1	"m3u8","ts"	
http://cdn.rtyh.xyz:80/get.php?username=Albertogon&password=6hj87du5&type=m3u&output=ts	Active	23/09/2021 21:52:12	28/05/2023 11:57:17	0	1	1	"m3u8","ts","rtmp"	
http://cdn.rtyh.xyz:80/get.php?username=AlexhxW4x&password=zA9a9A&type=m3u&output=ts	Active	06/12/2021 22:38:21	13/06/2023 18:15:11	0	0	1	"m3u8","ts"	
http://cdn.rtyh.xyz:80/get.php?username=AlinedeMoraesReno&password=Amr1394&type=m3u&output=ts	Active	05/11/2020 12:39:16	09/06/2023 15:09:00	0	0	1	"m3u8","ts","rtmp"	
http://cdn.rtyh.xyz:80/get.php?username=AnaCandidaJF&password=A1n2a3C4a5&type=m3u&output=ts	Active	11/01/2021 17:00:05	14/06/2023 23:33:28	0	0	1	"m3u8","ts","rtmp"	
http://cdn.rtyh.xyz:80/get.php?username=Andersonfranc&password=3htlm59xh2ks&type=m3u&output=ts	Active	17/08/2021 17:54:07	15/06/2023 20:03:03	0	0	1	"m3u8","ts","rtmp"	
http://cdn.rtyh.xyz:80/get.php?username=Artemio&password=91759311&type=m3u&output=ts	Active	02/09/2021 20:16:14	02/06/2023 22:55:51	0	1	1	"m3u8","ts","rtmp"	
http://cdn.rtyh.xyz:80/get.php?username=Antonio01&password=Marcia01&type=m3u&output=ts	Active	02/09/2021 20:16:14	02/06/2023 22:55:51	0	0	1	"m3u8","ts","rtmp"	
http://cdn.rtyh.xyz:80/get.php?username=Anto123nio&password=Anto456nio&type=m3u&output=ts	Active	02/09/2021 20:20:41	02/06/2023 22:56:02	0	0	1	"m3u8","ts","rtmp"	
http://cdn.rtyh.xyz:80/get.php?username=BiancaBF&password=BiancaJu&type=m3u&output=ts	Active	13/03/2022 22:27:19	19/06/2023 18:38:44	0	1	1	"m3u8","ts"	
http://cdn.rtyh.xyz:80/get.php?username=Bigbrother&password=91759311&type=m3u&output=ts	Active	08/01/2021 00:29:07	23/06/2023 21:25:25	0	0	1	"m3u8","ts","rtmp"	
http://cdn.rtyh.xyz:80/get.php?username=Bruno0146&password=65370146&type=m3u&output=ts	Active	01/10/2020 01:04:43	22/06/2023 20:14:54	0	0	1	"m3u8","ts","rtmp"	
http://cdn.rtyh.xyz:80/get.php?username=Brunocris1&password=Iptv2021&type=m3u&output=ts	Active	25/11/2021 18:48:43	04/06/2023 06:04:40	0	0	1	"m3u8","ts"	
http://cdn.rtyh.xyz:80/get.php?username=Buguinho23&password=127861&type=m3u&output=ts	Active	04/02/2021 23:00:01	14/06/2023 20:54:05	0	0	1	"m3u8","ts","rtmp"	
http://cdn.rtyh.xyz:80/get.php?username=CAROLINAROMERO&password=17981627204&type=m3u&output=ts	Active	10/04/2023 21:26:35	16/06/2023 17:20:19	0	0	1	"m3u8","ts"	
http://cdn.rtyh.xyz:80/get.php?username=CarlosMoraesPT&password=931047084&type=m3u&output=ts	Active	02/06/2021 10:23:28	03/07/2023 16:20:12	0	0	1	"m3u8","ts","rtmp"	
http://cdn.rtyh.xyz:80/get.php?username=Daividtv&password=g2dvvgk2&type=m3u&output=ts	Active	03/04/2021 17:33:27	22/06/2023 17:01:46	0	0	1	"m3u8","ts","rtmp"	
http://cdn.rtyh.xyz:80/get.php?username=Diogo25&password=10rwc65j&type=m3u&output=ts	Active	28/07/2020 18:02:03	07/06/2023 17:26:17	0	2	1	"m3u8","ts","rtmp"	
http://cdn.rtyh.xyz:80/get.php?username=Davi01&password=030113&type=m3u&output=ts	Active	08/01/2021 21:04:22	02/06/2023 22:48:39	0	0	1	"m3u8","ts","rtmp"	
http://cdn.rtyh.xyz:80/get.php?username=Edson2&password=Iptv2022&type=m3u&output=ts	Active	02/04/2022 18:21:08	05/06/2023 18:59:40	0	1	1	"m3u8","ts"	
http://cdn.rtyh.xyz:80/get.php?username=Eduardo2021TV&password=infoboxjf&type=m3u&output=ts	Active	05/07/2021 16:06:32	14/06/2023 22:36:58	0	0	1	"m3u8","ts","rtmp"	
http://cdn.rtyh.xyz:80/get.php?username=Eduardo07&password=Eduardo007&type=m3u&output=ts	Active	05/03/2022 20:03:59	06/06/2023 13:19:36	0	0	1	"m3u8","ts"	
http://cdn.rtyh.xyz:80/get.php?username=Ericapys&password=03071983Aba&type=m3u&output=ts	Active	06/11/2022 15:22:40	06/07/2023 19:22:40	0	0	1	"m3u8","ts"	
http://cdn.rtyh.xyz:80/get.php?username=Erlandia&password=4baawm1d&type=m3u&output=ts	Active	30/07/2020 20:19:13	06/06/2023 17:11:32	0	0	1	"m3u8","ts","rtmp"	
http://cdn.rtyh.xyz:80/get.php?username=Lu01Wen&password=06lui01Wen&type=m3u&output=ts	Active	16/04/2023 21:27:51	16/06/2023 21:27:51	0	1	1	"m3u8","ts"	
http://cdn.rtyh.xyz:80/get.php?username=Fredkim&password=K9gd4bxk2z5&type=m3u&output=ts	Active	03/11/2021 18:43:06	08/06/2023 10:14:43	0	0	1	"m3u8","ts"	
http://cdn.rtyh.xyz:80/get.php?username=GeorgiaTarikian&password=Gt19994723774&type=m3u&output=ts	Active	27/05/2023 15:37:32	27/05/2023 19:37:32	1	0	1	"m3u8","ts"	
http://tv.rtyh.xyz/get.php?username=ronaltzxcv&password=awszxc73&type=m3u&output=ts	Active	23/11/2022 23:14:18	05/06/2023 15:55:14	0	1	1	"m3u8","ts"	
http://tv.rtyh.xyz/get.php?username=rafael1410&password=14rafae10&type=m3u&output=ts	Active	14/10/2020 04:02:10	22/06/2023 03:37:04	0	0	1	"m3u8","ts","rtmp"	
http://tv.rtyh.xyz/get.php?username=welingtonmoreira48&password=gbrp5083&type=m3u&output=ts	Active	14/05/2021 15:00:08	15/06/2023 20:23:13	0	1	1	"m3u8","ts","rtmp"	
http://cdn.rtyh.xyz:80/get.php?username=gustavosp20&password=gustavo6222&type=m3u&output=ts	Active	01/04/2023 23:04:23	01/06/2023 23:04:23	0	0	1	"m3u8","ts"	
http://cdn.rtyh.xyz:80/get.php?username=Joao29&password=684984j&type=m3u&output=ts	Active	06/11/2020 15:45:05	15/06/2023 19:44:08	0	1	1	"m3u8","ts","rtmp"	
http://cdn.rtyh.xyz:80/get.php?username=Luciana123&password=Gf54321&type=m3u&output=ts	Active	17/07/2021 14:08:05	10/06/2023 10:54:25	0	0	1	"m3u8","ts","rtmp"	
http://cdn.rtyh.xyz:80/get.php?username=Luizfernando&password=Uhjg56tfr87&type=m3u&output=ts	Active	02/12/2020 14:49:59	07/06/2023 19:34:57	0	0	1	"m3u8","ts","rtmp"	
http://cdn.rtyh.xyz:80/get.php?username=zoi284&password=z719350&type=m3u&output=ts	Active	06/01/2021 21:51:57	19/06/2023 20:53:23	0	1	1	"m3u8","ts","rtmp"	
http://cdn.rtyh.xyz:80/get.php?username=Mario640k&password=77042kg2&type=m3u&output=ts	Active	12/03/2023 20:15:33	13/06/2023 00:37:22	0	0	1	"m3u8","ts"	
http://cdn.rtyh.xyz:80/get.php?username=MarcioJF&password=M1A2R3C4&type=m3u&output=ts	Active	28/07/2021 14:09:03	01/06/2023 18:55:10	0	1	1	"m3u8","ts","rtmp"	
http://cdn.rtyh.xyz:80/get.php?username=Marisa4739&password=17997354935x&type=m3u&output=ts	Active	11/09/2022 20:28:25	24/06/2023 21:48:45	0	1	1	"m3u8","ts"	
http://cdn.rtyh.xyz:80/get.php?username=MatheusOXFRD&password=447496547010Matheus&type=m3u&output=ts	Active	27/05/2022 20:33:41	14/06/2023 20:14:22	0	0	1	"m3u8","ts"	
http://cdn.rtyh.xyz:80/get.php?username=RBjorgeRJ&password=RB1410rb&type=m3u&output=ts	Active	07/08/2021 12:23:20	06/07/2023 12:17:10	0	0	1	"m3u8","ts","rtmp"	
http://cdn.rtyh.xyz:80/get.php?username=Raniel875&password=Leinar578&type=m3u&output=ts	Active	18/02/2021 13:40:20	07/06/2023 16:10:29	0	0	1	"m3u8","ts","rtmp"	
http://cdn.rtyh.xyz:80/get.php?username=Romulo&password=dqbjxts3&type=m3u&output=ts	Active	17/06/2021 18:26:37	24/06/2023 21:41:23	0	1	1	"m3u8","ts","rtmp"	
http://cdn.rtyh.xyz:80/get.php?username=SAYURISP&password=991297565sa&type=m3u&output=ts	Active	26/12/2020 15:30:12	02/06/2023 22:40:35	0	0	1	"m3u8","ts","rtmp"	
http://cdn.rtyh.xyz:80/get.php?username=Terra01asd&password=03071983asd&type=m3u&output=ts	Active	06/11/2022 15:20:00	06/07/2023 19:20:00	0	1	1	"m3u8","ts"	
http://cdn.rtyh.xyz:80/get.php?username=admilsoncachoeirinha10&password=1075421a&type=m3u&output=ts	Active	06/07/2021 20:54:52	11/06/2023 02:42:19	0	0	1	"m3u8","ts","rtmp"	
http://cdn.rtyh.xyz:80/get.php?username=Valdecir1546&password=65371546v&type=m3u&output=ts	Active	18/10/2020 14:11:29	22/06/2023 20:15:16	0	1	1	"m3u8","ts","rtmp"	
http://cdn.rtyh.xyz:80/get.php?username=agathamm&password=879523&type=m3u&output=ts	Active	26/12/2020 21:08:35	02/07/2023 01:08:00	0	1	1	"m3u8","ts","rtmp"	
http://cdn.rtyh.xyz:80/get.php?username=alanribeiro99&password=759590dswwf&type=m3u&output=ts	Active	05/05/2023 12:47:57	05/06/2023 12:47:57	0	2	1	"m3u8","ts"	
http://cdn.rtyh.xyz:80/get.php?username=aleffzxcv&password=zsawk318&type=m3u&output=ts	Active	25/03/2023 21:11:47	30/05/2023 17:28:43	0	0	1	"m3u8","ts"	
http://cdn.rtyh.xyz:80/get.php?username=aloi21019&password=768lp15e&type=m3u&output=ts	Active	14/06/2022 13:56:49	16/06/2023 00:34:59	0	0	1	"m3u8","ts"	
http://cdn.rtyh.xyz:80/get.php?username=anacristinainae&password=a1848291&type=m3u&output=ts	Active	08/02/2022 00:04:10	08/06/2023 23:30:13	0	0	1	"m3u8","ts"	
http://cdn.rtyh.xyz:80/get.php?username=alyssonrosa&password=iptv2021&type=m3u&output=ts	Active	04/08/2021 00:22:34	09/06/2023 20:28:48	0	0	1	"m3u8","ts","rtmp"	
http://cdn.rtyh.xyz:80/get.php?username=amarildoevaristo&password=J829248&type=m3u&output=ts	Active	08/11/2021 14:52:43	22/06/2023 20:08:00	0	0	1	"m3u8","ts"	
http://cdn.rtyh.xyz:80/get.php?username=andreluizal&password=fipami2721&type=m3u&output=ts	Active	12/10/2022 14:36:22	15/06/2023 18:35:38	0	0	1	"m3u8","ts"	
http://cdn.rtyh.xyz:80/get.php?username=andre4188&password=andre6557&type=m3u&output=ts	Active	17/01/2021 23:40:11	26/06/2023 15:35:38	0	1	1	"m3u8","ts","rtmp"	
http://cdn.rtyh.xyz:80/get.php?username=andrerosa73&password=gbdt836&type=m3u&output=ts	Active	05/04/2021 16:57:44	24/06/2023 21:14:26	0	1	1	"m3u8","ts","rtmp"	
http://cdn.rtyh.xyz:80/get.php?username=aniltonmo&password=1iq47u29&type=m3u&output=ts	Active	05/10/2020 22:28:47	13/07/2023 23:37:56	0	1	1	"m3u8","ts","rtmp"	
http://cdn.rtyh.xyz:80/get.php?username=antoniocoli&password=Gf54321&type=m3u&output=ts	Active	20/01/2021 21:30:51	29/05/2023 21:47:27	0	0	1	"m3u8","ts","rtmp"	
http://cdn.rtyh.xyz:80/get.php?username=antoniomibox02&password=five1020&type=m3u&output=ts	Active	09/04/2021 23:49:54	22/06/2023 21:46:06	0	0	1	"m3u8","ts","rtmp"	
http://cdn.rtyh.xyz:80/get.php?username=heloisabarros&password=7898653b&type=m3u&output=ts	Active	01/12/2020 17:31:09	30/08/2023 20:06:38	0	1	1	"m3u8","ts","rtmp"	
http://cdn.rtyh.xyz:80/get.php?username=baptista&password=tuuxcvb&type=m3u&output=ts	Active	08/02/2022 00:02:26	04/06/2023 15:46:19	0	0	1	"m3u8","ts","rtmp"	
http://cdn.rtyh.xyz:80/get.php?username=cajdbb8m&password=wf3dqczi&type=m3u&output=ts	Active	05/10/2021 18:38:43	08/06/2023 18:45:04	0	1	1	"m3u8","ts","rtmp"	
http://cdn.rtyh.xyz:80/get.php?username=chris.oliveira&password=co46469959&type=m3u&output=ts	Active	23/09/2021 22:33:51	28/06/2023 21:33:58	0	1	1	"m3u8","ts","rtmp"	
http://cdn.rtyh.xyz:80/get.php?username=brunopredio2021&password=2120bruno21&type=m3u&output=ts	Active	03/06/2021 14:06:36	05/06/2023 23:13:43	0	0	1	"m3u8","ts","rtmp"	
http://cdn.rtyh.xyz:80/get.php?username=cardoso46&password=96706225&type=m3u&output=ts	Active	31/10/2020 22:03:03	04/06/2023 15:12:30	0	0	1	"m3u8","ts","rtmp"	
http://cdn.rtyh.xyz:80/get.php?username=jb95ov9s&password=x3897nlx&type=m3u&output=ts	Active	26/05/2021 22:21:08	01/06/2023 20:26:51	0	1	1	"m3u8","ts","rtmp"	
http://cdn.rtyh.xyz:80/get.php?username=carloss56&password=Sel5656&type=m3u&output=ts	Active	29/05/2021 22:29:00	07/06/2023 22:17:57	0	1	1	"m3u8","ts","rtmp"	
http://cdn.rtyh.xyz:80/get.php?username=carlosferreira11&password=carlosferreira95&type=m3u&output=ts	Active	15/01/2021 18:37:24	28/05/2023 00:00:43	0	0	1	"m3u8","ts","rtmp"	
http://cdn.rtyh.xyz:80/get.php?username=claytonalves&password=verp203650&type=m3u&output=ts	Active	12/10/2022 14:37:59	15/06/2023 18:33:52	0	1	1	"m3u8","ts"	
http://cdn.rtyh.xyz:80/get.php?username=clementea&password=tuuxcvb&type=m3u&output=ts	Active	10/12/2020 15:13:03	12/06/2023 17:54:23	0	0	1	"m3u8","ts","rtmp"	
http://cdn.rtyh.xyz:80/get.php?username=dalton4&password=808080&type=m3u&output=ts	Active	06/01/2022 02:45:28	11/06/2023 22:05:22	0	0	1	"m3u8","ts"	
http://cdn.rtyh.xyz:80/get.php?username=daniellezxcv&password=aswevcxz52&type=m3u&output=ts	Active	06/03/2023 22:09:12	16/06/2023 21:35:29	0	0	1	"m3u8","ts"	
http://cdn.rtyh.xyz:80/get.php?username=danielsilvestre&password=2022silvestre22&type=m3u&output=ts	Active	18/04/2022 17:10:11	21/06/2023 17:54:24	0	0	1	"m3u8","ts"	
http://cdn.rtyh.xyz:80/get.php?username=denise&password=999873132&type=m3u&output=ts	Active	24/06/2020 15:27:41	04/06/2023 17:23:43	0	0	1	"m3u8","ts","rtmp"	
http://cdn.rtyh.xyz:80/get.php?username=dgomestx&password=red326456&type=m3u&output=ts	Active	30/06/2020 21:59:32	21/06/2023 16:15:44	0	0	1	"m3u8","ts","rtmp"	
http://cdn.rtyh.xyz:80/get.php?username=ecofabio10b&password=ecofabio10b2&type=m3u&output=ts	Active	26/10/2020 13:38:04	11/06/2023 19:35:18	0	1	1	"m3u8","ts","rtmp"	
http://cdn.rtyh.xyz:80/get.php?username=dioneiaa2&password=legitimo&type=m3u&output=ts	Active	05/11/2022 19:13:35	07/06/2023 20:00:17	0	0	1	"m3u8","ts"	
http://cdn.rtyh.xyz:80/get.php?username=eduardocampos&password=campos4385&type=m3u&output=ts	Active	29/04/2020 11:33:30	01/08/2023 15:33:30	0	0	1	"m3u8","ts","rtmp"	
http://cdn.rtyh.xyz:80/get.php?username=edgaralves&password=tgpwsrd&type=m3u&output=ts	Active	12/10/2022 14:41:52	15/06/2023 18:36:14	0	1	1	"m3u8","ts"	
http://cdn.rtyh.xyz:80/get.php?username=eduardo836&password=sabi93643&type=m3u&output=ts	Active	28/12/2020 17:36:42	04/07/2023 14:15:36	0	1	1	"m3u8","ts","rtmp"	
http://cdn.rtyh.xyz:80/get.php?username=edvaldo&password=cav0zmat&type=m3u&output=ts	Active	24/06/2020 15:27:41	14/06/2023 04:26:28	0	0	1	"m3u8","ts","rtmp"	
http://cdn.rtyh.xyz:80/get.php?username=elainazsdf&password=aswqt420&type=m3u&output=ts	Active	29/03/2021 22:35:33	04/06/2023 15:17:10	0	2	1	"m3u8","ts","rtmp"	
http://cdn.rtyh.xyz:80/get.php?username=elianeg&password=1960emilly&type=m3u&output=ts	Active	29/08/2021 17:06:27	01/07/2023 21:06:00	0	0	1	"m3u8","ts","rtmp"	
http://cdn.rtyh.xyz:80/get.php?username=f98lugg8&password=pzczhs7r&type=m3u&output=ts	Active	11/03/2022 22:16:28	12/06/2023 02:16:28	0	1	1	"m3u8","ts"	
http://cdn.rtyh.xyz:80/get.php?username=luizamericonv&password=zasxcv319&type=m3u&output=ts	Active	30/06/2020 15:05:50	11/06/2023 16:32:15	0	0	1	"m3u8","ts"	
http://cdn.rtyh.xyz:80/get.php?username=fatimamerc&password=fatima098merc&type=m3u&output=ts	Active	04/12/2020 20:06:15	14/06/2023 23:35:25	0	1	1	"m3u8","ts","rtmp"	
http://cdn.rtyh.xyz:80/get.php?username=fbrito&password=0riobg4o&type=m3u&output=ts	Active	06/01/2021 16:16:42	04/06/2023 19:25:51	0	1	1	"m3u8","ts","rtmp"	
http://cdn.rtyh.xyz:80/get.php?username=felipecarreta&password=felipe2021USA&type=m3u&output=ts	Active	02/03/2021 14:29:47	07/06/2023 06:16:23	0	1	1	"m3u8","ts","rtmp"	
http://cdn.rtyh.xyz:80/get.php?username=flanklinvcxz&password=hbvcxz80&type=m3u&output=ts	Active	20/05/2023 18:33:40	20/06/2023 18:33:40	0	1	1	"m3u8","ts"	
http://cdn.rtyh.xyz:80/get.php?username=flavioh&password=henrique&type=m3u&output=ts	Active	23/05/2020 14:02:23	09/06/2023 00:25:57	0	0	1	"m3u8","ts","rtmp"	
http://cdn.rtyh.xyz:80/get.php?username=francisco&password=mrdcfn3&type=m3u&output=ts	Active	03/03/2022 10:40:41	16/06/2023 01:25:14	0	0	1	"m3u8","ts"	
http://cdn.rtyh.xyz:80/get.php?username=g16p4lba&password=qe37fwqs&type=m3u&output=ts	Active	27/12/2020 13:39:59	09/06/2023 19:02:18	0	0	1	"m3u8","ts","rtmp"	
http://cdn.rtyh.xyz:80/get.php?username=geovane678&password=2648879&type=m3u&output=ts	Active	30/10/2021 19:25:11	08/06/2023 13:44:54	0	0	1	"m3u8","ts"	
http://cdn.rtyh.xyz:80/get.php?username=geraldodd73&password=2021geraldo21&type=m3u&output=ts	Active	04/06/2021 15:01:02	04/06/2023 15:01:00	0	0	1	"m3u8","ts","rtmp"	
http://cdn.rtyh.xyz:80/get.php?username=lucas5273&password=lucas6393&type=m3u&output=ts	Active	16/11/2021 19:41:55	05/06/2023 22:27:39	0	1	1	"m3u8","ts"	
http://cdn.rtyh.xyz:80/get.php?username=gracieteoliveira&password=pan070620&type=m3u&output=ts	Active	04/07/2022 17:58:11	06/06/2023 16:35:52	0	0	1	"m3u8","ts"	
http://cdn.rtyh.xyz:80/get.php?username=guilherme5141&password=8621d43&type=m3u&output=ts	Active	16/02/2022 22:42:52	17/06/2023 22:53:23	0	0	1	"m3u8","ts"	
http://cdn.rtyh.xyz:80/get.php?username=marcelmartinelli43&password=gbsk57258&type=m3u&output=ts	Active	22/04/2022 15:01:26	22/06/2023 19:01:26	0	0	1	"m3u8","ts"	
http://cdn.rtyh.xyz:80/get.php?username=helioroberto&password=hr58158&type=m3u&output=ts	Active	27/02/2021 19:08:55	01/07/2023 00:18:00	0	0	1	"m3u8","ts","rtmp"	
http://cdn.rtyh.xyz:80/get.php?username=yyuo8aew&password=zlpgnq94&type=m3u&output=ts	Active	16/08/2020 20:14:01	17/06/2023 12:14:40	0	2	1	"m3u8","ts","rtmp"	
http://cdn.rtyh.xyz:80/get.php?username=honorio1&password=honorio21&type=m3u&output=ts	Active	07/08/2021 22:13:15	10/06/2023 01:53:20	0	0	1	"m3u8","ts","rtmp"	
http://cdn.rtyh.xyz:80/get.php?username=hugolyra&password=lyrairl10&type=m3u&output=ts	Active	12/11/2021 01:10:51	17/06/2023 19:38:29	0	0	1	"m3u8","ts"	
http://cdn.rtyh.xyz:80/get.php?username=humbertof&password=bebetof12&type=m3u&output=ts	Active	06/11/2021 14:15:01	01/06/2023 16:19:21	0	0	1	"m3u8","ts"	
http://cdn.rtyh.xyz:80/get.php?username=mauriciodefreitas&password=284029xc&type=m3u&output=ts	Active	18/04/2021 21:39:34	27/06/2023 21:38:00	0	1	1	"m3u8","ts","rtmp"	
http://cdn.rtyh.xyz:80/get.php?username=iceqj12d&password=u938qpfm&type=m3u&output=ts	Active	02/07/2021 22:37:03	04/06/2023 17:47:28	0	0	1	"m3u8","ts","rtmp"	
http://cdn.rtyh.xyz:80/get.php?username=guilherme614br&password=key122974884&type=m3u&output=ts	Active	15/02/2021 18:45:58	30/09/2023 14:26:02	0	0	1	"m3u8","ts","rtmp"	
http://cdn.rtyh.xyz:80/get.php?username=ivancw&password=clientesenha123&type=m3u&output=ts	Active	14/01/2021 17:17:02	07/06/2023 23:16:04	0	1	1	"m3u8","ts","rtmp"	
http://cdn.rtyh.xyz:80/get.php?username=ivetesjm50&password=506428&type=m3u&output=ts	Active	26/12/2020 19:03:04	06/06/2023 10:00:38	0	0	1	"m3u8","ts","rtmp"	
http://cdn.rtyh.xyz:80/get.php?username=j4siyewo&password=3id9cqbk&type=m3u&output=ts	Active	13/08/2021 21:03:20	10/06/2023 21:12:57	0	0	1	"m3u8","ts","rtmp"	
http://cdn.rtyh.xyz:80/get.php?username=jacksonpassos&password=verpdie0753&type=m3u&output=ts	Active	12/10/2022 14:36:41	12/06/2023 20:40:45	0	0	1	"m3u8","ts"	
http://cdn.rtyh.xyz:80/get.php?username=jansen569&password=5400sb2021&type=m3u&output=ts	Active	21/05/2023 18:47:35	21/06/2023 22:47:35	0	0	1	"m3u8","ts"	
http://cdn.rtyh.xyz:80/get.php?username=janyelsonxv&password=aszew357&type=m3u&output=ts	Active	21/12/2021 00:52:23	03/06/2023 21:51:34	0	0	1	"m3u8","ts"	
http://cdn.rtyh.xyz:80/get.php?username=meirecvxy&password=cyter3740&type=m3u&output=ts	Active	26/11/2022 00:38:41	01/06/2023 09:47:02	0	0	1	"m3u8","ts"	
http://cdn.rtyh.xyz:80/get.php?username=jdt8m6f0&password=01rdypvo&type=m3u&output=ts	Active	02/02/2021 17:56:58	10/06/2023 20:59:25	0	1	1	"m3u8","ts","rtmp"	
http://cdn.rtyh.xyz:80/get.php?username=prp5c1zr&password=5tnf55xz&type=m3u&output=ts	Active	25/05/2022 20:51:32	27/06/2023 16:32:10	0	0	1	"m3u8","ts"	
http://cdn.rtyh.xyz:80/get.php?username=rafael1410&password=14rafae10&type=m3u&output=ts	Active	14/10/2020 04:02:10	22/06/2023 03:37:04	0	0	1	"m3u8","ts","rtmp"	
http://cdn.rtyh.xyz:80/get.php?username=julioe&password=20212022&type=m3u&output=ts	Active	01/12/2019 02:00:00	16/06/2023 20:03:43	0	0	1	"m3u8","ts","rtmp"	
http://cdn.rtyh.xyz:80/get.php?username=juvenalalveslar&password=power41996511323&type=m3u&output=ts	Active	17/11/2020 21:34:52	13/06/2023 21:24:44	0	0	1	"m3u8","ts","rtmp"	
http://cdn.rtyh.xyz:80/get.php?username=k4xpc9lw&password=4oo7v2xu&type=m3u&output=ts	Active	23/05/2022 02:12:13	26/06/2023 21:46:39	0	2	1	"m3u8","ts"	
http://cdn.rtyh.xyz:80/get.php?username=kogrvf0x&password=bsx9ywgb&type=m3u&output=ts	Active	25/01/2022 20:10:57	20/06/2023 21:54:00	0	0	1	"m3u8","ts"	
http://cdn.rtyh.xyz:80/get.php?username=lucas.p&password=zp59619956&type=m3u&output=ts	Active	31/07/2020 15:26:46	05/06/2023 00:07:00	0	0	1	"m3u8","ts","rtmp"	
http://cdn.rtyh.xyz:80/get.php?username=lucas.ribeiro&password=ur14351589&type=m3u&output=ts	Active	27/06/2021 17:26:40	02/06/2023 19:31:24	0	0	1	"m3u8","ts","rtmp"	
http://cdn.rtyh.xyz:80/get.php?username=wanderson4brTCL&password=jaragua467945&type=m3u&output=ts	Active	19/11/2020 00:06:59	09/06/2023 00:39:27	0	0	1	"m3u8","ts","rtmp"	
http://cdn.rtyh.xyz:80/get.php?username=luciano7500br&password=991717500&type=m3u&output=ts	Active	29/06/2021 16:07:14	02/07/2023 15:49:28	0	0	1	"m3u8","ts","rtmp"	
http://cdn.rtyh.xyz:80/get.php?username=welingtonmoreira48&password=gbrp5083&type=m3u&output=ts	Active	14/05/2021 15:00:08	15/06/2023 20:23:13	0	1	1	"m3u8","ts","rtmp"	
http://cdn.rtyh.xyz:80/get.php?username=marcellevianna&password=marcellevianna10&type=m3u&output=ts	Active	30/06/2020 15:05:50	11/06/2023 16:32:15	0	0	1	"m3u8","ts","rtmp"	
http://cdn.rtyh.xyz:80/get.php?username=marcellov2&password=8k2glk81&type=m3u&output=ts	Active	16/02/2021 01:41:34	28/06/2023 07:53:20	0	0	1	"m3u8","ts","rtmp"	
http://cdn.rtyh.xyz:80/get.php?username=roberthtere&password=roberth4946&type=m3u&output=ts	Active	03/11/2021 16:06:31	05/06/2023 01:02:06	0	1	1	"m3u8","ts"	
http://cdn.rtyh.xyz:80/get.php?username=marquestia&password=389212324&type=m3u&output=ts	Active	09/09/2020 12:58:53	14/06/2023 17:40:30	0	0	1	"m3u8","ts","rtmp"	
http://cdn.rtyh.xyz:80/get.php?username=ronaltzxcv&password=awszxc73&type=m3u&output=ts	Active	23/11/2022 23:14:18	05/06/2023 15:55:14	0	1	1	"m3u8","ts"	
http://cdn.rtyh.xyz:80/get.php?username=matheus28&password=ma400800&type=m3u&output=ts	Active	03/03/2022 18:40:33	06/06/2023 14:47:02	0	0	1	"m3u8","ts"	
http://cdn.rtyh.xyz:80/get.php?username=maurofreitas&password=294710&type=m3u&output=ts	Active	24/01/2021 00:24:44	01/06/2023 14:21:50	0	1	1	"m3u8","ts","rtmp"	
http://cdn.rtyh.xyz:80/get.php?username=rudiery2413&password=4n568b&type=m3u&output=ts	Active	15/12/2020 22:33:34	22/06/2023 17:35:05	0	1	1	"m3u8","ts","rtmp"	
http://cdn.rtyh.xyz:80/get.php?username=muriloip&password=bxqxfj9k&type=m3u&output=ts	Active	12/12/2021 12:59:00	13/06/2023 14:10:14	0	1	1	"m3u8","ts"	
http://cdn.rtyh.xyz:80/get.php?username=paulo031420&password=paulo2020&type=m3u&output=ts	Active	15/03/2020 01:26:35	01/06/2023 11:55:42	0	0	1	"m3u8","ts","rtmp"	
http://cdn.rtyh.xyz:80/get.php?username=pablojn&password=juaniptv&type=m3u&output=ts	Active	25/06/2020 21:01:13	23/06/2023 11:49:32	0	1	1	"m3u8","ts","rtmp"	
http://cdn.rtyh.xyz:80/get.php?username=sergiotv7&password=depieri040792&type=m3u&output=ts	Active	30/03/2023 15:15:12	01/07/2023 02:30:21	0	0	1	"m3u8","ts"	
http://cdn.rtyh.xyz:80/get.php?username=sheilaip031&password=9fxafmoa&type=m3u&output=ts	Active	09/09/2021 20:56:41	10/06/2023 17:36:00	0	0	1	"m3u8","ts","rtmp"	
http://cdn.rtyh.xyz:80/get.php?username=rafatv889&password=8486lg63&type=m3u&output=ts	Active	03/10/2021 00:48:29	01/10/2023 02:59:00	0	0	1	"m3u8","ts","rtmp"	
http://cdn.rtyh.xyz:80/get.php?username=williamipt&password=ipwill6&type=m3u&output=ts	Active	22/07/2020 11:09:58	22/06/2023 18:02:56	0	0	1	"m3u8","ts","rtmp"	
http://cdn.rtyh.xyz:80/get.php?username=renatog&password=1960emilly&type=m3u&output=ts	Active	18/08/2021 17:28:58	18/06/2023 21:28:00	0	0	1	"m3u8","ts","rtmp"	
http://cdn.rtyh.xyz:80/get.php?username=rmaia&password=rickcb&type=m3u&output=ts	Active	01/12/2019 02:00:00	26/06/2023 00:16:37	0	0	1	"m3u8","ts","rtmp"	
http://cdn.rtyh.xyz:80/get.php?username=sbhhyuq1&password=jrz18rav&type=m3u&output=ts	Active	08/12/2021 21:49:52	09/06/2023 13:21:54	0	1	1	"m3u8","ts"	
http://cdn.rtyh.xyz:80/get.php?username=ronaldo6754&password=56781023&type=m3u&output=ts	Active	20/07/2021 21:55:34	24/06/2023 16:19:01	0	0	1	"m3u8","ts","rtmp"	
http://cdn.rtyh.xyz:80/get.php?username=tarektv&password=41992br&type=m3u&output=ts	Active	02/03/2023 02:04:38	03/06/2023 21:10:46	0	0	1	"m3u8","ts"	
http://cdn.rtyh.xyz:80/get.php?username=tiago0084&password=t0084t&type=m3u&output=ts	Active	02/01/2021 01:39:18	08/06/2023 23:05:58	0	0	1	"m3u8","ts","rtmp"	
http://cdn.rtyh.xyz:80/get.php?username=rosa.araujo&password=ra61569518&type=m3u&output=ts	Active	12/02/2021 01:13:15	25/06/2023 16:32:00	0	0	1	"m3u8","ts","rtmp"	
http://cdn.rtyh.xyz:80/get.php?username=vbwa9yvq&password=2ie28vev&type=m3u&output=ts	Active	20/11/2020 19:56:46	16/07/2023 02:23:32	0	0	1	"m3u8","ts"	
http://cdn.rtyh.xyz:80/get.php?username=tvdecasa&password=fipami2721&type=m3u&output=ts	Active	14/10/2022 23:07:35	17/06/2023 02:19:48	0	0	1	"m3u8","ts"	
http://cdn.rtyh.xyz:80/get.php?username=vinicius72&password=20131975k&type=m3u&output=ts	Active	08/01/2021 00:28:28	04/06/2023 17:50:58	0	0	1	"m3u8","ts","rtmp"	
http://cdn.rtyh.xyz:80/get.php?username=stefanny2021&password=2021stefanny21&type=m3u&output=ts	Active	02/06/2021 20:34:48	02/06/2023 20:34:00	0	1	1	"m3u8","ts","rtmp"	
http://cdn.rtyh.xyz:80/get.php?username=vanderson97&password=148501&type=m3u&output=ts	Active	21/11/2020 18:13:16	01/06/2023 16:36:31	0	0	1	"m3u8","ts","rtmp"	
http://cdn.rtyh.xyz:80/get.php?username=uecv7pro&password=qovy5agk&type=m3u&output=ts	Active	21/03/2021 16:03:42	02/06/2023 00:00:51	0	0	1	"m3u8","ts","rtmp"	
http://cdn.rtyh.xyz:80/get.php?username=vantuil&password=i1p2t3v4&type=m3u&output=ts	Active	17/07/2021 14:00:04	24/08/2023 20:14:48	0	0	1	"m3u8","ts","rtmp"	
http://cdn.rtyh.xyz:80/get.php?username=vagno7612&password=35645446&type=m3u&output=ts	Active	27/07/2021 15:45:45	16/06/2023 15:20:17	0	0	1	"m3u8","ts","rtmp"	
http://cdn.rtyh.xyz:80/get.php?username=ug6v6mty&password=3eaj35gh&type=m3u&output=ts	Active	17/02/2021 21:36:02	11/06/2023 01:25:30	0	0	1	"m3u8","ts"	
http://tv.rtyh.xyz/get.php?username=cardoso46&password=96706225&type=m3u&output=ts	Active	31/10/2020 22:03:03	04/06/2023 15:12:30	0	0	1	"m3u8","ts","rtmp"	
http://tv.rtyh.xyz/get.php?username=31546513&password=00121231&type=m3u&output=ts	Active	08/12/2021 17:48:11	15/06/2023 12:09:47	0	0	1	"m3u8","ts"	
http://cdn.rtyh.xyz:80/get.php?username=IanSomma&password=Somma1982&type=m3u&output=ts	Active	21/04/2022 16:03:12	21/07/2023 20:03:12	0	0	1	"m3u8","ts"	
http://cdn.rtyh.xyz:80/get.php?username=Isaacvirgilio&password=pan192220&type=m3u&output=ts	Active	25/07/2020 18:47:14	28/06/2023 22:47:00	0	0	1	"m3u8","ts","rtmp"	
http://tv.rtyh.xyz/get.php?username=1198908julia&password=juliabrtv41&type=m3u&output=ts	Active	08/04/2022 01:01:09	08/06/2023 01:01:09	0	2	1	"m3u8","ts"	
http://tv.rtyh.xyz/get.php?username=1y18hc1g&password=4cb1zgg8&type=m3u&output=ts	Active	29/04/2022 00:14:07	04/06/2023 23:14:38	0	0	1	"m3u8","ts"	
http://cdn.rtyh.xyz:80/get.php?username=Japa01&password=@japa2021&type=m3u&output=ts	Active	15/05/2021 23:16:23	26/06/2023 19:08:03	0	0	1	"m3u8","ts","rtmp"	
http://cdn.rtyh.xyz:80/get.php?username=gil2433&password=pass2433&type=m3u&output=ts	Active	26/03/2022 22:10:31	02/06/2023 21:22:11	0	0	1	"m3u8","ts"	
http://tv.rtyh.xyz/get.php?username=carloss56&password=Sel5656&type=m3u&output=ts	Active	29/05/2021 22:29:00	07/06/2023 22:17:57	0	1	1	"m3u8","ts","rtmp"	