<favourites>
    <favourite name="All American 5ª Temporada Completa (2022) Dublado WEB-DL 720p | 1080p / Legendado 5.1" thumb="image://https%3a%2f%2fimage.tmdb.org%2ft%2fp%2fw500%2fnCCTRq112CRGk75jcsmcAzmZjfk.jpg/" fanart="none">ActivateWindow(videos,&quot;plugin://plugin.video.GladistonXD/?background=None&amp;cache=0&amp;iconimage=https%3a%2f%2fimage.tmdb.org%2ft%2fp%2fw500%2fnCCTRq112CRGk75jcsmcAzmZjfk.jpg&amp;info=%5bCOLOR%5d%5b%2fCOLOR%5d&amp;legdub=None&amp;logos=https%3a%2f%2fimage.tmdb.org%2ft%2fp%2fw500%2fnCCTRq112CRGk75jcsmcAzmZjfk.jpg&amp;metah&amp;mode=174&amp;name=All%20American%205%c2%aa%20Temporada%20Completa%20(2022)%20Dublado%20WEB-DL%20720p%20%7c%201080p%20%2f%20Legendado%205.1&amp;url=https%3a%2f%2fwww.torrentdosfilmeshd1.net%2fall-american-5a-temporada-completa-dublado-torrent-download%2f&quot;,return)</favourite>
    <favourite name="Extrapolations: Um Futuro Inquietante 1ª Temporada Completa (2023) Dublado WEB-DL 4K | 720p | 1080p / Legendado 5.1" thumb="image://https%3a%2f%2fimage.tmdb.org%2ft%2fp%2fw500%2f8dMYyi9w0qD8z0rGmiBwYV5IL8J.jpg/" fanart="none">ActivateWindow(videos,&quot;plugin://plugin.video.GladistonXD/?background=None&amp;cache=0&amp;iconimage=https%3a%2f%2fimage.tmdb.org%2ft%2fp%2fw500%2f8dMYyi9w0qD8z0rGmiBwYV5IL8J.jpg&amp;info=%5bCOLOR%5d%5b%2fCOLOR%5d&amp;legdub=None&amp;logos=https%3a%2f%2fimage.tmdb.org%2ft%2fp%2fw500%2f8dMYyi9w0qD8z0rGmiBwYV5IL8J.jpg&amp;metah&amp;mode=174&amp;name=Extrapolations%3a%20Um%20Futuro%20Inquietante%201%c2%aa%20Temporada%20Completa%20(2023)%20Dublado%20WEB-DL%204K%20%7c%20720p%20%7c%201080p%20%2f%20Legendado%205.1&amp;url=https%3a%2f%2fwww.torrentdosfilmeshd1.net%2fextrapolations-um-futuro-inquietante-1a-temporada-completa-dublado-torrent-download%2f&quot;,return)</favourite>
    <favourite name="FBI 5ª Temporada Completa (2022) Dublado WEB-DL 720p | 1080p / Legendado 5.1" thumb="image://https%3a%2f%2fwww.themoviedb.org%2ft%2fp%2fw500%2flFTHqAw2lHisXGB0bcoyEvKRYad.jpg/" fanart="none">ActivateWindow(videos,&quot;plugin://plugin.video.GladistonXD/?background=None&amp;cache=0&amp;iconimage=https%3a%2f%2fwww.themoviedb.org%2ft%2fp%2fw500%2flFTHqAw2lHisXGB0bcoyEvKRYad.jpg&amp;info=%5bCOLOR%5d%5b%2fCOLOR%5d&amp;legdub=None&amp;logos=https%3a%2f%2fwww.themoviedb.org%2ft%2fp%2fw500%2flFTHqAw2lHisXGB0bcoyEvKRYad.jpg&amp;metah&amp;mode=174&amp;name=FBI%205%c2%aa%20Temporada%20Completa%20(2022)%20Dublado%20WEB-DL%20720p%20%7c%201080p%20%2f%20Legendado%205.1&amp;url=https%3a%2f%2fwww.torrentdosfilmeshd1.net%2ffbi-5a-temporada-completa-dublado-torrent-download%2f&quot;,return)</favourite>
    <favourite name="FBI: International 2ª Temporada Completa (2022) Dublado WEB-DL 720p | 1080p / Legendado 5.1" thumb="image://https%3a%2f%2fimage.tmdb.org%2ft%2fp%2fw500%2fnWyqjDbreRAs9ekBo9gu1RhKumz.jpg/" fanart="none">ActivateWindow(videos,&quot;plugin://plugin.video.GladistonXD/?background=None&amp;cache=0&amp;iconimage=https%3a%2f%2fimage.tmdb.org%2ft%2fp%2fw500%2fnWyqjDbreRAs9ekBo9gu1RhKumz.jpg&amp;info=%5bCOLOR%5d%5b%2fCOLOR%5d&amp;legdub=None&amp;logos=https%3a%2f%2fimage.tmdb.org%2ft%2fp%2fw500%2fnWyqjDbreRAs9ekBo9gu1RhKumz.jpg&amp;metah&amp;mode=174&amp;name=FBI%3a%20International%202%c2%aa%20Temporada%20Completa%20(2022)%20Dublado%20WEB-DL%20720p%20%7c%201080p%20%2f%20Legendado%205.1&amp;url=https%3a%2f%2fwww.torrentdosfilmeshd1.net%2ffbi-international-2a-temporada-completa-dublado-torrent-download%2f&quot;,return)</favourite>
    <favourite name="FBI: Most Wanted 4ª Temporada Completa (2022) Dublado WEB-DL 720p | 1080p / Legendado 5.1" thumb="image://https%3a%2f%2fimage.tmdb.org%2ft%2fp%2fw500%2f1qcSqqypf3YDNVo799eM8WjROYF.jpg/" fanart="none">ActivateWindow(videos,&quot;plugin://plugin.video.GladistonXD/?background=None&amp;cache=0&amp;iconimage=https%3a%2f%2fimage.tmdb.org%2ft%2fp%2fw500%2f1qcSqqypf3YDNVo799eM8WjROYF.jpg&amp;info=%5bCOLOR%5d%5b%2fCOLOR%5d&amp;legdub=None&amp;logos=https%3a%2f%2fimage.tmdb.org%2ft%2fp%2fw500%2f1qcSqqypf3YDNVo799eM8WjROYF.jpg&amp;metah&amp;mode=174&amp;name=FBI%3a%20Most%20Wanted%204%c2%aa%20Temporada%20Completa%20(2022)%20Dublado%20WEB-DL%20720p%20%7c%201080p%20%2f%20Legendado%205.1&amp;url=https%3a%2f%2fwww.torrentdosfilmeshd1.net%2ffbi-most-wanted-4a-temporada-completa-dublado-torrent-download%2f&quot;,return)</favourite>
    <favourite name="Gotham Knights 1ª Temporada Completa (2023) Dublado WEB-DL 4K | 720p | 1080p / Legendado 5.1" thumb="image://https%3a%2f%2fimage.tmdb.org%2ft%2fp%2fw500%2fmUVPcCSay9stuywEeg0AQ1TzV0E.jpg/" fanart="none">ActivateWindow(videos,&quot;plugin://plugin.video.GladistonXD/?background=None&amp;cache=0&amp;iconimage=https%3a%2f%2fimage.tmdb.org%2ft%2fp%2fw500%2fmUVPcCSay9stuywEeg0AQ1TzV0E.jpg&amp;info=%5bCOLOR%5d%5b%2fCOLOR%5d&amp;legdub=None&amp;logos=https%3a%2f%2fimage.tmdb.org%2ft%2fp%2fw500%2fmUVPcCSay9stuywEeg0AQ1TzV0E.jpg&amp;metah&amp;mode=174&amp;name=Gotham%20Knights%201%c2%aa%20Temporada%20Completa%20(2023)%20Dublado%20WEB-DL%204K%20%7c%20720p%20%7c%201080p%20%2f%20Legendado%205.1&amp;url=https%3a%2f%2fwww.torrentdosfilmeshd1.net%2fgotham-knights-1a-temporada-completa-torrent-download%2f&quot;,return)</favourite>
    <favourite name="O Poder 1ª Temporada Completa (2023) Dublado WEB-DL 720p | 1080p / Legendado 5.1" thumb="image://https%3a%2f%2fimage.tmdb.org%2ft%2fp%2fw500%2fltO4wE8zFE1wAbAS063ZDbEvJXq.jpg/" fanart="none">ActivateWindow(videos,&quot;plugin://plugin.video.GladistonXD/?background=None&amp;cache=0&amp;iconimage=https%3a%2f%2fimage.tmdb.org%2ft%2fp%2fw500%2fltO4wE8zFE1wAbAS063ZDbEvJXq.jpg&amp;info=%5bCOLOR%5d%5b%2fCOLOR%5d&amp;legdub=None&amp;logos=https%3a%2f%2fimage.tmdb.org%2ft%2fp%2fw500%2fltO4wE8zFE1wAbAS063ZDbEvJXq.jpg&amp;metah&amp;mode=174&amp;name=O%20Poder%201%c2%aa%20Temporada%20Completa%20(2023)%20Dublado%20WEB-DL%20720p%20%7c%201080p%20%2f%20Legendado%205.1&amp;url=https%3a%2f%2fwww.torrentdosfilmeshd1.net%2fo-poder-1a-temporada-completa-dublado-torrent-download%2f&quot;,return)</favourite>
    <favourite name="Olá, Amanhã! 1ª Temporada Completa (2023) Dublado WEB-DL 4k | 720p | 1080p / Legendado 5.1" thumb="image://https%3a%2f%2fimage.tmdb.org%2ft%2fp%2fw500%2flGkYaDhyb0hNIgIAe88rcvvJUth.jpg/" fanart="none">ActivateWindow(videos,&quot;plugin://plugin.video.GladistonXD/?background=None&amp;cache=0&amp;iconimage=https%3a%2f%2fimage.tmdb.org%2ft%2fp%2fw500%2flGkYaDhyb0hNIgIAe88rcvvJUth.jpg&amp;info=%5bCOLOR%5d%5b%2fCOLOR%5d&amp;legdub=None&amp;logos=https%3a%2f%2fimage.tmdb.org%2ft%2fp%2fw500%2flGkYaDhyb0hNIgIAe88rcvvJUth.jpg&amp;metah&amp;mode=174&amp;name=Ol%c3%a1%2c%20Amanh%c3%a3!%201%c2%aa%20Temporada%20Completa%20(2023)%20Dublado%20WEB-DL%204k%20%7c%20720p%20%7c%201080p%20%2f%20Legendado%205.1&amp;url=https%3a%2f%2fwww.torrentdosfilmeshd1.net%2fola-amanha-1a-temporada-completa-dublado-torrent-download%2f&quot;,return)</favourite>
    <favourite name="Quantum Leap 1ª Temporada Completa (2022) Dublado WEB-DL 720p | 1080p / Legendado 5.1" thumb="image://https%3a%2f%2fimage.tmdb.org%2ft%2fp%2fw500%2fxbTelyXRp6bDSAYd2bBx6tmT9IA.jpg/" fanart="none">ActivateWindow(videos,&quot;plugin://plugin.video.GladistonXD/?background=None&amp;cache=0&amp;iconimage=https%3a%2f%2fimage.tmdb.org%2ft%2fp%2fw500%2fxbTelyXRp6bDSAYd2bBx6tmT9IA.jpg&amp;info=%5bCOLOR%5d%5b%2fCOLOR%5d&amp;legdub=None&amp;logos=https%3a%2f%2fimage.tmdb.org%2ft%2fp%2fw500%2fxbTelyXRp6bDSAYd2bBx6tmT9IA.jpg&amp;metah&amp;mode=174&amp;name=Quantum%20Leap%201%c2%aa%20Temporada%20Completa%20(2022)%20Dublado%20WEB-DL%20720p%20%7c%201080p%20%2f%20Legendado%205.1&amp;url=https%3a%2f%2fwww.torrentdosfilmeshd1.net%2fquantum-leap-1a-temporada-completa-dublado-torrent-download%2f&quot;,return)</favourite>
    <favourite name="Rabbit Hole: Jogo de Mentiras 1ª Temporada Completa (2023) Dublado WEB-DL 4k | 720p | 1080p / Legendado 5.1" thumb="image://https%3a%2f%2fimage.tmdb.org%2ft%2fp%2fw500%2fgUXPI4ss2gxfxCgW6W0C00v5X5A.jpg/" fanart="none">ActivateWindow(videos,&quot;plugin://plugin.video.GladistonXD/?background=None&amp;cache=0&amp;iconimage=https%3a%2f%2fimage.tmdb.org%2ft%2fp%2fw500%2fgUXPI4ss2gxfxCgW6W0C00v5X5A.jpg&amp;info=%5bCOLOR%5d%5b%2fCOLOR%5d&amp;legdub=None&amp;logos=https%3a%2f%2fimage.tmdb.org%2ft%2fp%2fw500%2fgUXPI4ss2gxfxCgW6W0C00v5X5A.jpg&amp;metah&amp;mode=174&amp;name=Rabbit%20Hole%3a%20Jogo%20de%20Mentiras%201%c2%aa%20Temporada%20Completa%20(2023)%20Dublado%20WEB-DL%204k%20%7c%20720p%20%7c%201080p%20%2f%20Legendado%205.1&amp;url=https%3a%2f%2fwww.torrentdosfilmeshd1.net%2frabbit-hole-jogo-de-mentiras-1a-temporada-completa-dublado-torrent-download%2f&quot;,return)</favourite>
    <favourite name="Superman e Lois 3ª Temporada Completa (2023) Dublado WEB-DL 720p | 1080p / Legendado 5.1" thumb="image://https%3a%2f%2fimage.tmdb.org%2ft%2fp%2fw500%2fuR4Seojd9nrOmjVOj6HHA9iCkYl.jpg/" fanart="none">ActivateWindow(videos,&quot;plugin://plugin.video.GladistonXD/?background=None&amp;cache=0&amp;iconimage=https%3a%2f%2fimage.tmdb.org%2ft%2fp%2fw500%2fuR4Seojd9nrOmjVOj6HHA9iCkYl.jpg&amp;info=%5bCOLOR%5d%5b%2fCOLOR%5d&amp;legdub=None&amp;logos=https%3a%2f%2fimage.tmdb.org%2ft%2fp%2fw500%2fuR4Seojd9nrOmjVOj6HHA9iCkYl.jpg&amp;metah&amp;mode=174&amp;name=Superman%20e%20Lois%203%c2%aa%20Temporada%20Completa%20(2023)%20Dublado%20WEB-DL%20720p%20%7c%201080p%20%2f%20Legendado%205.1&amp;url=https%3a%2f%2fwww.torrentdosfilmeshd1.net%2fsuperman-e-lois-3a-temporada-completa-dublado-torrent-download%2f&quot;,return)</favourite>
    <favourite name="The Ark 1ª Temporada Completa (2023) Dublado WEB-DL 720p | 1080p / Legendado 5.1" thumb="image://https%3a%2f%2fimage.tmdb.org%2ft%2fp%2fw500%2f6pGiYwbSAscG6YyNzxTR6FNtLnO.jpg/" fanart="none">ActivateWindow(videos,&quot;plugin://plugin.video.GladistonXD/?background=None&amp;cache=0&amp;iconimage=https%3a%2f%2fimage.tmdb.org%2ft%2fp%2fw500%2f6pGiYwbSAscG6YyNzxTR6FNtLnO.jpg&amp;info=%5bCOLOR%5d%5b%2fCOLOR%5d&amp;legdub=None&amp;logos=https%3a%2f%2fimage.tmdb.org%2ft%2fp%2fw500%2f6pGiYwbSAscG6YyNzxTR6FNtLnO.jpg&amp;metah&amp;mode=174&amp;name=The%20Ark%201%c2%aa%20Temporada%20Completa%20(2023)%20Dublado%20WEB-DL%20720p%20%7c%201080p%20%2f%20Legendado%205.1&amp;url=https%3a%2f%2fwww.torrentdosfilmeshd1.net%2fthe-ark-1a-temporada-completa-dublado-torrent-download%2f&quot;,return)</favourite>
    <favourite name="The Blacklist 10ª Temporada Completa (2023) Dublado WEB-DL 720p | 1080p / Legendado 5.1" thumb="image://https%3a%2f%2fimage.tmdb.org%2ft%2fp%2fw500%2fhAY623VkW1Gy0xMtZpkZB2tJZPM.jpg/" fanart="none">ActivateWindow(videos,&quot;plugin://plugin.video.GladistonXD/?background=None&amp;cache=0&amp;iconimage=https%3a%2f%2fimage.tmdb.org%2ft%2fp%2fw500%2fhAY623VkW1Gy0xMtZpkZB2tJZPM.jpg&amp;info=%5bCOLOR%5d%5b%2fCOLOR%5d&amp;legdub=None&amp;logos=https%3a%2f%2fimage.tmdb.org%2ft%2fp%2fw500%2fhAY623VkW1Gy0xMtZpkZB2tJZPM.jpg&amp;metah&amp;mode=174&amp;name=The%20Blacklist%2010%c2%aa%20Temporada%20Completa%20(2023)%20Dublado%20WEB-DL%20720p%20%7c%201080p%20%2f%20Legendado%205.1&amp;url=https%3a%2f%2fwww.torrentdosfilmeshd1.net%2fthe-blacklist-10a-temporada-completa-dublado-torrent-download%2f&quot;,return)</favourite>
    <favourite name="The Flash 9ª Temporada Completa (2023) Dublado WEB-DL 720p | 1080p / Legendado 5.1" thumb="image://https%3a%2f%2fimage.tmdb.org%2ft%2fp%2fw500%2fAqFS7VPOhUUZ0DiPvNPv0GfTAlj.jpg/" fanart="none">ActivateWindow(videos,&quot;plugin://plugin.video.GladistonXD/?background=None&amp;cache=0&amp;iconimage=https%3a%2f%2fimage.tmdb.org%2ft%2fp%2fw500%2fAqFS7VPOhUUZ0DiPvNPv0GfTAlj.jpg&amp;info=%5bCOLOR%5d%5b%2fCOLOR%5d&amp;legdub=None&amp;logos=https%3a%2f%2fimage.tmdb.org%2ft%2fp%2fw500%2fAqFS7VPOhUUZ0DiPvNPv0GfTAlj.jpg&amp;metah&amp;mode=174&amp;name=The%20Flash%209%c2%aa%20Temporada%20Completa%20(2023)%20Dublado%20WEB-DL%20720p%20%7c%201080p%20%2f%20Legendado%205.1&amp;url=https%3a%2f%2fwww.torrentdosfilmeshd1.net%2fthe-flash-9a-temporada-completa-dublado-torrent-download%2f&quot;,return)</favourite>
    <favourite name="The Good Doctor 6ª Temporada Completa (2022) Dublado WEB-DL 720p | 1080p / Legendado 5.1" thumb="image://https%3a%2f%2fwww.themoviedb.org%2ft%2fp%2fw500%2fluhKkdD80qe62fwop6sdrXK9jUT.jpg/" fanart="none">ActivateWindow(videos,&quot;plugin://plugin.video.GladistonXD/?background=None&amp;cache=0&amp;iconimage=https%3a%2f%2fwww.themoviedb.org%2ft%2fp%2fw500%2fluhKkdD80qe62fwop6sdrXK9jUT.jpg&amp;info=%5bCOLOR%5d%5b%2fCOLOR%5d&amp;legdub=None&amp;logos=https%3a%2f%2fwww.themoviedb.org%2ft%2fp%2fw500%2fluhKkdD80qe62fwop6sdrXK9jUT.jpg&amp;metah&amp;mode=174&amp;name=The%20Good%20Doctor%206%c2%aa%20Temporada%20Completa%20(2022)%20Dublado%20WEB-DL%20720p%20%7c%201080p%20%2f%20Legendado%205.1&amp;url=https%3a%2f%2fwww.torrentdosfilmeshd1.net%2fthe-good-doctor-6a-temporada-completa-dublado-torrent-download%2f&quot;,return)</favourite>
    <favourite name="The Mandalorian: Star Wars 3ª Temporada Completa (2023) Dublado WEB-DL 4k | 720p | 1080p / Legendado 5.1" thumb="image://https%3a%2f%2fimage.tmdb.org%2ft%2fp%2fw500%2f9A3MMr8xxc6rxq7AhGwWn3S1Lzl.jpg/" fanart="none">ActivateWindow(videos,&quot;plugin://plugin.video.GladistonXD/?background=None&amp;cache=0&amp;iconimage=https%3a%2f%2fimage.tmdb.org%2ft%2fp%2fw500%2f9A3MMr8xxc6rxq7AhGwWn3S1Lzl.jpg&amp;info=%5bCOLOR%5d%5b%2fCOLOR%5d&amp;legdub=None&amp;logos=https%3a%2f%2fimage.tmdb.org%2ft%2fp%2fw500%2f9A3MMr8xxc6rxq7AhGwWn3S1Lzl.jpg&amp;metah&amp;mode=174&amp;name=The%20Mandalorian%3a%20Star%20Wars%203%c2%aa%20Temporada%20Completa%20(2023)%20Dublado%20WEB-DL%204k%20%7c%20720p%20%7c%201080p%20%2f%20Legendado%205.1&amp;url=https%3a%2f%2fwww.torrentdosfilmeshd1.net%2fthe-mandalorian-star-wars-3a-temporada-completa-dublado-torrent-download%2f&quot;,return)</favourite>
    <favourite name="Titans 4ª Temporada Completa (2022) Dublado WEB-DL 4k | 720p | 1080p / Legendado 5.1" thumb="image://https%3a%2f%2fimage.tmdb.org%2ft%2fp%2fw500%2fwyQlyClxHKtiCcds9xeIqXkV1jz.jpg/" fanart="none">ActivateWindow(videos,&quot;plugin://plugin.video.GladistonXD/?background=None&amp;cache=0&amp;iconimage=https%3a%2f%2fimage.tmdb.org%2ft%2fp%2fw500%2fwyQlyClxHKtiCcds9xeIqXkV1jz.jpg&amp;info=%5bCOLOR%5d%5b%2fCOLOR%5d&amp;legdub=None&amp;logos=https%3a%2f%2fimage.tmdb.org%2ft%2fp%2fw500%2fwyQlyClxHKtiCcds9xeIqXkV1jz.jpg&amp;metah&amp;mode=174&amp;name=Titans%204%c2%aa%20Temporada%20Completa%20(2022)%20Dublado%20WEB-DL%204k%20%7c%20720p%20%7c%201080p%20%2f%20Legendado%205.1&amp;url=https%3a%2f%2fwww.torrentdosfilmeshd1.net%2ftitans-4a-temporada-completa-dublado-torrent-download%2f&quot;,return)</favourite>
    <favourite name="Walker 3ª Temporada Completa (2022) Dublado WEB-DL 720p | 1080p / Legendado 5.1" thumb="image://https%3a%2f%2fimage.tmdb.org%2ft%2fp%2fw500%2fgYXgu5zGAKx5IBk8CLx44Cjaw99.jpg/" fanart="none">ActivateWindow(videos,&quot;plugin://plugin.video.GladistonXD/?background=None&amp;cache=0&amp;iconimage=https%3a%2f%2fimage.tmdb.org%2ft%2fp%2fw500%2fgYXgu5zGAKx5IBk8CLx44Cjaw99.jpg&amp;info=%5bCOLOR%5d%5b%2fCOLOR%5d&amp;legdub=None&amp;logos=https%3a%2f%2fimage.tmdb.org%2ft%2fp%2fw500%2fgYXgu5zGAKx5IBk8CLx44Cjaw99.jpg&amp;metah&amp;mode=174&amp;name=Walker%203%c2%aa%20Temporada%20Completa%20(2022)%20Dublado%20WEB-DL%20720p%20%7c%201080p%20%2f%20Legendado%205.1&amp;url=https%3a%2f%2fwww.torrentdosfilmeshd1.net%2fwalker-3a-temporada-completa-dublado-torrent-download%2f&quot;,return)</favourite>
    <favourite name="Young Sheldon 6ª Temporada Completa (2022) Dublado WEB-DL 720p | 1080p / Legendado 5.1" thumb="image://https%3a%2f%2fimage.tmdb.org%2ft%2fp%2fw500%2fMpdROQ5XxQqOMKhJlLUf7PTxIC.jpg/" fanart="none">ActivateWindow(videos,&quot;plugin://plugin.video.GladistonXD/?background=None&amp;cache=0&amp;iconimage=https%3a%2f%2fimage.tmdb.org%2ft%2fp%2fw500%2fMpdROQ5XxQqOMKhJlLUf7PTxIC.jpg&amp;info=%5bCOLOR%5d%5b%2fCOLOR%5d&amp;legdub=None&amp;logos=https%3a%2f%2fimage.tmdb.org%2ft%2fp%2fw500%2fMpdROQ5XxQqOMKhJlLUf7PTxIC.jpg&amp;metah&amp;mode=174&amp;name=Young%20Sheldon%206%c2%aa%20Temporada%20Completa%20(2022)%20Dublado%20WEB-DL%20720p%20%7c%201080p%20%2f%20Legendado%205.1&amp;url=https%3a%2f%2fwww.torrentdosfilmeshd1.net%2fyoung-sheldon-6a-temporada-completa-dublado-torrent-download%2f&quot;,return)</favourite>
    <favourite name="From 2ª Temporada Completa (2023) Dublado WEB-DL 720p | 1080p / Legendado 5.1" thumb="image://https%3a%2f%2fimage.tmdb.org%2ft%2fp%2fw500%2fpnrv8tfOcWxu4CrB8N7xK0jYJsR.jpg/" fanart="none">ActivateWindow(videos,&quot;plugin://plugin.video.GladistonXD/?background=None&amp;cache=0&amp;iconimage=https%3a%2f%2fimage.tmdb.org%2ft%2fp%2fw500%2fpnrv8tfOcWxu4CrB8N7xK0jYJsR.jpg&amp;info=%5bCOLOR%5d%5b%2fCOLOR%5d&amp;legdub=None&amp;logos=https%3a%2f%2fimage.tmdb.org%2ft%2fp%2fw500%2fpnrv8tfOcWxu4CrB8N7xK0jYJsR.jpg&amp;metah&amp;mode=174&amp;name=From%202%c2%aa%20Temporada%20Completa%20(2023)%20Dublado%20WEB-DL%20720p%20%7c%201080p%20%2f%20Legendado%205.1&amp;url=https%3a%2f%2fwww.torrentdosfilmeshd1.net%2ffrom-2a-temporada-completa-dublado-torrent-download%2f&quot;,return)</favourite>
    <favourite name="Sweet Tooth 2ª Temporada Completa (2023) Dublado WEB-DL 720p | 1080p / Dual Áudio 5.1" thumb="image://https%3a%2f%2fimage.tmdb.org%2ft%2fp%2fw500%2fyUilM8km9Ioi3xtzlV2eGUXJJ9p.jpg/" fanart="none">ActivateWindow(videos,&quot;plugin://plugin.video.GladistonXD/?background=None&amp;cache=0&amp;iconimage=https%3a%2f%2fimage.tmdb.org%2ft%2fp%2fw500%2fyUilM8km9Ioi3xtzlV2eGUXJJ9p.jpg&amp;info=%c2%a0&amp;legdub=None&amp;logos=https%3a%2f%2fimage.tmdb.org%2ft%2fp%2fw500%2fyUilM8km9Ioi3xtzlV2eGUXJJ9p.jpg&amp;metah&amp;mode=174&amp;name=Sweet%20Tooth%202%c2%aa%20Temporada%20Completa%20(2023)%20Dublado%20WEB-DL%20720p%20%7c%201080p%20%2f%20Dual%20%c3%81udio%205.1&amp;url=https%3a%2f%2fwww.torrentdosfilmeshd1.net%2fsweet-tooth-2a-temporada-completa-dublado-torrent-download%2f&quot;,return)</favourite>
    <favourite name="Citadel 1ª Temporada (2023) Dublado WEB-DL 4K | 720p | 1080p / Legendado 5.1" thumb="image://https%3a%2f%2fimage.tmdb.org%2ft%2fp%2fw500%2fy8zpr0uin6psMssBf4aK50DwboN.jpg/" fanart="none">ActivateWindow(videos,&quot;plugin://plugin.video.GladistonXD/?background=None&amp;cache=0&amp;iconimage=https%3a%2f%2fimage.tmdb.org%2ft%2fp%2fw500%2fy8zpr0uin6psMssBf4aK50DwboN.jpg&amp;info=%c2%a0&amp;legdub=None&amp;logos=https%3a%2f%2fimage.tmdb.org%2ft%2fp%2fw500%2fy8zpr0uin6psMssBf4aK50DwboN.jpg&amp;metah&amp;mode=174&amp;name=Citadel%201%c2%aa%20Temporada%20(2023)%20Dublado%20WEB-DL%204K%20%7c%20720p%20%7c%201080p%20%2f%20Legendado%205.1&amp;url=https%3a%2f%2fwww.torrentdosfilmeshd1.net%2fcitadel-1a-temporada-dublado-torrent-download%2f&quot;,return)</favourite>
    <favourite name="Black Knight 1ª Temporada Completa (2023) WEB-DL 720p | 1080p / Legendado 5.1" thumb="image://https%3a%2f%2fimage.tmdb.org%2ft%2fp%2fw500%2f48SpcKvilzTdcyuPmzr93TsVxCJ.jpg/" fanart="none">ActivateWindow(videos,&quot;plugin://plugin.video.GladistonXD/?background=None&amp;cache=0&amp;iconimage=https%3a%2f%2fimage.tmdb.org%2ft%2fp%2fw500%2f48SpcKvilzTdcyuPmzr93TsVxCJ.jpg&amp;info=%c2%a0&amp;legdub=None&amp;logos=https%3a%2f%2fimage.tmdb.org%2ft%2fp%2fw500%2f48SpcKvilzTdcyuPmzr93TsVxCJ.jpg&amp;metah&amp;mode=174&amp;name=Black%20Knight%201%c2%aa%20Temporada%20Completa%20(2023)%20WEB-DL%20720p%20%7c%201080p%20%2f%20Legendado%205.1&amp;url=https%3a%2f%2fwww.torrentdosfilmeshd1.net%2fblack-knight-1a-temporada-completa-dublado-torrent-download%2f&quot;,return)</favourite>
    <favourite name="Mrs. Davis 1ª Temporada (2023) Dublado WEB-DL 4K | 720p | 1080p / Legendado 5.1" thumb="image://https%3a%2f%2fimage.tmdb.org%2ft%2fp%2fw500%2fhSSqDbyGNidbq8x7Z7HjoWzfqFQ.jpg/" fanart="none">ActivateWindow(videos,&quot;plugin://plugin.video.GladistonXD/?background=None&amp;cache=0&amp;iconimage=https%3a%2f%2fimage.tmdb.org%2ft%2fp%2fw500%2fhSSqDbyGNidbq8x7Z7HjoWzfqFQ.jpg&amp;info=%c2%a0&amp;legdub=None&amp;logos=https%3a%2f%2fimage.tmdb.org%2ft%2fp%2fw500%2fhSSqDbyGNidbq8x7Z7HjoWzfqFQ.jpg&amp;metah&amp;mode=174&amp;name=Mrs.%20Davis%201%c2%aa%20Temporada%20(2023)%20Dublado%20WEB-DL%204K%20%7c%20720p%20%7c%201080p%20%2f%20Legendado%205.1&amp;url=https%3a%2f%2fwww.torrentdosfilmeshd1.net%2fmrs-davis-1a-temporada-dublado-torrent-download%2f&quot;,return)</favourite>
</favourites>