<favourites>
    <favourite name="Rdns" thumb="image://%2fstorage%2f.kodi%2faddons%2fplugin.video.sstv%2ficon.png/" fanart="image://%2fstorage%2f.kodi%2faddons%2fplugin.video.sstv%2ffanart.jpg/">ActivateWindow(videos,&quot;plugin://plugin.video.rdns/?url=live&amp;mode=1&amp;name=%5BB%5D%5BCOLOR+white%5DLive+Channels%5B%2FCOLOR%5D%5B%2FB%5D&amp;iconimage=%2Fstorage%2F.kodi%2Faddons%2Fplugin.video.sstv%2Ficon.png&amp;description=&quot;,return)</favourite>
    <favourite name="SSTV" thumb="image://%2fstorage%2f.kodi%2faddons%2fplugin.video.sstv%2ficon.png/" fanart="image://%2fstorage%2f.kodi%2faddons%2fplugin.video.sstv%2ffanart.jpg/">ActivateWindow(videos,&quot;plugin://plugin.video.sstv&quot;,return)</favourite>
    <favourite name="IPTV PREMIUM" thumb="special://home/addons/plugin.program.simple.favourites/resources/img/unknown.png" fanart="image://%2fstorage%2f.kodi%2faddons%2fplugin.video.iptvpremium.matrix%2ffanart.jpg/">ActivateWindow(videos,&quot;plugin://plugin.video.iptvpremium.matrix/?url=&amp;mode=2&amp;name=%5BB%5DEntrar%5B%2FB%5D&amp;fanart=&amp;iconimage=&amp;description=&quot;,return)</favourite>
    <favourite name="Kodilioucos" thumb="image://https%3a%2f%2fi.imgur.com%2fIP5LxkP.png/" fanart="image://https%3a%2f%2fi.imgur.com%2fYbwYk7G.jpg/">ActivateWindow(videos,&quot;plugin://plugin.video.kodiloucos_brasil/?url=aHR0cHM6Ly9kb2NzLmdvb2dsZS5jb20vdWM%2FZXhwb3J0PWRvd25sb2FkJmlkPTFvczdrSVhuQWhXQi1zaXAyV24tVG4wMkNTQ2Q3SXcxQQ%3D%3D&amp;mode=1&amp;name=%5BB%5D%5BCOLOR+yellow%5D%3E%3E%5B%2FCOLOR%5D+%5BCOLOR+white%5DTV+AO+VIVO+%5B%2FCOLOR%5D%5B%2FB%5D+&amp;fanart=https%3A%2F%2Fi.imgur.com%2FYbwYk7G.jpg&quot;,return)</favourite>
    <favourite name="PlayXD" thumb="image://https%3a%2f%2fuploaddeimagens.com.br%2fimages%2f002%2f595%2f851%2foriginal%2fCanaisTV55.jpg/" fanart="image://https%3a%2f%2fuploaddeimagens.com.br%2fimages%2f002%2f595%2f851%2foriginal%2fCanaisTV55.jpg/">ActivateWindow(videos,&quot;plugin://plugin.video.GladistonXD/?name=%5BCOLOR+white%5D%5BB%5DCanais+de+TV%5B%2FB%5D%5B%2FCOLOR%5D&amp;url=&amp;mode=-1&amp;iconimage=https%3A%2F%2Fuploaddeimagens.com.br%2Fimages%2F002%2F595%2F851%2Foriginal%2FCanaisTV55.jpg&amp;logos=https%3A%2F%2Fuploaddeimagens.com.br%2Fimages%2F002%2F595%2F851%2Foriginal%2FCanaisTV55.jpg&amp;cache=0&amp;info=%5BCOLOR%5D%5B%2FCOLOR%5D&amp;background=None&amp;legdub=None&amp;metah=&quot;,return)</favourite>
    <favourite name="Playlist Loader" thumb="image://%2fstorage%2f.kodi%2faddons%2fplugin.video.playlistloader%2ficon.png/" fanart="none">ActivateWindow(videos,&quot;plugin://plugin.video.playlistloader&quot;,return)</favourite>
    <favourite name="Pluto" thumb="image://%2fstorage%2f.kodi%2faddons%2fplugin.video.plutotv%2fresources%2fimages%2ficon.png/" fanart="image://%2fstorage%2f.kodi%2faddons%2fplugin.video.plutotv%2fresources%2fimages%2ffanart.jpg/">ActivateWindow(videos,&quot;plugin://plugin.video.plutotv/favorites&quot;,return)</favourite>
    <favourite name="Pluto (ITA)" thumb="image://https%3a%2f%2fflagcdn.com%2fh240%2fit.png/" fanart="image://%2fstorage%2f.kodi%2faddons%2fslyguy.pluto.tv.provider%2ffanart.jpg/">ActivateWindow(videos,&quot;plugin://slyguy.pluto.tv.provider/?_=live_tv&amp;code=it&quot;,return)</favourite>
    <favourite name="Samsung" thumb="image://https%3a%2f%2fflagcdn.com%2fw1280%2fit.png/" fanart="image://%2fstorage%2f.kodi%2faddons%2fslyguy.samsung.tv.plus%2ffanart.jpg/">ActivateWindow(videos,&quot;plugin://slyguy.samsung.tv.plus/?_=live_tv&amp;code=it&quot;,return)</favourite>
    <favourite name="Thunder" thumb="image://%2fstorage%2f.kodi%2faddons%2fplugin.video.thethunder%2fresources%2fmedia%2flive_tv.png/" fanart="image://%2fstorage%2f.kodi%2faddons%2fplugin.video.thethunder%2ffanart.jpg/">ActivateWindow(videos,&quot;plugin://plugin.video.thethunder/?name=%5BB%5DTV+ao+vivo%5B%2FB%5D&amp;action=live_tv&amp;mediatype=video&amp;iconimage=%2Fstorage%2F.kodi%2Faddons%2Fplugin.video.thethunder%2Fresources%2Fmedia%2Flive_tv.png&quot;,return)</favourite>
    <favourite name="SPINABR" thumb="image://https%3a%2f%2fia601507.us.archive.org%2f4%2fitems%2ftwo-addons-bm-vindos%2ftwo%2520addons%2520BM%2520VINDOS.jpg/" fanart="image://https%3a%2f%2fia601506.us.archive.org%2f1%2fitems%2ffa_20220903%2ftwo%2520addons3.jpg/">ActivateWindow(videos,&quot;plugin://plugin.video.twoaddons/?url=https%3A%2F%2Fgist.githubusercontent.com%2Fspinabr%2F778c436757fa6be67f6ae71464151efd%2Fraw%2F&amp;mode=1&amp;name=%5BB%5D%5BCOLOR+blue%5D%5B%2FCOLOR%5D+%5BCOLOR+yellow%5D+%3D%3D%3D%3D+SPINA+BR+%3D%3D%3D%3D%5B%2FCOLOR%5D%5B%2FB%5D&amp;fanart=https%3A%2F%2Fia601506.us.archive.org%2F1%2Fitems%2Ffa_20220903%2Ftwo%2520addons3.jpg&quot;,return)</favourite>
    <favourite name="TWO" thumb="image://https%3a%2f%2fia601506.us.archive.org%2f1%2fitems%2ffa_20220903%2ftwo%2520addons3.jpg/" fanart="image://https%3a%2f%2fia601506.us.archive.org%2f1%2fitems%2ffa_20220903%2ftwo%2520addons3.jpg/">ActivateWindow(videos,&quot;plugin://plugin.video.twoaddons/?url=https%3A%2F%2Fraw.githubusercontent.com%2Ftwoaddons%2FREPO-TWO-ADDON%2Fmain%2Fservidores.xml%2F&amp;mode=1&amp;name=%5BB%5D%5BCOLOR+blue%5DTWOADDONS+BR%5B%2FCOLOR%5D+%2A+%5BCOLOR+white%5D+TV+AO+VIVO+-+TESTES+%5B%2FCOLOR%5D%5B%2FB%5D&amp;fanart=https%3A%2F%2Fia601506.us.archive.org%2F1%2Fitems%2Ffa_20220903%2Ftwo%2520addons3.jpg&quot;,return)</favourite>
    <favourite name="Xcodes" thumb="image://%2fstorage%2f.kodi%2faddons%2fplugin.video.x-codes%2fresources%2fmedia%2ficonlive.png/" fanart="image://%2fstorage%2f.kodi%2faddons%2fplugin.video.x-codes%2fresources%2fmedia%2fbackground.jpg/">ActivateWindow(videos,&quot;plugin://plugin.video.x-codes/?url=live&amp;mode=1&amp;name=Live+TV&amp;iconimage=%2Fstorage%2F.kodi%2Faddons%2Fplugin.video.x-codes%2Fresources%2Fmedia%2Ficonlive.png&amp;description=&quot;,return)</favourite>
    <favourite name="XCUI" thumb="image://%2fstorage%2f.kodi%2faddons%2fplugin.video.iptvxc%2fresources%2fmedia%2ficonlive.png/" fanart="image://%2fstorage%2f.kodi%2faddons%2fplugin.video.iptvxc%2fresources%2fmedia%2fbackground.jpg/">ActivateWindow(videos,&quot;plugin://plugin.video.iptvxc/?url=live&amp;mode=1&amp;name=Live+TV&amp;iconimage=%2Fstorage%2F.kodi%2Faddons%2Fplugin.video.iptvxc%2Fresources%2Fmedia%2Ficonlive.png&amp;description=&quot;,return)</favourite>
    <favourite name="Listas (Andrea)" thumb="image://https%3a%2f%2fculturaz.santoandre.sp.gov.br%2ffiles%2fproject%2f1204%2ffile%2f263046%2funnamed-5810f8523b5b1ffdd90ef5b93712b26b.png/" fanart="none">ActivateWindow(videos,&quot;plugin://plugin.video.favourites/index_of/special%3A%2F%2Fhome%2Faddons%2Fplugin.video.favourites%2Ffolders%2FAND_listas%2F&quot;,return)</favourite>
    <favourite name="Vavoo" thumb="image://%2fstorage%2f.kodi%2faddons%2fplugin.video.vavooto%2fresources%2fpvr.png/" fanart="none">ActivateWindow(videos,&quot;plugin://plugin.video.vavooto/?action=channels&quot;,return)</favourite>
    <favourite name="Kemo" thumb="image://%2fstorage%2f.kodi%2faddons%2fplugin.video.kemo%2fresources%2ficons%2flivetv.png/" fanart="image://%2fstorage%2f.kodi%2faddons%2fplugin.video.kemo%2ffanart.jpg/">ActivateWindow(videos,&quot;plugin://plugin.video.kemo/?url=url&amp;mode=22&amp;name=%5BB%5D%5BCOLOR%20white%5DLive%5B/COLOR%5D%5B/B%5D&amp;iconimage=/storage/.kodi/addons/plugin.video.kemo/resources/icons/livetv.png&amp;description=Live%20Channels&amp;xtra=test_parm&quot;,return)</favourite>
</favourites>