<favourites>
    
    <favourite name="01 ●≡ ACAIDOPARA  |  f4mTester" thumb="https://play-lh.googleusercontent.com/mDeKU1_xVu9_yBSTJaIb9Gjc9jHhIPDLR6xb9ZwJDU0nxYmLk3REmnutJvmp0PWdlA" fanart="http://repository.androidtvgeek.com/images/iptv/iptv.jpg">ActivateWindow(videos,&quot;plugin://plugin.video.twoaddons/?url=https%3A%2F%2Fgist.githubusercontent.com%2Fspin4%2F37c694b28f39a2470f0ccbb1e875d700%2Fraw%2Faf6492ede582ed66814aaba42e2412e0302965da%2Foooo&amp;mode=1&amp;name=%5BB%5D%5BCOLOR+blue%5D%E2%97%8F%E2%89%A1+%5B%2FCOLOR%5D+%5BCOLOR+white%5D+SERVIDOR+13+%7C+%5BCOLOR+red%5D+spina%5B%2FCOLOR%5D%5BCOLOR+orange%5Dbr%5B%2FCOLOR%5D%5B%2FB%5D&amp;fanart=http%3A%2F%2Froger1964.antaeus.feralhosting.com%2FMedia%2FPainel%2Fneotvfanart.jpg&quot;,return)</favourite>
	<favourite name="02 ●≡ ACAIDOPARA  |  f4mTester" thumb="https://play-lh.googleusercontent.com/mDeKU1_xVu9_yBSTJaIb9Gjc9jHhIPDLR6xb9ZwJDU0nxYmLk3REmnutJvmp0PWdlA" fanart="http://repository.androidtvgeek.com/images/iptv/iptv.jpg">ActivateWindow(videos,&quot;plugin://plugin.video.twoaddons/?url=https%3A%2F%2Fgist.githubusercontent.com%2Fspina777%2F9923d15e660f5ac921804b7287da2644%2Fraw%2Fbdf7b7f77e4f445f28f753442772227996cbb942%2F000000&amp;mode=1&amp;name=%5BB%5D%5BCOLOR+blue%5D%E2%97%8F%E2%89%A1+%5B%2FCOLOR%5D+%5BCOLOR+white%5D+SERVIDOR+13+%7C+%5BCOLOR+red%5D+spina%5B%2FCOLOR%5D%5BCOLOR+orange%5Dbr%5B%2FCOLOR%5D%5B%2FB%5D&amp;fanart=http%3A%2F%2Froger1964.antaeus.feralhosting.com%2FMedia%2FPainel%2Fneotvfanart.jpg&quot;,return)</favourite>
	<favourite name="03 ●≡ ACAIDOPARA  |  f4mTester" thumb="https://play-lh.googleusercontent.com/mDeKU1_xVu9_yBSTJaIb9Gjc9jHhIPDLR6xb9ZwJDU0nxYmLk3REmnutJvmp0PWdlA" fanart="http://repository.androidtvgeek.com/images/iptv/iptv.jpg">ActivateWindow(videos,&quot;plugin://plugin.video.twoaddons/?url=https%3A%2F%2Fgist.githubusercontent.com%2Fspina777%2F9923d15e660f5ac921804b7287da2644%2Fraw%2Ff05b4a97e9f76b5248da5715b094bc3f1aa7ccee%2F000000&amp;mode=1&amp;name=%5BB%5D%5BCOLOR+blue%5D%E2%97%8F%E2%89%A1+%5B%2FCOLOR%5D+%5BCOLOR+white%5D+SERVIDOR+13+%7C+%5BCOLOR+red%5D+spina%5B%2FCOLOR%5D%5BCOLOR+orange%5Dbr%5B%2FCOLOR%5D%5B%2FB%5D&amp;fanart=http%3A%2F%2Froger1964.antaeus.feralhosting.com%2FMedia%2FPainel%2Fneotvfanart.jpg&quot;,return)</favourite>
	<favourite name="04 ●≡ ACAIDOPARA  |  f4mTester" thumb="https://play-lh.googleusercontent.com/mDeKU1_xVu9_yBSTJaIb9Gjc9jHhIPDLR6xb9ZwJDU0nxYmLk3REmnutJvmp0PWdlA" fanart="http://repository.androidtvgeek.com/images/iptv/iptv.jpg">ActivateWindow(videos,&quot;plugin://plugin.video.twoaddons/?url=https%3A%2F%2Fgist.githubusercontent.com%2Fspin4%2F37c694b28f39a2470f0ccbb1e875d700%2Fraw%2F4f2817148ed9622952de8b019d55f1cf6cc8ed9c%2Foooo&amp;mode=1&amp;name=%5BB%5D%5BCOLOR+blue%5D%E2%97%8F%E2%89%A1+%5B%2FCOLOR%5D+%5BCOLOR+white%5D+SERVIDOR+13+%7C+%5BCOLOR+red%5D+spina%5B%2FCOLOR%5D%5BCOLOR+orange%5Dbr%5B%2FCOLOR%5D%5B%2FB%5D&amp;fanart=http%3A%2F%2Froger1964.antaeus.feralhosting.com%2FMedia%2FPainel%2Fneotvfanart.jpg&quot;,return)</favourite>
	<favourite name="05 ●≡ ACAIDOPARA  |  f4mTester" thumb="https://play-lh.googleusercontent.com/mDeKU1_xVu9_yBSTJaIb9Gjc9jHhIPDLR6xb9ZwJDU0nxYmLk3REmnutJvmp0PWdlA" fanart="http://repository.androidtvgeek.com/images/iptv/iptv.jpg">ActivateWindow(videos,&quot;plugin://plugin.video.twoaddons/?url=https%3A%2F%2Fgist.githubusercontent.com%2Fspina777%2F9923d15e660f5ac921804b7287da2644%2Fraw%2Faf8ebfbffded8481e09fed09512d299d0fce80f9%2F000000&amp;mode=1&amp;name=%5BB%5D%5BCOLOR+blue%5D%E2%97%8F%E2%89%A1+%5B%2FCOLOR%5D+%5BCOLOR+white%5D+SERVIDOR+13+%7C+%5BCOLOR+red%5D+spina%5B%2FCOLOR%5D%5BCOLOR+orange%5Dbr%5B%2FCOLOR%5D%5B%2FB%5D&amp;fanart=http%3A%2F%2Froger1964.antaeus.feralhosting.com%2FMedia%2FPainel%2Fneotvfanart.jpg&quot;,return)</favourite>
	
	
	
</favourites>





*01- http://dns.acaidopara.net:8080/get.php?username=ricardopires296&password=sptb38265&type=m3u_plus&output=ts	Active	08/09/2022 18:36:39	08/06/2023 18:36:39	0	0	2	"m3u8","ts"	
https://gist.githubusercontent.com/spin4/37c694b28f39a2470f0ccbb1e875d700/raw/af6492ede582ed66814aaba42e2412e0302965da/oooo
*02- http://dns.acaidopara.net:8080/get.php?username=ggeovaniclaudiney&password=463gfdg3573&type=m3u&output=ts	Active	11/06/2022 17:28:22	12/09/2023 00:04:30	0	1	3	"m3u8","ts"	
https://gist.githubusercontent.com/spina777/9923d15e660f5ac921804b7287da2644/raw/bdf7b7f77e4f445f28f753442772227996cbb942/000000
*03- http://dns.acaidopara.net:8080/get.php?username=josealmeida7&password=sU5ptebhex&type=m3u&output=ts	Active	17/06/2022 21:26:02	23/09/2023 00:18:44	0	2	2	"m3u8","ts"	
https://gist.githubusercontent.com/spina777/9923d15e660f5ac921804b7287da2644/raw/f05b4a97e9f76b5248da5715b094bc3f1aa7ccee/000000
*04- http://dns.acaidopara.net:8080/get.php?username=domingas001&password=s5fk2kvbts&type=m3u&output=ts	Active	19/05/2022 22:12:34	29/05/2023 18:31:48	0	1	2	"m3u8","ts","rtmp"	
https://gist.githubusercontent.com/spin4/37c694b28f39a2470f0ccbb1e875d700/raw/4f2817148ed9622952de8b019d55f1cf6cc8ed9c/oooo
*05- http://dns.acaidopara.net:8080/get.php?username=rodrigocris5428273683&password=52829485830374&type=m3u&output=ts	Active	29/11/2022 11:33:59	01/10/2023 15:33:59	0	1	2	"m3u8","ts"	
https://gist.githubusercontent.com/spina777/9923d15e660f5ac921804b7287da2644/raw/af8ebfbffded8481e09fed09512d299d0fce80f9/000000







http://dns.acaidopara.net:8080/get.php?username=wmartins&password=WmT136500&type=m3u&output=ts	Active	11/06/2022 17:28:22	12/09/2023 00:04:30	0	0	1	"m3u8","ts"	
http://dns.acaidopara.net:8080/get.php?username=SulivanEsteves&password=Sulivan2021Se&type=m3u&output=ts	Active	25/11/2021 22:29:07	26/09/2023 00:38:46	0	0	1	"m3u8","ts"	
http://dns.acaidopara.net:8080/get.php?username=igor828211&password=828211igor&type=m3u&output=ts	Active	29/09/2022 01:45:29	04/09/2023 00:43:03	0	0	1	"m3u8","ts"	
http://dns.acaidopara.net/get.php?username=4799363124&password=99363124&type=m3u&output=ts	Active	24/10/2019 20:55:11	24/09/2023 13:25:29	0	0	1	"m3u8","ts"	
http://dns.acaidopara.net/get.php?username=21964322157m&password=useplay2196&type=m3u&output=ts	Active	23/12/2021 21:58:55	24/09/2023 12:06:06	0	1	1	"m3u8","ts"	
http://dns.acaidopara.net:80/get.php?username=Carlosrj001&password=Car051019@&type=m3u&output=ts	Active	04/07/2023 20:50:06	26/10/2023 04:21:37	0	1	1	"m3u8","ts","rtmp"	
http://dns.acaidopara.net:8080/get.php?username=21964322157m&password=useplay2196&type=m3u&output=ts	Active	23/12/2021 21:58:55	24/09/2023 12:06:06	0	1	1	"m3u8","ts"	
http://dns.acaidopara.net:80/get.php?username=21964322157m&password=useplay2196&type=m3u&output=ts	Active	23/12/2021 21:58:55	24/09/2023 12:06:06	0	1	1	"m3u8","ts"	
http://dns.acaidopara.net:8080/get.php?username=aqSjd1xV2v&password=IDFySKHR9W&type=m3u&output=ts	Active	10/02/2022 00:29:28	11/02/2024 16:03:13	0	0	1	"m3u8","ts"	
http://dns.acaidopara.net:80/get.php?username=4799363124&password=99363124&type=m3u&output=ts	Active	24/10/2019 20:55:11	24/09/2023 13:25:29	0	0	1	"m3u8","ts"	
http://dns.acaidopara.net/get.php?username=2022julio&password=9232julio2022&type=m3u&output=ts	Active	21/10/2022 23:38:42	24/09/2023 23:11:32	0	1	1	"m3u8","ts"	
http://dns.acaidopara.net:80/get.php?username=0000clientetv&password=9a8b7c6d5e4f3g2h1I&type=m3u&output=ts	Active	02/08/2023 02:01:34	08/09/2023 18:50:43	0	0	1	"m3u8","ts","rtmp"	
http://dns.acaidopara.net:80/get.php?username=Amandimas&password=AmadimasD3&type=m3u&output=ts	Active	08/07/2022 20:40:24	10/09/2023 16:50:00	0	1	1	"m3u8","ts"	
http://dns.acaidopara.net:80/get.php?username=Alineholanda80&password=Holanda80&type=m3u&output=ts	Active	21/08/2022 16:22:54	30/08/2023 01:11:12	0	1	1	"m3u8","ts"	
http://dns.acaidopara.net/get.php?username=21Selma&password=Selmajacarei201&type=m3u&output=ts	Active	28/06/2022 21:52:02	02/09/2023 19:51:49	0	0	1	"m3u8","ts"	
http://dns.acaidopara.net/get.php?username=Douglas48518&password=874Santos8754&type=m3u&output=ts	Active	05/07/2022 15:23:37	07/09/2023 19:50:18	0	0	1	"m3u8","ts"	
http://dns.acaidopara.net/get.php?username=Jpcavalcante&password=maris8725n&type=m3u&output=ts	Active	13/04/2022 18:29:32	13/09/2023 22:29:32	0	0	1	"m3u8","ts"	
http://dns.acaidopara.net/get.php?username=Everton12&password=394757422&type=m3u&output=ts	Active	08/01/2022 14:53:51	09/09/2023 18:59:54	0	0	1	"m3u8","ts"	
http://dns.acaidopara.net/get.php?username=Eurides&password=kawa26052022&type=m3u&output=ts	Active	11/11/2019 19:32:42	18/09/2023 23:49:33	0	1	1	"m3u8","ts"	
http://dns.acaidopara.net/get.php?username=PauloRoberto2&password=11112019&type=m3u&output=ts	Active	11/11/2019 19:32:42	18/09/2023 23:49:33	0	1	1	"m3u8","ts"	
http://dns.acaidopara.net/get.php?username=Orneles1711&password=OrnelesFer1711&type=m3u&output=ts	Active	21/05/2021 02:23:48	06/09/2023 16:15:21	0	0	1	"m3u8","ts"	
http://dns.acaidopara.net/get.php?username=evelynMon&password=ztyh9823my&type=m3u&output=ts	Active	19/05/2022 22:12:34	02/09/2023 20:27:18	0	0	1	"m3u8","ts"	
http://dns.acaidopara.net:8080/get.php?username=Alineholanda80&password=Holanda80&type=m3u&output=ts	Active	21/08/2022 16:22:54	30/08/2023 01:11:12	0	1	1	"m3u8","ts"	
http://dns.acaidopara.net:8080/get.php?username=070320&password=werwcmp939&type=m3u&output=ts	Active	03/07/2023 23:51:49	09/09/2023 17:16:31	0	0	1	"m3u8","ts","rtmp"	
http://dns.acaidopara.net:8080/get.php?username=0s7i44rKaE&password=RTQVVBRKLy&type=m3u&output=ts	Active	29/09/2022 21:00:03	22/10/2023 21:33:52	0	0	1	"m3u8","ts"	
http://dns.acaidopara.net:8080/get.php?username=0000clientetv&password=9a8b7c6d5e4f3g2h1I&type=m3u&output=ts	Active	02/08/2023 02:01:34	08/09/2023 18:50:43	0	0	1	"m3u8","ts","rtmp"	
http://dns.acaidopara.net:8080/get.php?username=070320&password=WerWcMP939&type=m3u&output=ts	Active	03/07/2023 23:51:49	09/09/2023 17:16:31	0	0	1	"m3u8","ts","rtmp"	
http://dns.acaidopara.net:8080/get.php?username=12996395977&password=teste@395977&type=m3u&output=ts	Active	16/09/2022 21:45:41	17/09/2023 01:45:41	0	1	1	"m3u8","ts"	
http://dns.acaidopara.net:8080/get.php?username=0s7i44rKaE&password=rtqvvbrkly&type=m3u&output=ts	Active	29/09/2022 21:00:03	22/10/2023 21:33:52	0	0	1	"m3u8","ts"	
http://dns.acaidopara.net:8080/get.php?username=2022julio&password=9232julio2022&type=m3u&output=ts	Active	21/10/2022 23:38:42	24/09/2023 23:11:32	0	1	1	"m3u8","ts"	
http://dns.acaidopara.net:8080/get.php?username=19983575982&password=6955Pf&type=m3u&output=ts	Active	26/03/2023 00:52:49	27/12/2023 14:08:41	0	0	1	"m3u8","ts","rtmp"	
http://dns.acaidopara.net:8080/get.php?username=13988682164&password=7836283&type=m3u&output=ts	Active	16/12/2019 22:20:50	13/09/2023 21:58:40	0	0	1	"m3u8","ts"	
http://dns.acaidopara.net:8080/get.php?username=4250dae88w&password=425088dsa9&type=m3u&output=ts	Active	21/10/2021 00:43:31	22/09/2023 01:42:05	0	1	1	"m3u8","ts","rtmp"	
http://dns.acaidopara.net:8080/get.php?username=509723471380&password=723408910811&type=m3u&output=ts	Active	03/01/2022 01:45:40	14/09/2023 01:35:02	0	1	1	"m3u8","ts"	
http://dns.acaidopara.net:8080/get.php?username=5083175971&password=3175971508&type=m3u&output=ts	Active	23/07/2022 19:09:55	24/01/2024 22:16:02	0	1	1	"m3u8","ts"	
http://dns.acaidopara.net:8080/get.php?username=21Selma&password=Selmajacarei201&type=m3u&output=ts	Active	28/06/2022 21:52:02	02/09/2023 19:51:49	0	0	1	"m3u8","ts"	
http://dns.acaidopara.net:8080/get.php?username=588Cardoso54760&password=54760cardoso754&type=m3u&output=ts	Active	21/06/2022 21:58:22	22/09/2023 22:25:39	0	0	1	"m3u8","ts"	
http://dns.acaidopara.net:8080/get.php?username=654Remulo7931&password=Sanches7843&type=m3u&output=ts	Active	02/05/2023 17:19:08	08/09/2023 22:37:06	0	0	1	"m3u8","ts","rtmp"	
http://dns.acaidopara.net:8080/get.php?username=34996751525&password=996751525asd&type=m3u&output=ts	Active	17/03/2023 23:17:32	17/10/2023 23:17:32	0	1	1	"m3u8","ts","rtmp"	
http://dns.acaidopara.net:8080/get.php?username=654Remulo7931&password=sanches7843&type=m3u&output=ts	Active	02/05/2023 17:19:08	08/09/2023 22:37:06	0	0	1	"m3u8","ts","rtmp"	
http://dns.acaidopara.net:8080/get.php?username=62854248&password=htavlrcww&type=m3u&output=ts	Active	07/04/2022 17:08:52	13/10/2023 23:07:13	0	0	1	"m3u8","ts"	
http://dns.acaidopara.net:8080/get.php?username=7050da13&password=705013quarto9&type=m3u&output=ts	Active	17/05/2020 00:35:28	18/09/2023 16:18:38	0	0	1	"m3u8","ts"	
http://dns.acaidopara.net:8080/get.php?username=588Cardoso54760&password=54760Cardoso754&type=m3u&output=ts	Active	21/06/2022 21:58:22	22/09/2023 22:25:39	0	0	1	"m3u8","ts"	
http://dns.acaidopara.net:8080/get.php?username=67289066&password=55281759&type=m3u&output=ts	Active	18/07/2023 00:55:03	23/09/2023 02:39:28	0	0	1	"m3u8","ts","rtmp"	
http://dns.acaidopara.net:8080/get.php?username=6yey55dghh&password=ser019gio3&type=m3u&output=ts	Active	30/06/2022 14:32:04	03/12/2023 13:11:23	0	0	1	"m3u8","ts"	
http://dns.acaidopara.net:8080/get.php?username=765Aline6543&password=IrmaAline2022&type=m3u&output=ts	Active	30/06/2022 14:32:04	03/12/2023 13:11:23	0	0	1	"m3u8","ts"	
http://dns.acaidopara.net:8080/get.php?username=76123143&password=3186942089&type=m3u&output=ts	Active	05/05/2022 09:59:55	05/09/2023 13:59:55	0	0	1	"m3u8","ts"	
http://dns.acaidopara.net:8080/get.php?username=834sp3sp67&password=11baiano11&type=m3u&output=ts	Active	08/12/2021 23:10:18	07/09/2023 20:25:00	0	0	1	"m3u8","ts"	
http://dns.acaidopara.net:8080/get.php?username=9Vy7dX&password=GxEX5hxH&type=m3u&output=ts	Active	03/03/2022 20:46:09	09/09/2023 12:55:24	0	1	1	"m3u8","ts","rtmp"	
http://dns.acaidopara.net:8080/get.php?username=8499879165&password=112233&type=m3u&output=ts	Active	12/10/2019 14:23:16	08/09/2023 18:24:33	0	1	1	"m3u8","ts","rtmp"	
http://dns.acaidopara.net:8080/get.php?username=@Geraldo2786&password=@xavier6894&type=m3u&output=ts	Active	09/08/2022 15:56:01	11/12/2023 15:58:28	0	0	1	"m3u8","ts"	
http://dns.acaidopara.net:8080/get.php?username=@Geraldo2786&password=@Xavier6894&type=m3u&output=ts	Active	09/08/2022 15:56:01	11/12/2023 15:58:28	0	0	1	"m3u8","ts"	
http://dns.acaidopara.net:8080/get.php?username=8361vcx81&password=836181oficial&type=m3u&output=ts	Active	28/08/2021 21:25:16	01/09/2023 21:56:30	0	0	1	"m3u8","ts","rtmp"	
http://dns.acaidopara.net:8080/get.php?username=TV8taI5Pmonica&password=CdpKcqNE2022&type=m3u&output=ts	Active	15/10/2022 22:41:32	16/09/2023 02:41:32	0	0	1	"m3u8","ts"	
http://dns.acaidopara.net:8080/get.php?username=@Daniele83923&password=@Evelyn47193&type=m3u&output=ts	Active	17/09/2022 13:47:48	17/03/2024 17:47:48	0	0	1	"m3u8","ts"	
http://dns.acaidopara.net:8080/get.php?username=Ademirjosequarto&password=100limitscell&type=m3u&output=ts	Active	19/08/2022 20:08:06	27/08/2023 23:54:23	0	1	1	"m3u8","ts"	
http://dns.acaidopara.net:8080/get.php?username=Alexferracini&password=DC7a3v0UxQ&type=m3u&output=ts	Active	09/03/2021 00:50:04	08/09/2023 01:19:47	0	0	1	"m3u8","ts"	
http://dns.acaidopara.net:8080/get.php?username=9Vy7dX&password=gxex5hxh&type=m3u&output=ts	Active	03/03/2022 20:46:09	09/09/2023 12:55:24	0	1	1	"m3u8","ts","rtmp"	
http://dns.acaidopara.net:8080/get.php?username=AndersonCosta2&password=pMmCxjbChx&type=m3u&output=ts	Active	28/01/2022 22:27:56	02/09/2023 14:42:54	0	1	1	"m3u8","ts"	
http://dns.acaidopara.net:8080/get.php?username=AndLucena8&password=pade8hzega&type=m3u&output=ts	Active	19/07/2021 16:18:11	20/09/2023 15:44:00	0	0	1	"m3u8","ts"	
http://dns.acaidopara.net:8080/get.php?username=Andreimanobom&password=081177uRs.&type=m3u&output=ts	Active	04/12/2021 11:23:11	05/09/2023 10:24:28	0	1	1	"m3u8","ts"	
http://dns.acaidopara.net:8080/get.php?username=Antoniaa&password=17327317362&type=m3u&output=ts	Active	04/07/2023 23:12:45	05/09/2023 00:22:04	0	1	1	"m3u8","ts","rtmp"	
http://dns.acaidopara.net:8080/get.php?username=Augusto3&password=ABC102030@&type=m3u&output=ts	Active	28/08/2022 23:45:26	06/09/2023 01:51:56	0	1	1	"m3u8","ts"	
http://dns.acaidopara.net:8080/get.php?username=Amandimas&password=AmadimasD3&type=m3u&output=ts	Active	08/07/2022 20:40:24	10/09/2023 16:50:00	0	1	1	"m3u8","ts"	
http://dns.acaidopara.net:8080/get.php?username=AndreTiango&password=49549at&type=m3u&output=ts	Active	12/08/2023 02:28:48	12/02/2024 06:28:47	0	0	1	"m3u8","ts","rtmp"	
http://dns.acaidopara.net:8080/get.php?username=Augusto3&password=abc102030@&type=m3u&output=ts	Active	28/08/2022 23:45:26	06/09/2023 01:51:56	0	1	1	"m3u8","ts"	
http://dns.acaidopara.net:8080/get.php?username=Carlosrj001&password=Car051019@&type=m3u&output=ts	Active	10/07/2023 19:20:55	10/09/2023 23:20:55	0	1	1	"m3u8","ts","rtmp"	
http://dns.acaidopara.net:8080/get.php?username=Cassiorua&password=18384548283832&type=m3u&output=ts	Active	10/07/2023 19:20:55	10/09/2023 23:20:55	0	0	1	"m3u8","ts","rtmp"	
http://dns.acaidopara.net:8080/get.php?username=Cinthia0227&password=11979900227&type=m3u&output=ts	Active	13/04/2023 16:32:43	10/09/2023 18:41:18	0	1	1	"m3u8","ts"	
http://dns.acaidopara.net:8080/get.php?username=Clodoaldobz&password=YjrWUvd8dD&type=m3u&output=ts	Active	24/12/2020 00:59:21	24/09/2023 22:29:51	0	0	1	"m3u8","ts","rtmp"	
http://dns.acaidopara.net:8080/get.php?username=Clebergja&password=reffi1320ff&type=m3u&output=ts	Active	13/04/2023 16:32:43	10/09/2023 18:41:18	0	1	1	"m3u8","ts"	
http://dns.acaidopara.net:8080/get.php?username=Clodoaldobz&password=yjrwuvd8dd&type=m3u&output=ts	Active	13/04/2023 16:32:43	10/09/2023 18:41:18	0	0	1	"m3u8","ts","rtmp"	
http://dns.acaidopara.net:8080/get.php?username=Camilapito&password=14996865240&type=m3u&output=ts	Active	04/06/2023 19:33:33	19/09/2023 00:20:45	0	1	1	"m3u8","ts","rtmp"	
http://dns.acaidopara.net:8080/get.php?username=DqEtRRAyZS&password=xukyqeegks&type=m3u&output=ts	Active	04/07/2021 23:37:58	16/09/2023 22:19:15	0	2	1	"m3u8","ts"	
http://dns.acaidopara.net:8080/get.php?username=Douglas48518&password=874Santos8754&type=m3u&output=ts	Active	05/07/2022 15:23:37	07/09/2023 19:50:18	0	0	1	"m3u8","ts"	
http://dns.acaidopara.net:8080/get.php?username=DqEtRRAyZS&password=xukyQeEGks&type=m3u&output=ts	Active	05/07/2022 15:23:37	07/09/2023 19:50:18	0	2	1	"m3u8","ts"	
http://dns.acaidopara.net:8080/get.php?username=Douglas48518&password=874santos8754&type=m3u&output=ts	Active	25/08/2022 20:25:27	26/08/2023 22:40:25	0	0	1	"m3u8","ts"	
http://dns.acaidopara.net:8080/get.php?username=Clebergja&password=ReFFi1320Ff&type=m3u&output=ts	Active	25/08/2022 20:25:27	26/08/2023 22:40:25	0	1	1	"m3u8","ts"	
http://dns.acaidopara.net:8080/get.php?username=Claudio6431&password=11987416431&type=m3u&output=ts	Active	25/08/2022 20:25:27	26/08/2023 22:40:25	0	0	1	"m3u8","ts"	
http://dns.acaidopara.net:8080/get.php?username=Eurides&password=kawa26052022&type=m3u&output=ts	Active	20/06/2022 20:02:12	21/09/2023 11:36:15	0	1	1	"m3u8","ts"	
http://dns.acaidopara.net:8080/get.php?username=Everton12&password=394757422&type=m3u&output=ts	Active	08/01/2022 14:53:51	09/09/2023 18:59:54	0	0	1	"m3u8","ts"	
http://dns.acaidopara.net:8080/get.php?username=E9RkpKltfP&password=0HnsJyvpIK&type=m3u&output=ts	Active	12/02/2022 22:58:17	13/11/2023 12:46:48	0	0	1	"m3u8","ts"	
http://dns.acaidopara.net:8080/get.php?username=Fabio11985001842&password=f4b1o045621&type=m3u&output=ts	Active	30/08/2022 20:41:56	21/09/2023 14:33:19	0	0	1	"m3u8","ts"	
http://dns.acaidopara.net:8080/get.php?username=Francisco012&password=F35997614281&type=m3u&output=ts	Active	05/09/2022 18:21:07	06/09/2023 16:58:56	0	0	1	"m3u8","ts","rtmp"	
http://dns.acaidopara.net:8080/get.php?username=Gilbertogama&password=84988767868&type=m3u&output=ts	Active	02/07/2023 19:30:18	05/09/2023 23:28:27	0	0	1	"m3u8","ts","rtmp"	
http://dns.acaidopara.net:8080/get.php?username=JorgeAmaro&password=Jorge010722A&type=m3u&output=ts	Active	01/07/2022 12:38:05	02/10/2023 22:02:48	0	1	1	"m3u8","ts"	
http://dns.acaidopara.net:8080/get.php?username=Jasonpai8765&password=jpai564329&type=m3u&output=ts	Active	10/09/2021 18:46:38	10/09/2023 23:58:53	0	0	1	"m3u8","ts"	
http://dns.acaidopara.net:8080/get.php?username=Georgete1365&password=11972101365&type=m3u&output=ts	Active	20/08/2022 00:35:32	20/09/2023 21:19:38	0	0	1	"m3u8","ts"	
http://dns.acaidopara.net:8080/get.php?username=Jose1256&password=j568945756314s&type=m3u&output=ts	Active	24/08/2022 20:44:58	26/09/2023 01:15:23	0	0	1	"m3u8","ts"	
http://dns.acaidopara.net:8080/get.php?username=IsabelVA&password=jWaPR3Vz2022&type=m3u&output=ts	Active	19/12/2019 13:37:29	21/09/2023 09:42:39	0	0	1	"m3u8","ts"	
http://dns.acaidopara.net:8080/get.php?username=Jpcavalcante&password=maris8725n&type=m3u&output=ts	Active	13/04/2022 18:29:32	13/09/2023 22:29:32	0	0	1	"m3u8","ts"	
http://dns.acaidopara.net:8080/get.php?username=Jose1256&password=J568945756314s&type=m3u&output=ts	Active	24/08/2022 20:44:58	26/09/2023 01:15:23	0	0	1	"m3u8","ts"	
http://dns.acaidopara.net:8080/get.php?username=Lucas8128&password=Moreira7622&type=m3u&output=ts	Active	05/07/2022 16:45:10	14/09/2023 21:42:51	0	0	1	"m3u8","ts"	
http://dns.acaidopara.net:8080/get.php?username=Lucas8128&password=moreira7622&type=m3u&output=ts	Active	05/07/2022 16:45:10	14/09/2023 21:42:51	0	0	1	"m3u8","ts"	
http://dns.acaidopara.net:8080/get.php?username=Marcio9708&password=MGarcia2428&type=m3u&output=ts	Active	02/08/2023 00:19:17	12/09/2023 03:30:16	0	0	1	"m3u8","ts","rtmp"	
http://dns.acaidopara.net:8080/get.php?username=Maria290721&password=Agosto202208&type=m3u&output=ts	Active	26/08/2022 00:00:58	02/09/2023 10:18:58	0	0	1	"m3u8","ts"	
http://dns.acaidopara.net:8080/get.php?username=Maewaldir383&password=383waldirmae&type=m3u&output=ts	Active	28/08/2022 23:11:28	01/09/2023 10:27:36	0	1	1	"m3u8","ts"	
http://dns.acaidopara.net:8080/get.php?username=Mariooo&password=Deusefiel&type=m3u&output=ts	Active	14/06/2022 22:40:39	19/09/2023 22:28:34	0	1	1	"m3u8","ts"	
http://dns.acaidopara.net:8080/get.php?username=Natally11979502606&password=Natally0123&type=m3u&output=ts	Active	12/09/2022 15:45:23	15/09/2023 15:34:56	0	0	1	"m3u8","ts"	
http://dns.acaidopara.net:8080/get.php?username=PauloRoberto2&password=11112019&type=m3u&output=ts	Active	11/11/2019 19:32:42	18/09/2023 23:49:33	0	1	1	"m3u8","ts"	
http://dns.acaidopara.net:8080/get.php?username=Pedrroiptv&password=28394748397p&type=m3u&output=ts	Active	02/08/2023 22:29:43	03/09/2023 02:29:43	0	0	1	"m3u8","ts","rtmp"	
http://dns.acaidopara.net:8080/get.php?username=Orneles1711&password=ornelesfer1711&type=m3u&output=ts	Active	21/05/2021 02:23:48	06/09/2023 16:15:21	0	0	1	"m3u8","ts"	
http://dns.acaidopara.net:8080/get.php?username=Primawillian2&password=73725826gfh&type=m3u&output=ts	Active	05/08/2021 23:58:35	09/09/2023 03:26:10	0	1	1	"m3u8","ts"	
http://dns.acaidopara.net:8080/get.php?username=Mariooo&password=deusefiel&type=m3u&output=ts	Active	14/06/2022 22:40:39	19/09/2023 22:28:34	0	1	1	"m3u8","ts"	
http://dns.acaidopara.net:8080/get.php?username=Meuiptv6@12345&password=Meuiptv612345@12345&type=m3u&output=ts	Active	26/08/2022 03:00:12	07/09/2023 13:23:48	0	0	1	"m3u8","ts"	
http://dns.acaidopara.net:8080/get.php?username=Muller11&password=as48627531&type=m3u&output=ts	Active	10/11/2019 16:25:35	15/09/2023 01:27:16	0	0	1	"m3u8","ts"	
http://dns.acaidopara.net:8080/get.php?username=celia1014&password=1014celiap1014&type=m3u&output=ts	Active	04/06/2022 13:41:55	04/09/2023 13:41:55	0	1	1		
http://dns.acaidopara.net:8080/get.php?username=Natally11979502606&password=natally0123&type=m3u&output=ts	Active	12/09/2022 15:45:23	15/09/2023 15:34:56	0	0	1	"m3u8","ts"	
http://dns.acaidopara.net:8080/get.php?username=Rodrigo&password=rodrigo01&type=m3u&output=ts	Active	17/12/2019 20:43:31	21/02/2024 02:45:51	0	1	1	"m3u8","ts"	
http://dns.acaidopara.net:8080/get.php?username=Pedrroiptv&password=28394748397P&type=m3u&output=ts	Active	02/08/2023 22:29:43	03/09/2023 02:29:43	0	0	1	"m3u8","ts","rtmp"	
http://dns.acaidopara.net:8080/get.php?username=Rodrigo2514&password=3253xyzfrodrigo&type=m3u&output=ts	Active	02/08/2022 19:24:55	10/09/2023 13:53:35	0	0	1	"m3u8","ts"	
http://dns.acaidopara.net:8080/get.php?username=Ronie06&password=06052020rn&type=m3u&output=ts	Active	17/07/2023 22:34:16	12/09/2023 00:55:51	0	0	1	"m3u8","ts","rtmp"	
http://dns.acaidopara.net:8080/get.php?username=Orneles1711&password=OrnelesFer1711&type=m3u&output=ts	Active	21/05/2021 02:23:48	06/09/2023 16:15:21	0	0	1	"m3u8","ts"	
http://dns.acaidopara.net:8080/get.php?username=Rodrigo2514&password=3253xyzFRodrigo&type=m3u&output=ts	Active	02/08/2022 19:24:55	10/09/2023 13:53:35	0	0	1	"m3u8","ts"	
http://dns.acaidopara.net:8080/get.php?username=ToraoGort&password=Tar5987mjnh&type=m3u&output=ts	Active	20/08/2022 11:23:43	06/09/2023 19:36:40	0	0	1	"m3u8","ts"	
http://dns.acaidopara.net:8080/get.php?username=ULISSESIPTV01&password=61993450090&type=m3u&output=ts	Active	17/07/2023 22:39:39	18/09/2023 02:39:39	0	1	1	"m3u8","ts","rtmp"	
http://dns.acaidopara.net:8080/get.php?username=VanessaGarcia&password=Va395745G2&type=m3u&output=ts	Active	27/06/2022 23:24:03	08/11/2023 22:42:24	0	0	1	"m3u8","ts"	
http://dns.acaidopara.net:8080/get.php?username=Maureci7r&password=vk62qg89ba&type=m3u&output=ts	Active	17/04/2021 18:31:18	18/09/2023 12:26:11	0	0	1	"m3u8","ts"	
http://dns.acaidopara.net:8080/get.php?username=ZTut9ynRbR&password=8zawwwaqvr&type=m3u&output=ts	Active	17/01/2022 13:18:17	18/09/2023 13:30:41	0	0	1	"m3u8","ts"	
http://dns.acaidopara.net:8080/get.php?username=luciana0485&password=luci5840tst&type=m3u&output=ts	Active	22/08/2023 00:48:48	26/09/2023 01:33:25	0	0	1	"m3u8","ts","rtmp"	
http://dns.acaidopara.net:8080/get.php?username=macedo1199&password=flix5333sam&type=m3u&output=ts	Active	24/08/2023 05:41:42	21/09/2023 08:23:25	0	1	1	"m3u8","ts","rtmp"	
http://dns.acaidopara.net:8080/get.php?username=ZTut9ynRbR&password=8ZaWWwaqVR&type=m3u&output=ts	Active	17/01/2022 13:18:17	18/09/2023 13:30:41	0	0	1	"m3u8","ts"	
http://dns.acaidopara.net:8080/get.php?username=ZaGkXi8ZUM&password=IgGyypWgAs&type=m3u&output=ts	Active	11/06/2021 17:32:23	19/09/2023 17:28:00	0	0	1	"m3u8","ts"	
http://dns.acaidopara.net:8080/get.php?username=amauribr0702&password=02520702br&type=m3u&output=ts	Active	07/02/2020 01:51:48	15/09/2023 14:59:06	0	1	1	"m3u8","ts"	
http://dns.acaidopara.net:8080/get.php?username=agusta7&password=qsuznt1wwp&type=m3u&output=ts	Active	29/08/2022 22:55:07	08/01/2024 21:05:53	0	1	1	"m3u8","ts"	
http://dns.acaidopara.net:8080/get.php?username=ZaGkXi8ZUM&password=iggyypwgas&type=m3u&output=ts	Active	11/06/2021 17:32:23	19/09/2023 17:28:00	0	0	1	"m3u8","ts"	
http://dns.acaidopara.net:8080/get.php?username=antoniomarcosctv&password=A11984564642&type=m3u&output=ts	Active	21/01/2023 20:38:32	22/09/2023 22:17:00	0	1	1	"m3u8","ts"	
http://dns.acaidopara.net:8080/get.php?username=Wilson8y44&password=ahnu8722rt&type=m3u&output=ts	Active	11/08/2021 19:49:55	18/09/2023 13:57:47	0	0	1	"m3u8","ts"	
http://dns.acaidopara.net:8080/get.php?username=anderson5795&password=9171a5795&type=m3u&output=ts	Active	25/08/2023 23:50:18	15/09/2023 02:53:21	0	0	1	"m3u8","ts"	
http://dns.acaidopara.net:8080/get.php?username=andre16Lu&password=jardes8122&type=m3u&output=ts	Active	24/07/2023 23:05:00	12/09/2023 19:47:49	0	1	1	"m3u8","ts","rtmp"	
http://dns.acaidopara.net:8080/get.php?username=amcp1060207&password=102031amc&type=m3u&output=ts	Active	24/07/2023 23:05:00	12/09/2023 19:47:49	0	1	1	"m3u8","ts"	
http://dns.acaidopara.net:8080/get.php?username=amcp09756&password=102031amcd&type=m3u&output=ts	Active	24/07/2023 23:05:00	12/09/2023 19:47:49	0	1	1	"m3u8","ts","rtmp"	
http://dns.acaidopara.net:8080/get.php?username=andressa150&password=83248324&type=m3u&output=ts	Active	28/08/2022 00:55:25	20/09/2023 02:03:53	0	1	1	"m3u8","ts","rtmp"	
http://dns.acaidopara.net:8080/get.php?username=agusta7&password=QsUzNt1Wwp&type=m3u&output=ts	Active	29/08/2022 22:55:07	08/01/2024 21:05:53	0	1	1	"m3u8","ts"	
http://dns.acaidopara.net:8080/get.php?username=alexandre099&password=a984028638a&type=m3u&output=ts	Active	29/08/2022 22:55:07	08/01/2024 21:05:53	0	0	1	"m3u8","ts"	
http://dns.acaidopara.net:8080/get.php?username=aqSjd1xV2v&password=idfyskhr9w&type=m3u&output=ts	Active	10/02/2022 00:29:28	11/02/2024 16:03:13	0	0	1	"m3u8","ts"	
http://dns.acaidopara.net:8080/get.php?username=carlosgoncalvesctv&password=C11912640706&type=m3u&output=ts	Active	14/08/2022 20:02:55	16/09/2023 20:53:59	0	0	1	"m3u8","ts"	
http://dns.acaidopara.net:8080/get.php?username=brunoirmao&password=jojo1211&type=m3u&output=ts	Active	26/02/2021 14:57:24	17/09/2023 20:41:18	0	1	1	"m3u8","ts"	
http://dns.acaidopara.net:8080/get.php?username=cesarmir&password=88999758814&type=m3u&output=ts	Active	21/08/2022 12:20:11	21/09/2023 16:20:11	0	0	1	"m3u8","ts"	
http://dns.acaidopara.net:8080/get.php?username=jefersonsp2&password=5511988896317&type=m3u&output=ts	Active	08/02/2021 21:22:41	11/09/2023 22:34:29	0	1	1	"m3u8","ts"	
http://dns.acaidopara.net:8080/get.php?username=carla1437&password=2947472453&type=m3u&output=ts	Active	22/08/2022 22:50:42	23/08/2024 20:06:06	0	0	1	"m3u8","ts"	
http://dns.acaidopara.net:8080/get.php?username=clt225886&password=sclt225886hr&type=m3u&output=ts	Active	26/05/2023 22:13:07	20/09/2023 23:54:36	0	1	1	"m3u8","ts","rtmp"	
http://dns.acaidopara.net:8080/get.php?username=davieua070121p&password=2315070121euap&type=m3u&output=ts	Active	25/08/2023 01:56:05	20/09/2023 01:40:52	0	0	1	"m3u8","ts"	
http://dns.acaidopara.net:8080/get.php?username=charles5106&password=ajebw3371&type=m3u&output=ts	Active	25/08/2023 01:56:05	20/09/2023 01:40:52	0	0	1	"m3u8","ts","rtmp"	
http://dns.acaidopara.net:8080/get.php?username=eduardodacilene1&password=edu15923734&type=m3u&output=ts	Active	23/05/2023 23:29:44	12/09/2023 17:33:20	0	1	1	"m3u8","ts","rtmp"	
http://dns.acaidopara.net:8080/get.php?username=emanuel40180&password=630189leun&type=m3u&output=ts	Active	18/09/2022 01:07:17	03/09/2023 18:25:11	0	0	1	"m3u8","ts"	
http://dns.acaidopara.net:8080/get.php?username=djepapv88&password=pontaverde8@&type=m3u&output=ts	Active	30/08/2022 22:28:14	06/09/2023 21:06:39	0	0	1	"m3u8","ts"	
http://dns.acaidopara.net:8080/get.php?username=evelynMon&password=ztyh9823my&type=m3u&output=ts	Active	19/05/2022 22:12:34	02/09/2023 20:27:18	0	0	1	"m3u8","ts"	
http://dns.acaidopara.net:8080/get.php?username=danielaeua17590722&password=1800070922euad&type=m3u&output=ts	Active	24/08/2022 22:00:50	15/09/2023 23:41:07	0	1	1	"m3u8","ts"	
http://dns.acaidopara.net:8080/get.php?username=diego8ndx&password=aurw8922rg&type=m3u&output=ts	Active	24/08/2022 22:00:50	15/09/2023 23:41:07	0	0	1	"m3u8","ts"	
http://dns.acaidopara.net:8080/get.php?username=fSyzNILoAD&password=tehDZdC8cn&type=m3u&output=ts	Active	08/10/2019 19:43:09	22/09/2023 11:59:36	0	0	1	"m3u8","ts","rtmp"	
http://dns.acaidopara.net:8080/get.php?username=fabioleandro2&password=fabio12228424&type=m3u&output=ts	Active	10/05/2023 23:02:21	28/08/2023 00:30:11	0	0	1	"m3u8","ts","rtmp"	
http://dns.acaidopara.net:8080/get.php?username=felipe8ale&password=zvda8242sd&type=m3u&output=ts	Active	09/07/2023 21:02:36	26/09/2023 13:43:05	0	1	1	"m3u8","ts","rtmp"	
http://dns.acaidopara.net:8080/get.php?username=eline22ds3w&password=jakob39rsz8&type=m3u&output=ts	Active	30/08/2022 08:17:43	19/09/2023 10:34:28	0	1	1	"m3u8","ts","rtmp"	
http://dns.acaidopara.net:8080/get.php?username=georgesp&password=fipami2721&type=m3u&output=ts	Active	25/11/2021 22:05:07	08/09/2023 22:44:49	0	0	1	"m3u8","ts"	
http://dns.acaidopara.net:8080/get.php?username=gerailtontuk02&password=gr87557547&type=m3u&output=ts	Active	24/10/2022 09:35:47	24/09/2023 13:35:47	0	0	1	"m3u8","ts"	
http://dns.acaidopara.net:8080/get.php?username=ggHMXoa7JV&password=Vice100t3&type=m3u&output=ts	Active	17/11/2020 18:58:08	04/09/2023 11:48:21	0	1	1	"m3u8","ts"	
http://dns.acaidopara.net:8080/get.php?username=fSyzNILoAD&password=tehdzdc8cn&type=m3u&output=ts	Active	08/10/2019 19:43:09	22/09/2023 11:59:36	0	0	1	"m3u8","ts","rtmp"	
http://dns.acaidopara.net:8080/get.php?username=giovan1293&password=sam6789flix&type=m3u&output=ts	Active	25/08/2023 19:13:38	09/09/2023 15:53:34	0	1	1	"m3u8","ts","rtmp"	
http://dns.acaidopara.net:8080/get.php?username=ggHMXoa7JV&password=vice100t3&type=m3u&output=ts	Active	17/11/2020 18:58:08	04/09/2023 11:48:21	0	1	1	"m3u8","ts"	
http://dns.acaidopara.net:8080/get.php?username=gedson&password=9782106276&type=m3u&output=ts	Active	30/06/2021 00:19:31	02/09/2023 17:32:20	0	0	1	"m3u8","ts"	
http://dns.acaidopara.net:8080/get.php?username=italopira&password=ita2255206tv&type=m3u&output=ts	Active	07/08/2022 02:48:24	07/09/2023 12:13:14	0	0	1	"m3u8","ts","rtmp"	
http://dns.acaidopara.net:8080/get.php?username=gilaoto88&password=gil15732456&type=m3u&output=ts	Active	07/08/2022 02:48:24	07/09/2023 12:13:14	0	0	1	"m3u8","ts"	
http://dns.acaidopara.net:8080/get.php?username=ingrid117564&password=117564ingrid&type=m3u&output=ts	Active	07/02/2023 23:16:31	13/09/2023 22:54:02	0	0	1	"m3u8","ts"	
http://dns.acaidopara.net:8080/get.php?username=maristela765&password=mar158235&type=m3u&output=ts	Active	05/09/2021 21:11:08	15/09/2023 20:26:38	0	1	1	"m3u8","ts"	
http://dns.acaidopara.net:8080/get.php?username=gustavo13991022404&password=13991022404castro&type=m3u&output=ts	Active	15/09/2022 02:09:46	19/09/2023 13:55:40	0	0	1	"m3u8","ts"	
http://dns.acaidopara.net:8080/get.php?username=glaucia8900&password=8789g8900&type=m3u&output=ts	Active	15/09/2022 02:09:46	19/09/2023 13:55:40	0	0	1	"m3u8","ts"	
http://dns.acaidopara.net:8080/get.php?username=indio5181&password=indio24992118151&type=m3u&output=ts	Active	08/08/2023 23:39:25	23/09/2023 18:16:52	0	0	1	"m3u8","ts","rtmp"	
http://dns.acaidopara.net:8080/get.php?username=guacyra974140391&password=974140391carol&type=m3u&output=ts	Active	20/04/2023 21:07:58	20/09/2023 21:07:58	0	0	1	"m3u8","ts","rtmp"	
http://dns.acaidopara.net:8080/get.php?username=jbosco123&password=padrao1209&type=m3u&output=ts	Active	02/07/2022 12:58:42	05/09/2023 13:20:56	0	0	1	"m3u8","ts"	
http://dns.acaidopara.net:8080/get.php?username=hudsonsevero&password=11981672515&type=m3u&output=ts	Active	09/06/2022 21:12:05	25/10/2023 23:10:45	0	0	1	"m3u8","ts"	
http://dns.acaidopara.net:8080/get.php?username=neuza11&password=22992323984&type=m3u&output=ts	Active	08/07/2022 17:15:19	08/09/2023 22:10:33	0	0	1	"m3u8","ts"	
http://dns.acaidopara.net:8080/get.php?username=jgabriel962&password=jgab96283657&type=m3u&output=ts	Active	11/07/2022 23:01:38	12/09/2023 01:01:38	0	0	1	"m3u8","ts"	
http://dns.acaidopara.net:8080/get.php?username=ismael0833tvmae&password=83748492&type=m3u&output=ts	Active	09/01/2021 20:33:53	13/09/2023 19:01:12	0	1	1	"m3u8","ts"	
http://dns.acaidopara.net:8080/get.php?username=joaosouza3&password=631894697ab&type=m3u&output=ts	Active	19/08/2023 15:44:53	19/09/2023 22:14:52	0	0	1	"m3u8","ts","rtmp"	
http://dns.acaidopara.net:8080/get.php?username=jeorgeJr&password=ga72gb87&type=m3u&output=ts	Active	04/02/2022 17:48:19	05/11/2023 20:45:04	0	0	1	"m3u8","ts"	
http://dns.acaidopara.net:8080/get.php?username=mariacwb&password=mae270720219&type=m3u&output=ts	Active	09/09/2021 23:54:52	09/09/2023 23:51:55	0	0	1	"m3u8","ts","rtmp"	
http://dns.acaidopara.net:8080/get.php?username=kesiasilva&password=RQXd8T8Q26&type=m3u&output=ts	Active	24/08/2023 05:41:42	21/09/2023 08:23:25	0	1	1	"m3u8","ts"	
http://dns.acaidopara.net:8080/get.php?username=Marcelopinda2&password=2022pinda20&type=m3u&output=ts	Active	23/08/2022 23:06:08	26/09/2023 12:06:32	0	1	1	"m3u8","ts"	
http://dns.acaidopara.net:8080/get.php?username=rogelsallea&password=gSa2255sd&type=m3u&output=ts	Active	22/06/2022 15:50:00	12/09/2023 17:18:16	0	0	1	"m3u8","ts"	
http://dns.acaidopara.net:8080/get.php?username=kaio222eloi&password=eqfc872fgg&type=m3u&output=ts	Active	19/08/2022 22:22:38	25/09/2023 23:35:54	0	0	1	"m3u8","ts"	
http://dns.acaidopara.net:8080/get.php?username=josianesjc2&password=996755326&type=m3u&output=ts	Active	11/08/2023 00:09:00	09/09/2023 10:43:22	0	0	1	"m3u8","ts","rtmp"	
http://dns.acaidopara.net:8080/get.php?username=leopoldonand2&password=jojo1213JO&type=m3u&output=ts	Active	26/10/2022 14:09:13	30/08/2023 14:19:46	0	1	1	"m3u8","ts"	
http://dns.acaidopara.net:8080/get.php?username=reginaldo-oficina&password=Scalco2022&type=m3u&output=ts	Active	26/10/2022 14:09:13	30/08/2023 14:19:46	0	0	1	"m3u8","ts"	
http://dns.acaidopara.net:8080/get.php?username=ligiasamsung&password=appk998&type=m3u&output=ts	Active	13/12/2020 19:47:14	14/09/2023 13:01:12	0	0	1	"m3u8","ts","rtmp"	
http://dns.acaidopara.net:8080/get.php?username=leoveloz&password=5085964024&type=m3u&output=ts	Active	13/12/2020 19:47:14	14/09/2023 13:01:12	0	0	1	"m3u8","ts"	
http://dns.acaidopara.net:8080/get.php?username=marcoalemao&password=alemao775mec&type=m3u&output=ts	Active	12/10/2019 16:37:58	12/09/2023 20:37:58	0	0	1	"m3u8","ts","rtmp"	
http://dns.acaidopara.net:8080/get.php?username=paulo7103&password=Jdgcks8294&type=m3u&output=ts	Active	08/02/2022 21:36:18	21/11/2023 21:17:27	0	0	1	"m3u8","ts"	
http://dns.acaidopara.net:8080/get.php?username=leandro5678&password=5678leandro&type=m3u&output=ts	Active	10/10/2022 18:22:21	12/09/2023 14:46:26	0	0	1	"m3u8","ts","rtmp"	
http://dns.acaidopara.net:8080/get.php?username=kkelly&password=9789418414&type=m3u&output=ts	Active	14/03/2022 22:50:12	15/09/2023 13:13:58	0	1	1	"m3u8","ts"	
http://dns.acaidopara.net:8080/get.php?username=larissa578&password=345mktv88&type=m3u&output=ts	Active	19/09/2020 20:37:10	22/01/2024 19:00:24	0	1	1	"m3u8","ts"	
http://dns.acaidopara.net:8080/get.php?username=leopoldonand2&password=jojo1213jo&type=m3u&output=ts	Active	19/10/2022 18:50:55	19/09/2023 19:44:40	0	1	1	"m3u8","ts"	
http://dns.acaidopara.net:8080/get.php?username=marlenectv&password=11988312550&type=m3u&output=ts	Active	24/09/2022 20:00:00	09/09/2023 23:52:14	0	0	1	"m3u8","ts"	
http://dns.acaidopara.net:8080/get.php?username=joseulisses682&password=ybdj67382&type=m3u&output=ts	Active	26/08/2022 15:36:24	26/08/2023 19:36:24	0	0	1	"m3u8","ts"	
http://dns.acaidopara.net:8080/get.php?username=micael02&password=2864624532&type=m3u&output=ts	Active	22/10/2022 17:44:20	03/09/2023 23:55:14	0	0	1	"m3u8","ts"	
http://dns.acaidopara.net:8080/get.php?username=lidi0007&password=etqyczu4q8&type=m3u&output=ts	Active	23/07/2022 00:47:42	23/09/2023 00:47:42	0	1	1	"m3u8","ts"	
http://dns.acaidopara.net:8080/get.php?username=regisrocharosa21y&password=rosa9283096&type=m3u&output=ts	Active	10/09/2021 17:02:59	10/09/2023 21:59:05	0	0	1	"m3u8","ts"	
http://dns.acaidopara.net:8080/get.php?username=odiloncasaTV&password=CasaTv019&type=m3u&output=ts	Active	23/09/2022 22:49:25	22/09/2023 22:03:43	0	0	1	"m3u8","ts"	
http://dns.acaidopara.net:8080/get.php?username=pablomenegate&password=Pablo1306909&type=m3u&output=ts	Active	09/10/2021 00:16:26	12/09/2023 23:06:00	0	0	1	"m3u8","ts"	
http://dns.acaidopara.net:8080/get.php?username=ricardo132&password=rica123rdo456&type=m3u&output=ts	Active	30/01/2023 16:09:45	07/09/2023 01:00:39	0	0	1	"m3u8","ts"	
http://dns.acaidopara.net:8080/get.php?username=odiloncasaTV&password=casatv019&type=m3u&output=ts	Active	07/12/2021 19:46:22	11/09/2023 22:20:50	0	0	1	"m3u8","ts"	
http://dns.acaidopara.net:8080/get.php?username=monalisa722&password=narcizo332133&type=m3u&output=ts	Active	07/12/2021 19:46:22	11/09/2023 22:20:50	0	1	1	"m3u8","ts"	
http://dns.acaidopara.net:8080/get.php?username=poazl7&password=989385808&type=m3u&output=ts	Active	14/08/2021 16:25:05	18/09/2023 23:35:05	0	0	1	"m3u8","ts","rtmp"	
http://dns.acaidopara.net:8080/get.php?username=nancibarretoctv&password=N11953083763&type=m3u&output=ts	Active	23/07/2023 02:07:48	25/09/2023 00:09:32	0	0	1	"m3u8","ts","rtmp"	
http://dns.acaidopara.net:8080/get.php?username=qa40z41r&password=nh0c8h6i&type=m3u&output=ts	Active	01/06/2023 19:52:23	14/09/2023 01:55:28	0	0	1	"m3u8","ts","rtmp"	
http://dns.acaidopara.net:8080/get.php?username=pablomenegate&password=pablo1306909&type=m3u&output=ts	Active	09/10/2021 00:16:26	12/09/2023 23:06:00	0	0	1	"m3u8","ts"	
http://dns.acaidopara.net:8080/get.php?username=nelson9141t2&password=745637sma&type=m3u&output=ts	Active	10/09/2021 20:16:36	12/09/2023 22:09:54	0	0	1	"m3u8","ts"	
http://dns.acaidopara.net:8080/get.php?username=rodrigo2008&password=iptvemcasa&type=m3u&output=ts	Active	15/08/2022 14:59:58	01/10/2023 20:09:07	0	1	1	"m3u8","ts"	
http://dns.acaidopara.net:8080/get.php?username=Sthefannydias&password=8791436561&type=m3u&output=ts	Active	18/08/2023 23:11:01	28/08/2023 22:54:04	0	0	1	"m3u8","ts","rtmp"	
http://dns.acaidopara.net:8080/get.php?username=paulo7103&password=jdgcks8294&type=m3u&output=ts	Active	08/02/2022 21:36:18	21/11/2023 21:17:27	0	0	1	"m3u8","ts"	
http://dns.acaidopara.net:8080/get.php?username=rodmendes&password=91fg026&type=m3u&output=ts	Active	26/05/2022 16:53:56	27/08/2023 13:54:24	0	0	1	"m3u8","ts"	
http://dns.acaidopara.net:8080/get.php?username=rodrigooliveiraro&password=rov18331722&type=m3u&output=ts	Active	17/01/2022 21:33:47	04/01/2024 23:28:43	0	0	1	"m3u8","ts"	
http://dns.acaidopara.net:8080/get.php?username=roberta2210&password=iptvemcasa&type=m3u&output=ts	Active	22/10/2022 23:51:23	24/09/2023 23:43:15	0	1	1	"m3u8","ts"	
http://dns.acaidopara.net:8080/get.php?username=samu1905&password=29ac09ac12ac&type=m3u&output=ts	Active	08/08/2023 22:18:40	09/09/2023 11:36:39	0	1	1	"m3u8","ts","rtmp"	
http://dns.acaidopara.net:8080/get.php?username=tbluciano&password=lu103003A&type=m3u&output=ts	Active	22/06/2023 01:26:32	02/09/2023 08:16:47	0	0	1	"m3u8","ts","rtmp"	
http://dns.acaidopara.net:8080/get.php?username=sograroberto&password=novo1iptv&type=m3u&output=ts	Active	15/10/2021 03:30:32	07/09/2023 11:36:13	0	1	1	"m3u8","ts"	
http://dns.acaidopara.net:8080/get.php?username=thiagodaaline792145&password=thiago87216832&type=m3u&output=ts	Active	07/06/2021 15:11:06	21/11/2023 11:38:27	0	1	1	"m3u8","ts"	
http://dns.acaidopara.net:8080/get.php?username=silvafazauto1&password=10ip20tv30&type=m3u&output=ts	Active	07/06/2021 15:11:06	21/11/2023 11:38:27	0	0	1	"m3u8","ts"	
http://dns.acaidopara.net:8080/get.php?username=tbluciano&password=lu103003a&type=m3u&output=ts	Active	22/06/2023 01:26:32	02/09/2023 08:16:47	0	0	1	"m3u8","ts","rtmp"	
http://dns.acaidopara.net:8080/get.php?username=sergio4789c&password=828493938&type=m3u&output=ts	Active	22/06/2023 01:26:32	02/09/2023 08:16:47	0	1	1	"m3u8","ts","rtmp"	
http://dns.acaidopara.net:8080/get.php?username=rogeriocostaeua&password=mu31aa1295&type=m3u&output=ts	Active	26/08/2022 01:50:32	27/08/2023 23:42:28	0	0	1	"m3u8","ts"	
http://dns.acaidopara.net:8080/get.php?username=ruivizinho&password=vizinho1320ss&type=m3u&output=ts	Active	26/07/2022 16:04:51	26/09/2023 20:58:00	0	0	1	"m3u8","ts"	
http://dns.acaidopara.net:8080/get.php?username=wmartins&password=wmt136500&type=m3u&output=ts	Active	11/06/2022 17:28:22	12/09/2023 00:04:30	0	0	1	"m3u8","ts"	
http://dns.acaidopara.net:8080/get.php?username=suelenaluna782156&password=suelen782167&type=m3u&output=ts	Active	22/06/2022 13:58:25	12/09/2023 16:05:16	0	0	1	"m3u8","ts"	
http://dns.acaidopara.net:8080/get.php?username=tdviniciu&password=MrsXSXreIG&type=m3u&output=ts	Active	08/11/2019 19:12:02	21/09/2023 13:39:08	0	0	1	"m3u8","ts"	
http://dns.acaidopara.net:8080/get.php?username=taisabarissactv&password=t13996143114&type=m3u&output=ts	Active	18/07/2023 00:29:17	09/09/2023 20:39:35	0	1	1	"m3u8","ts","rtmp"	
http://dns.acaidopara.net:8080/get.php?username=ruivizinho&password=ViZinho1320Ss&type=m3u&output=ts	Active	26/07/2022 16:04:51	26/09/2023 20:58:00	0	0	1	"m3u8","ts"	
http://dns.acaidopara.net:8080/get.php?username=thalesce&password=tha739210ti&type=m3u&output=ts	Active	05/07/2023 18:29:35	09/09/2023 17:53:31	0	0	1	"m3u8","ts","rtmp"	
http://dns.acaidopara.net:8080/get.php?username=usaElizabeth&password=lousadaelizabeth1706&type=m3u&output=ts	Active	18/06/2022 02:19:58	18/12/2023 15:18:16	0	0	1	"m3u8","ts"	
http://dns.acaidopara.net:8080/get.php?username=thalesce&password=Tha739210ti&type=m3u&output=ts	Active	05/07/2023 18:29:35	09/09/2023 17:53:31	0	0	1	"m3u8","ts","rtmp"	
http://dns.acaidopara.net:8080/get.php?username=valdemirmxq2511&password=iptvemcasa&type=m3u&output=ts	Active	25/11/2022 19:32:28	27/09/2023 19:49:28	0	1	1	"m3u8","ts"	
http://dns.acaidopara.net:8080/get.php?username=weide1458wa&password=boxtvonline42&type=m3u&output=ts	Active	20/08/2022 01:21:59	17/09/2023 21:41:28	0	0	1	"m3u8","ts","rtmp"	
http://dns.acaidopara.net:8080/get.php?username=Jasonpai8765&password=Jpai564329&type=m3u&output=ts	Active	10/09/2021 18:46:38	10/09/2023 23:58:53	0	0	1	"m3u8","ts"	
http://dns.acaidopara.net:8080/get.php?username=taisabarissactv&password=T13996143114&type=m3u&output=ts	Active	18/07/2023 00:29:17	09/09/2023 20:39:35	0	1	1	"m3u8","ts","rtmp"	
http://dns.acaidopara.net:8080/get.php?username=oliveira.eo@bol.com.br&password=lardocelar&type=m3u&output=ts	Active	19/09/2022 02:00:28	28/09/2023 22:43:04	0	0	1	"m3u8","ts"	
http://dns.acaidopara.net:8080/get.php?username=marianacouto&password=9458928993ab&type=m3u&output=ts	Active	02/08/2023 13:07:57	05/09/2023 12:36:04	0	0	1	"m3u8","ts","rtmp"	
http://dns.acaidopara.net:8080/get.php?username=mariatvs&password=98174947tvs&type=m3u&output=ts	Active	13/05/2022 12:56:35	18/09/2023 00:51:31	0	0	1	"m3u8","ts"	
http://dns.acaidopara.net:8080/get.php?username=vanderfiretv&password=22manch77&type=m3u&output=ts	Active	14/06/2023 22:44:40	14/06/2024 22:30:37	0	1	1	"m3u8","ts","rtmp"	
http://dns.acaidopara.net:8080/get.php?username=funerariamanoel&password=manoel2021&type=m3u&output=ts	Active	30/08/2022 00:24:46	01/09/2023 00:31:58	0	0	1	"m3u8","ts"	
http://dns.acaidopara.net:8080/get.php?username=Segundo58&password=RearG5P7&type=m3u&output=ts	Active	01/11/2019 21:23:56	19/09/2023 23:10:33	0	0	1	"m3u8","ts"	
http://dns.acaidopara.net:8080/get.php?username=gressica&password=7812994608&type=m3u&output=ts	Active	15/06/2022 21:21:55	16/09/2023 01:21:55	0	0	1	"m3u8","ts"	
http://dns.acaidopara.net:8080/get.php?username=VanessaGarcia&password=va395745g2&type=m3u&output=ts	Active	27/06/2022 23:24:03	08/11/2023 22:42:24	0	0	1	"m3u8","ts"	