<favourites>
    
    <favourite name="01 ●≡ SPLAYTV  |  f4mTester" thumb="https://image.winudf.com/v2/image1/bmQuc3BsYXl4Yy50b3BfaWNvbl8xNjA2Nzg5MTE0XzA3OA/icon.png?w=184&fakeurl=1" fanart="https://broadcastdialogue.com/wp-content/uploads/2022/08/future-digital-scaled.jpg">ActivateWindow(videos,&quot;plugin://plugin.video.twoaddons/?url=https%3A%2F%2Fgist.githubusercontent.com%2Fspinabr%2F4520ac14ae735220dbfcf4dbac2f8586%2Fraw%2Fafdc158a9aa54a18a8a7ffa93c808e7d1c43c7de%2F0o0o0o&amp;mode=1&amp;name=%5BB%5D%5BCOLOR+blue%5D%E2%97%8F%E2%89%A1+%5B%2FCOLOR%5D+%5BCOLOR+white%5D+SERVIDOR+13+%7C+%5BCOLOR+red%5D+spina%5B%2FCOLOR%5D%5BCOLOR+orange%5Dbr%5B%2FCOLOR%5D%5B%2FB%5D&amp;fanart=http%3A%2F%2Froger1964.antaeus.feralhosting.com%2FMedia%2FPainel%2Fneotvfanart.jpg&quot;,return)</favourite>
	<favourite name="02 ●≡ SPLAYTV  |  f4mTester" thumb="https://image.winudf.com/v2/image1/bmQuc3BsYXl4Yy50b3BfaWNvbl8xNjA2Nzg5MTE0XzA3OA/icon.png?w=184&fakeurl=1" fanart="https://broadcastdialogue.com/wp-content/uploads/2022/08/future-digital-scaled.jpg">ActivateWindow(videos,&quot;plugin://plugin.video.twoaddons/?url=https%3A%2F%2Fgist.githubusercontent.com%2Fspin4%2F37c694b28f39a2470f0ccbb1e875d700%2Fraw%2Fe69dfd2e11269ddca8f91156df60015186c3abb2%2F00000&amp;mode=1&amp;name=%5BB%5D%5BCOLOR+blue%5D%E2%97%8F%E2%89%A1+%5B%2FCOLOR%5D+%5BCOLOR+white%5D+SERVIDOR+13+%7C+%5BCOLOR+red%5D+spina%5B%2FCOLOR%5D%5BCOLOR+orange%5Dbr%5B%2FCOLOR%5D%5B%2FB%5D&amp;fanart=http%3A%2F%2Froger1964.antaeus.feralhosting.com%2FMedia%2FPainel%2Fneotvfanart.jpg&quot;,return)</favourite>
	<favourite name="03 ●≡ SPLAYTV  |  f4mTester" thumb="https://image.winudf.com/v2/image1/bmQuc3BsYXl4Yy50b3BfaWNvbl8xNjA2Nzg5MTE0XzA3OA/icon.png?w=184&fakeurl=1" fanart="https://broadcastdialogue.com/wp-content/uploads/2022/08/future-digital-scaled.jpg">ActivateWindow(videos,&quot;plugin://plugin.video.twoaddons/?url=https%3A%2F%2Fgist.githubusercontent.com%2Fspin4%2F37c694b28f39a2470f0ccbb1e875d700%2Fraw%2F7f55468d5f5b42f593b1b910e4d5dc375e8564e8%2F00000&amp;mode=1&amp;name=%5BB%5D%5BCOLOR+blue%5D%E2%97%8F%E2%89%A1+%5B%2FCOLOR%5D+%5BCOLOR+white%5D+SERVIDOR+13+%7C+%5BCOLOR+red%5D+spina%5B%2FCOLOR%5D%5BCOLOR+orange%5Dbr%5B%2FCOLOR%5D%5B%2FB%5D&amp;fanart=http%3A%2F%2Froger1964.antaeus.feralhosting.com%2FMedia%2FPainel%2Fneotvfanart.jpg&quot;,return)</favourite>
	<favourite name="04 ●≡ SPLAYTV  |  f4mTester" thumb="https://image.winudf.com/v2/image1/bmQuc3BsYXl4Yy50b3BfaWNvbl8xNjA2Nzg5MTE0XzA3OA/icon.png?w=184&fakeurl=1" fanart="https://broadcastdialogue.com/wp-content/uploads/2022/08/future-digital-scaled.jpg">ActivateWindow(videos,&quot;plugin://plugin.video.twoaddons/?url=https%3A%2F%2Fgist.githubusercontent.com%2Fspinabr%2F503318f6de3a5fa0b0299566d886d157%2Fraw%2F6713627c34289ded07a9757c4479a287277db166%2F00000&amp;mode=1&amp;name=%5BB%5D%5BCOLOR+blue%5D%E2%97%8F%E2%89%A1+%5B%2FCOLOR%5D+%5BCOLOR+white%5D+SERVIDOR+13+%7C+%5BCOLOR+red%5D+spina%5B%2FCOLOR%5D%5BCOLOR+orange%5Dbr%5B%2FCOLOR%5D%5B%2FB%5D&amp;fanart=http%3A%2F%2Froger1964.antaeus.feralhosting.com%2FMedia%2FPainel%2Fneotvfanart.jpg&quot;,return)</favourite>
	<favourite name="05 ●≡ SPLAYTV  |  f4mTester" thumb="https://image.winudf.com/v2/image1/bmQuc3BsYXl4Yy50b3BfaWNvbl8xNjA2Nzg5MTE0XzA3OA/icon.png?w=184&fakeurl=1" fanart="https://broadcastdialogue.com/wp-content/uploads/2022/08/future-digital-scaled.jpg">ActivateWindow(videos,&quot;plugin://plugin.video.twoaddons/?url=https%3A%2F%2Fgist.githubusercontent.com%2Fspin4%2F37c694b28f39a2470f0ccbb1e875d700%2Fraw%2Ff1e29b83766a988f7833c6e1c4f00db1bc145c1d%2F00000&amp;mode=1&amp;name=%5BB%5D%5BCOLOR+blue%5D%E2%97%8F%E2%89%A1+%5B%2FCOLOR%5D+%5BCOLOR+white%5D+SERVIDOR+13+%7C+%5BCOLOR+red%5D+spina%5B%2FCOLOR%5D%5BCOLOR+orange%5Dbr%5B%2FCOLOR%5D%5B%2FB%5D&amp;fanart=http%3A%2F%2Froger1964.antaeus.feralhosting.com%2FMedia%2FPainel%2Fneotvfanart.jpg&quot;,return)</favourite>
	
	
</favourites>


*01- http://splaytv.io:80/get.php?username=526196942&password=409342057&type=m3u&output=ts	Active	24/03/2023 22:28:12	29/08/2023 16:38:58	0	1	1	"m3u8","ts"	
https://gist.githubusercontent.com/spinabr/4520ac14ae735220dbfcf4dbac2f8586/raw/afdc158a9aa54a18a8a7ffa93c808e7d1c43c7de/0o0o0o
*02- http://splaytv.io/get.php?username=bruno739016bm&password=bombeiro38014mp&type=m3u&output=ts	Active	21/09/2022 23:44:54	11/06/2023 22:16:14	0	1	1	"m3u8","ts"	
https://gist.githubusercontent.com/spin4/37c694b28f39a2470f0ccbb1e875d700/raw/e69dfd2e11269ddca8f91156df60015186c3abb2/00000
*03- http://splaytv.io:80/get.php?username=VanderleiBatista&password=11997335321&type=m3u&output=ts	Active	23/09/2022 17:30:16	23/09/2023 17:30:16	0	1	1	"m3u8","ts"	
https://gist.githubusercontent.com/spin4/37c694b28f39a2470f0ccbb1e875d700/raw/7f55468d5f5b42f593b1b910e4d5dc375e8564e8/00000
*04- http://splaytv.io:80/get.php?username=Wallaceoliv&password=gp026035&type=m3u&output=ts	Active	07/01/2022 20:11:08	09/09/2023 02:35:57	0	0	1	"m3u8","ts"	
https://gist.githubusercontent.com/spinabr/503318f6de3a5fa0b0299566d886d157/raw/6713627c34289ded07a9757c4479a287277db166/00000
*05- http://splaytv.io:80/get.php?username=11977001801&password=C6645233&type=m3u&output=ts	Active	23/09/2022 00:14:25	24/05/2023 20:28:12	0	0	1	"m3u8","ts"	
https://gist.githubusercontent.com/spin4/37c694b28f39a2470f0ccbb1e875d700/raw/f1e29b83766a988f7833c6e1c4f00db1bc145c1d/00000




http://splaytv.io:80/live/11977001801/C6645233/83306.m3u8
http://splaytv.io:80/live/316002769/264974957/83306.m3u8
http://splaytv.io:80/live/3445anapaula/anapaula3445/83306.m3u8
http://splaytv.io:80/live/526196942/409342057/83306.m3u8
http://splaytv.io:80/live/6mjb61qtqt/qkw6nm9x86/83306.m3u8
http://splaytv.io:80/live/81176249/cloud2021/83306.m3u8
http://splaytv.io:80/live/880058sosa/9834973456/83306.m3u8
http://splaytv.io:80/live/a0rbfqr3ba/0l6bt8uzfm/83306.m3u8
http://splaytv.io:80/live/Ademilson61/613YGTF/83306.m3u8
http://splaytv.io:80/live/adr2976/a1b3596/83306.m3u8
http://splaytv.io:80/live/alaide30/aasoliveira/83306.m3u8
http://splaytv.io:80/live/Alexandre71826/Ale019273/83306.m3u8
http://splaytv.io:80/live/aline8124/xhqehhj/83306.m3u8
http://splaytv.io:80/live/Anabaia1234/Baia1234/83306.m3u8
http://splaytv.io:80/live/anapaula/graniptv2709/83306.m3u8
http://splaytv.io:80/live/anataguatingajosyquarto2/715151716191916/83306.m3u8
http://splaytv.io:80/live/antoniotaguatinga/77197202928/83306.m3u8
http://splaytv.io:80/live/b6u89i9/vgz0hoy/83306.m3u8
http://splaytv.io:80/live/basica/180659Lc@/83306.m3u8
http://splaytv.io:80/live/bruno739016bm/bombeiro38014mp/83306.m3u8
http://splaytv.io:80/live/Cardoso993247773/gvf21sra/83306.m3u8
http://splaytv.io:80/live/carlos0821/82697352/83306.m3u8
http://splaytv.io:80/live/clfernando77/praia77/83306.m3u8
http://splaytv.io:80/live/dario0822/74195263/83306.m3u8
http://splaytv.io:80/live/david0721/8529160/83306.m3u8
http://splaytv.io:80/live/Davimessias/31996784364/83306.m3u8
http://splaytv.io:80/live/Dericlaudia/986347797/83306.m3u8
http://splaytv.io:80/live/diego48920kr/die028819go/83306.m3u8
http://splaytv.io:80/live/diegosouber/dx1509754/83306.m3u8
http://splaytv.io:80/live/Donage/Ge1213b/83306.m3u8
http://splaytv.io:80/live/Edilene/981506600/83306.m3u8
http://splaytv.io:80/live/edilucia32512/184729472847/83306.m3u8
http://splaytv.io:80/live/edivania3892jr/edi593084vania/83306.m3u8
http://splaytv.io:80/live/ekpury4/h7kqdyo/83306.m3u8
http://splaytv.io:80/live/Eliana996755353/brd78jhf/83306.m3u8
http://splaytv.io:80/live/elidiano/elidiano@2021/83306.m3u8
http://splaytv.io:80/live/elieuzaitapua/qs82620br/83306.m3u8
http://splaytv.io:80/live/elzaplanaltina/161528200/83306.m3u8
http://splaytv.io:80/live/fabiano2103/62594681/83306.m3u8
http://splaytv.io:80/live/fmatospi/f5844274/83306.m3u8
http://splaytv.io:80/live/gemaque2020/8654678iyth/83306.m3u8
http://splaytv.io:80/live/guilhermecx/guilhermecx1310/83306.m3u8
http://splaytv.io:80/live/hpx4ln8e8g/99027i3qqf/83306.m3u8
http://splaytv.io:80/live/iramende23/xarada26/83306.m3u8
http://splaytv.io:80/live/itamar/305040it/83306.m3u8
http://splaytv.io:80/live/Ivonetedic/Ivonete@2021/83306.m3u8
http://splaytv.io:80/live/Jales2493/61999482493/83306.m3u8
http://splaytv.io:80/live/Jandiara993089253/hn1mh2gu/83306.m3u8
http://splaytv.io:80/live/jeferson2022/17453873/83306.m3u8
http://splaytv.io:80/live/jezw6fy/oiz9cul/83306.m3u8
http://splaytv.io:80/live/Jonas995413534/gvf43fgd/83306.m3u8
http://splaytv.io:80/live/josyceilandiacozinha/161516290/83306.m3u8
http://splaytv.io:80/live/josymiranda/6185011765/83306.m3u8
http://splaytv.io:80/live/Jurandi02021/Loki2021@/83306.m3u8
http://splaytv.io:80/live/k4qi45x8dz/l6brkhdkuv/83306.m3u8
http://splaytv.io:80/live/Karina2906/6g7a2x2/83306.m3u8
http://splaytv.io:80/live/kav8rnhykq/hz8a2q1i52/83306.m3u8
http://splaytv.io:80/live/kw42gckr94/2o0fi169um/83306.m3u8
http://splaytv.io:80/live/l0zowe6g9x/rvocbk4nxx/83306.m3u8
http://splaytv.io:80/live/laudiceia15cliente/15clienteiptv/83306.m3u8
http://splaytv.io:80/live/Leandro2020/ruaivoti2020/83306.m3u8
http://splaytv.io:80/live/line65jessica/ontvline6748/83306.m3u8
http://splaytv.io:80/live/link0147/link0147bolt/83306.m3u8
http://splaytv.io:80/live/link8939/link8939bolt/83306.m3u8
http://splaytv.io:80/live/Lucimar/Lucipat24032021/83306.m3u8
http://splaytv.io:80/live/Ludovico991387230/ghoe78drs/83306.m3u8
http://splaytv.io:80/live/LUIS21BR/221083aa/83306.m3u8
http://splaytv.io:80/live/m.dapaz/dapaziptv/83306.m3u8
http://splaytv.io:80/live/manelvig705/vig739027co/83306.m3u8
http://splaytv.io:80/live/Marcao069/Manique069/83306.m3u8
http://splaytv.io:80/live/Marcelo984258235/hbgy45df/83306.m3u8
http://splaytv.io:80/live/marcoecassia/63829020/83306.m3u8
http://splaytv.io:80/live/marcoscliente630box2/91574545df/83306.m3u8
http://splaytv.io:80/live/michelesolnascente/micheleiptv/83306.m3u8
http://splaytv.io:80/live/millena25879/rosa78421/83306.m3u8
http://splaytv.io:80/live/miq99ey/40qnl2y/83306.m3u8
http://splaytv.io:80/live/moiseis578/dx1608547/83306.m3u8
http://splaytv.io:80/live/n7v4hiv/u8bx500/83306.m3u8
http://splaytv.io:80/live/Naldo9902/81059902/83306.m3u8
http://splaytv.io:80/live/Natanael992182196/gur2c1df/83306.m3u8
http://splaytv.io:80/live/nilsongamafilho/726262976100/83306.m3u8
http://splaytv.io:80/live/paulotaguatinga/171652629170/83306.m3u8
http://splaytv.io:80/live/paulovalparaisosala/5362551310/83306.m3u8
http://splaytv.io:80/live/pbf5rbtyk0/v3pe31q01o/83306.m3u8
http://splaytv.io:80/live/professorj32/pro2387@/83306.m3u8
http://splaytv.io:80/live/prp32kfte3/bxam6bznpe/83306.m3u8
http://splaytv.io:80/live/q1vd7rg912/ouymlyczvz/83306.m3u8
http://splaytv.io:80/live/q8alw2v8hm/8kwtdqkv8x/83306.m3u8
http://splaytv.io:80/live/raimundobrito/brito2021/83306.m3u8
http://splaytv.io:80/live/renato1321/86902516/83306.m3u8
http://splaytv.io:80/live/ricardo122/pado2011/83306.m3u8
http://splaytv.io:80/live/rochele/y4svwwcieo/83306.m3u8
http://splaytv.io:80/live/rogerio2/y4svwwcieo/83306.m3u8
http://splaytv.io:80/live/sabrinatv10/57954110/83306.m3u8
http://splaytv.io:80/live/samasuite/999729901/83306.m3u8
http://splaytv.io:80/live/sara4571/165165431/83306.m3u8
http://splaytv.io:80/live/sauloverdin/verdins02/83306.m3u8
http://splaytv.io:80/live/simonegama/17102700928/83306.m3u8
http://splaytv.io:80/live/tabosa/IPTV2021/83306.m3u8
http://splaytv.io:80/live/Tatiane10/Tatiane321/83306.m3u8
http://splaytv.io:80/live/Tiamarisa/tia234599/83306.m3u8
http://splaytv.io:80/live/ValdeciTCCC/Tccc3445971/83306.m3u8
http://splaytv.io:80/live/VanderleiBatista/11997335321/83306.m3u8
http://splaytv.io:80/live/vania567/2122vania/83306.m3u8
http://splaytv.io:80/live/vava21/vava202112/83306.m3u8
http://splaytv.io:80/live/w7nfabfl7p/t182ox41wf/83306.m3u8
http://splaytv.io:80/live/Wallaceoliv/gp026035/83306.m3u8
http://splaytv.io:80/live/waltersobradinho/2826362010/83306.m3u8
http://splaytv.io:80/live/wesleyformosa/55214214134/83306.m3u8
http://splaytv.io:80/live/William/Wm12029505/83306.m3u8
http://splaytv.io:80/live/ztrzsmbjfo/io6inorlla/83306.m3u8
