<favourites>
    
    <favourite name="01 ●≡ ESRV.CC  |  f4mTester" thumb="https://play-lh.googleusercontent.com/9ZhwOgV8V2dv3-ResGBib2DPGsg3r3wFkmodT73y3INFpUue6nutdK5oj93OTkiyNOQ" fanart="https://broadcastdialogue.com/wp-content/uploads/2022/08/future-digital-scaled.jpg">ActivateWindow(videos,&quot;plugin://plugin.video.twoaddons/?url=https%3A%2F%2Fgist.githubusercontent.com%2Fspinabr%2F503318f6de3a5fa0b0299566d886d157%2Fraw%2Fbc0d65b50516bd118e743d05001580fd26574436%2F00000&amp;mode=1&amp;name=%5BB%5D%5BCOLOR+blue%5D%E2%97%8F%E2%89%A1+%5B%2FCOLOR%5D+%5BCOLOR+white%5D+SERVIDOR+13+%7C+%5BCOLOR+red%5D+spina%5B%2FCOLOR%5D%5BCOLOR+orange%5Dbr%5B%2FCOLOR%5D%5B%2FB%5D&amp;fanart=http%3A%2F%2Froger1964.antaeus.feralhosting.com%2FMedia%2FPainel%2Fneotvfanart.jpg&quot;,return)</favourite>
	<favourite name="02 ●≡ ESRV.CC  |  f4mTester" thumb="https://play-lh.googleusercontent.com/9ZhwOgV8V2dv3-ResGBib2DPGsg3r3wFkmodT73y3INFpUue6nutdK5oj93OTkiyNOQ" fanart="https://broadcastdialogue.com/wp-content/uploads/2022/08/future-digital-scaled.jpg">ActivateWindow(videos,&quot;plugin://plugin.video.twoaddons/?url=https%3A%2F%2Fgist.githubusercontent.com%2Fspina777%2F9923d15e660f5ac921804b7287da2644%2Fraw%2F458e2fde612711d27ca46bc979800b4d65c62e78%2F000000&amp;mode=1&amp;name=%5BB%5D%5BCOLOR+blue%5D%E2%97%8F%E2%89%A1+%5B%2FCOLOR%5D+%5BCOLOR+white%5D+SERVIDOR+13+%7C+%5BCOLOR+red%5D+spina%5B%2FCOLOR%5D%5BCOLOR+orange%5Dbr%5B%2FCOLOR%5D%5B%2FB%5D&amp;fanart=http%3A%2F%2Froger1964.antaeus.feralhosting.com%2FMedia%2FPainel%2Fneotvfanart.jpg&quot;,return)</favourite>
	<favourite name="03 ●≡ ESRV.CC  |  f4mTester" thumb="https://play-lh.googleusercontent.com/9ZhwOgV8V2dv3-ResGBib2DPGsg3r3wFkmodT73y3INFpUue6nutdK5oj93OTkiyNOQ" fanart="https://broadcastdialogue.com/wp-content/uploads/2022/08/future-digital-scaled.jpg">ActivateWindow(videos,&quot;plugin://plugin.video.twoaddons/?url=https%3A%2F%2Fgist.githubusercontent.com%2Fspinabr%2F503318f6de3a5fa0b0299566d886d157%2Fraw%2Fb8243b48b172a956f6fbd0c57d5ce3336115f296%2F00000&amp;mode=1&amp;name=%5BB%5D%5BCOLOR+blue%5D%E2%97%8F%E2%89%A1+%5B%2FCOLOR%5D+%5BCOLOR+white%5D+SERVIDOR+13+%7C+%5BCOLOR+red%5D+spina%5B%2FCOLOR%5D%5BCOLOR+orange%5Dbr%5B%2FCOLOR%5D%5B%2FB%5D&amp;fanart=http%3A%2F%2Froger1964.antaeus.feralhosting.com%2FMedia%2FPainel%2Fneotvfanart.jpg&quot;,return)</favourite>
	<favourite name="04 ●≡ ESRV.CC  |  f4mTester" thumb="https://play-lh.googleusercontent.com/9ZhwOgV8V2dv3-ResGBib2DPGsg3r3wFkmodT73y3INFpUue6nutdK5oj93OTkiyNOQ" fanart="https://broadcastdialogue.com/wp-content/uploads/2022/08/future-digital-scaled.jpg">ActivateWindow(videos,&quot;plugin://plugin.video.twoaddons/?url=https://gist.githubusercontent.com/spina777/9923d15e660f5ac921804b7287da2644/raw/fd937837e7c631e537776f04dd078f2e023fd080/000000&amp;mode=1&amp;name=%5BB%5D%5BCOLOR+blue%5D%E2%97%8F%E2%89%A1+%5B%2FCOLOR%5D+%5BCOLOR+white%5D+SERVIDOR+13+%7C+%5BCOLOR+red%5D+spina%5B%2FCOLOR%5D%5BCOLOR+orange%5Dbr%5B%2FCOLOR%5D%5B%2FB%5D&amp;fanart=http%3A%2F%2Froger1964.antaeus.feralhosting.com%2FMedia%2FPainel%2Fneotvfanart.jpg&quot;,return)</favourite>
	<favourite name="05 ●≡ ESRV.CC  |  f4mTester" thumb="https://play-lh.googleusercontent.com/9ZhwOgV8V2dv3-ResGBib2DPGsg3r3wFkmodT73y3INFpUue6nutdK5oj93OTkiyNOQ" fanart="https://broadcastdialogue.com/wp-content/uploads/2022/08/future-digital-scaled.jpg">ActivateWindow(videos,&quot;plugin://plugin.video.twoaddons/?url=https%3A%2F%2Fgist.githubusercontent.com%2Fspinabr%2F503318f6de3a5fa0b0299566d886d157%2Fraw%2Ff764c58e37b2e67e2b35653d16546ff84d50ff3a%2F00000&amp;mode=1&amp;name=%5BB%5D%5BCOLOR+blue%5D%E2%97%8F%E2%89%A1+%5B%2FCOLOR%5D+%5BCOLOR+white%5D+SERVIDOR+13+%7C+%5BCOLOR+red%5D+spina%5B%2FCOLOR%5D%5BCOLOR+orange%5Dbr%5B%2FCOLOR%5D%5B%2FB%5D&amp;fanart=http%3A%2F%2Froger1964.antaeus.feralhosting.com%2FMedia%2FPainel%2Fneotvfanart.jpg&quot;,return)</favourite>
	
	
	
</favourites>


https%3A%2F%2Fgist.githubusercontent.com%2Fspina777%2F9923d15e660f5ac921804b7287da2644%2Fraw%2Ffd937837e7c631e537776f04dd078f2e023fd080%2F000000




*01- http://esrv.cc/get.php?username=HermesonDAtv&password=xina2020&type=m3u_plus&output=ts	Active	04/12/2020 01:28:19	04/07/2023 13:28:19	0		2	"m3u8","ts"
https://gist.githubusercontent.com/spinabr/503318f6de3a5fa0b0299566d886d157/raw/bc0d65b50516bd118e743d05001580fd26574436/00000
*02- http://esrv.cc:80/get.php?username=alexandref&password=Dpqy6&type=m3u&output=ts	Active	28/08/2022 23:45:26	06/09/2023 01:51:56	0		2	"m3u8","ts","rtmp"	
https://gist.githubusercontent.com/spina777/9923d15e660f5ac921804b7287da2644/raw/458e2fde612711d27ca46bc979800b4d65c62e78/000000
*03- http://esrv.cc/get.php?username=guilhermeind1&password=7897543157&type=m3u&output=ts	Active	07/03/2021 15:56:15	30/06/2023 00:07:06	0		2	"m3u8","ts"	
https://gist.githubusercontent.com/spinabr/503318f6de3a5fa0b0299566d886d157/raw/b8243b48b172a956f6fbd0c57d5ce3336115f296/00000
*04- http://esrv.cc:80/get.php?username=fabio906&password=fabio096&type=m3u&output=ts	Active	24/10/2022 15:57:03	08/09/2023 21:50:52	0		2	"m3u8","ts"	
https://gist.githubusercontent.com/spina777/9923d15e660f5ac921804b7287da2644/raw/fd937837e7c631e537776f04dd078f2e023fd080/000000
*05- http://esrv.cc/get.php?username=anderson6489&password=64896489&type=m3u&output=ts	Active	07/03/2021 15:56:15	30/06/2023 00:07:06	0		2	"m3u8","ts"	
https://gist.githubusercontent.com/spinabr/503318f6de3a5fa0b0299566d886d157/raw/f764c58e37b2e67e2b35653d16546ff84d50ff3a/00000






http://esrv.cc/get.php?username=capitao3&password=Bkhdsehkb&type=m3u&output=ts	Active	07/12/2020 12:31:58	13/06/2023 13:05:15	0		3	"m3u8","ts"	
http://esrv.cc/get.php?username=ThiagoCunico&password=TC85gh&type=m3u&output=ts	Active	16/07/2020 15:15:41	17/06/2023 01:51:45	0		2	"m3u8","ts"	
http://esrv.cc/get.php?username=xtS4l4CyK6&password=RToSB1GP6B&type=m3u&output=ts	Active	03/12/2020 22:16:11	11/06/2023 17:16:05	0		2	"m3u8","ts"	
http://esrv.cc/get.php?username=Moisa&password=Vanessac.08&type=m3u&output=ts	Active	22/09/2021 00:34:56	04/06/2023 20:38:29	0		2	"m3u8","ts","rtmp"	
http://esrv.cc/get.php?username=anderson6489&password=64896489&type=m3u&output=ts	Active	07/03/2021 15:56:15	30/06/2023 00:07:06	0		2	"m3u8","ts"	
http://esrv.cc/get.php?username=davipn&password=Gta585&type=m3u&output=ts	Active	19/08/2021 16:07:12	02/06/2023 19:01:41	0		2	"m3u8","ts","rtmp"	
http://esrv.cc/get.php?username=fabio906&password=fabio096&type=m3u&output=ts	Active	24/03/2020 22:41:21	27/03/2024 00:17:28	0		2	"m3u8","ts"	
http://esrv.cc/get.php?username=alexandref&password=Dpqy6&type=m3u&output=ts	Active	13/08/2021 15:54:19	13/06/2023 18:54:19	0		2	"m3u8","ts","rtmp"	
http://esrv.cc/get.php?username=ADxenia&password=EcH67h92bv&type=m3u&output=ts	Active	24/03/2021 22:40:29	25/06/2023 01:40:29	0		1	"m3u8","ts","rtmp"	
http://esrv.cc/get.php?username=87Ednalva97&password=ErSzpUfJdl&type=m3u&output=ts	Active	24/03/2021 22:40:29	25/06/2023 01:40:29	0		1	"m3u8","ts"	
http://esrv.cc/get.php?username=Aguinaldo01&password=A150320&type=m3u&output=ts	Active	24/03/2021 22:40:29	25/06/2023 01:40:29	0		1	"m3u8","ts"	
http://esrv.cc/get.php?username=Alexandra&password=Xl9jw&type=m3u&output=ts	Active	30/10/2021 18:40:41	13/02/2024 21:33:47	0		1	"m3u8","ts","rtmp"	
http://esrv.cc/get.php?username=AkumaBruno&password=Dn2jEjbfy&type=m3u&output=ts	Active	14/09/2021 16:26:06	03/06/2023 22:57:02	0		1	"m3u8","ts","rtmp"	
http://esrv.cc/get.php?username=Aline6545&password=a546120&type=m3u&output=ts	Active	21/11/2020 23:46:01	17/06/2023 00:13:30	0		1	"m3u8","ts"	
http://esrv.cc/get.php?username=Alecio678&password=Lk7DT&type=m3u&output=ts	Active	12/06/2020 15:02:44	13/06/2023 23:36:12	0		1	"m3u8","ts","rtmp"	
http://esrv.cc/get.php?username=Aline100&password=8yPOaP4Kgb&type=m3u&output=ts	Active	05/06/2021 00:09:58	11/07/2023 15:26:41	0		1	"m3u8","ts"	
http://esrv.cc/get.php?username=Alison036&password=Josuel43567&type=m3u&output=ts	Active	05/06/2021 00:09:58	11/07/2023 15:26:41	0		1	"m3u8","ts","rtmp"	
http://esrv.cc/get.php?username=Almirpando&password=Kc8x3&type=m3u&output=ts	Active	22/12/2020 00:22:55	26/06/2023 22:06:54	0		1	"m3u8","ts","rtmp"	
http://esrv.cc/get.php?username=Alvinocasa1&password=756839&type=m3u&output=ts	Active	22/12/2020 00:22:55	26/06/2023 22:06:54	0		1	"m3u8","ts"	
http://esrv.cc/get.php?username=Americobv01&password=Dx3M7&type=m3u&output=ts	Active	14/12/2021 14:40:59	14/06/2023 22:35:59	0		1	"m3u8","ts","rtmp"	
http://esrv.cc/get.php?username=An1195201r&password=Ed13035N&type=m3u&output=ts	Active	14/12/2021 14:43:27	14/06/2023 22:35:37	0		1	"m3u8","ts"	
http://esrv.cc/get.php?username=Americobv034&password=Ji2zj&type=m3u&output=ts	Active	14/12/2021 14:41:24	14/06/2023 22:35:52	0		1	"m3u8","ts","rtmp"	
http://esrv.cc/get.php?username=Americobv02&password=Jw2Nt&type=m3u&output=ts	Active	14/12/2021 14:41:24	14/06/2023 22:35:52	0		1	"m3u8","ts","rtmp"	
http://esrv.cc/get.php?username=Americobv03&password=No8Og&type=m3u&output=ts	Active	14/12/2021 14:42:44	14/06/2023 22:35:43	0		1	"m3u8","ts","rtmp"	
http://esrv.cc/get.php?username=AndersonL2&password=Df221&type=m3u&output=ts	Active	06/08/2021 12:36:04	08/06/2023 15:35:49	0		1	"m3u8","ts","rtmp"	
http://esrv.cc/get.php?username=Antonios2&password=Wonder@1322&type=m3u&output=ts	Active	11/10/2021 23:00:19	12/06/2023 13:46:48	0		1	"m3u8","ts","rtmp"	
http://esrv.cc/get.php?username=Andrebrenda2&password=Direito@3&type=m3u&output=ts	Active	14/08/2022 17:21:49	18/06/2023 20:45:50	0		1	"m3u8","ts","rtmp"	
http://esrv.cc/get.php?username=Antonio45&password=65398543&type=m3u&output=ts	Active	06/07/2020 21:48:49	16/06/2023 00:56:42	0		1	"m3u8","ts"	
http://esrv.cc/get.php?username=Arthur_Camanho&password=AmigoRoberto&type=m3u&output=ts	Active	07/05/2020 23:17:33	10/06/2023 20:44:57	0		1	"m3u8","ts"	
http://esrv.cc/get.php?username=Ari_Silva&password=Aguas123&type=m3u&output=ts	Active	07/05/2020 23:17:33	10/06/2023 20:44:57	0		1	"m3u8","ts"	
http://esrv.cc/get.php?username=Au5Ib&password=Cf8UD&type=m3u&output=ts	Active	22/06/2021 22:36:02	24/06/2023 00:05:01	0		1	"m3u8","ts","rtmp"	
http://esrv.cc/get.php?username=Baianolape&password=Rk3OT&type=m3u&output=ts	Active	13/06/2021 01:59:05	20/06/2023 10:44:16	0		1	"m3u8","ts","rtmp"	
http://esrv.cc/get.php?username=Borracha&password=Ht74v&type=m3u&output=ts	Active	28/02/2021 11:46:13	28/06/2023 21:59:38	0		1	"m3u8","ts","rtmp"	
http://esrv.cc/get.php?username=welsonvale&password=492705&type=m3u&output=ts	Active	03/07/2020 22:53:11	03/07/2023 22:53:11	0		1	"m3u8","ts"	
http://esrv.cc/get.php?username=BrunTr235&password=S1dh2r45&type=m3u&output=ts	Active	28/02/2021 11:46:13	28/06/2023 21:59:38	0		1	"m3u8","ts"	
http://esrv.cc/get.php?username=CABJulio&password=DG12@GAR&type=m3u&output=ts	Active	27/06/2021 20:33:14	20/07/2023 22:05:15	0		1	"m3u8","ts"	
http://esrv.cc/get.php?username=Brunotvbrunos&password=Sapato23&type=m3u&output=ts	Active	27/06/2021 20:33:14	20/07/2023 22:05:15	0		1	"m3u8","ts","rtmp"	
http://esrv.cc/get.php?username=CLAUDIA9156&password=GOMES0352&type=m3u&output=ts	Active	27/06/2021 20:33:14	20/07/2023 22:05:15	0		1	"m3u8","ts"	
http://esrv.cc/get.php?username=Carlos86&password=Car52j&type=m3u&output=ts	Active	05/02/2021 12:17:34	08/06/2023 00:23:39	0		1	"m3u8","ts"	
http://esrv.cc/get.php?username=Carlosseg74&password=QrA5291&type=m3u&output=ts	Active	15/09/2021 14:30:49	16/06/2023 14:52:23	0		1	"m3u8","ts","rtmp"	
http://esrv.cc/get.php?username=Casaa&password=Qw1ha&type=m3u&output=ts	Active	20/11/2021 19:32:19	27/06/2023 17:16:23	0		1	"m3u8","ts","rtmp"	
http://esrv.cc/get.php?username=Casafernando&password=Le4ym&type=m3u&output=ts	Active	10/01/2022 22:29:02	16/06/2023 00:06:43	0		1	"m3u8","ts","rtmp"	
http://esrv.cc/get.php?username=Claudenisc&password=Dk5Pj&type=m3u&output=ts	Active	23/07/2021 19:09:56	14/06/2023 01:34:23	0		1	"m3u8","ts","rtmp"	
http://esrv.cc/get.php?username=ClaudioLima&password=Gq4vJ&type=m3u&output=ts	Active	27/08/2022 00:17:04	03/06/2023 19:37:49	0		1	"m3u8","ts","rtmp"	
http://esrv.cc/get.php?username=Claudio9226&password=Amorin0943&type=m3u&output=ts	Active	27/08/2022 00:17:04	03/06/2023 19:37:49	0		1	"m3u8","ts","rtmp"	
http://esrv.cc/get.php?username=Cleberson01&password=Algusto01&type=m3u&output=ts	Active	30/09/2020 20:22:58	09/06/2023 21:43:05	0		1	"m3u8","ts"	
http://esrv.cc/get.php?username=Cleber2178&password=2178cl&type=m3u&output=ts	Active	30/09/2020 20:22:58	09/06/2023 21:43:05	0		1	"m3u8","ts"	
http://esrv.cc/get.php?username=Clebsonboc293&password=Gajsk192&type=m3u&output=ts	Active	29/04/2021 22:46:17	26/06/2023 20:26:01	0		1	"m3u8","ts"	
http://esrv.cc/get.php?username=Cleitonprn1&password=AHs2346&type=m3u&output=ts	Active	26/02/2021 21:56:39	11/06/2023 18:09:44	0		1	"m3u8","ts"	
http://esrv.cc/get.php?username=ClodoAlDo6&password=Ar9Fe&type=m3u&output=ts	Active	20/06/2021 02:06:36	01/07/2023 22:56:50	0		1	"m3u8","ts","rtmp"	
http://esrv.cc/get.php?username=Cv9ze&password=Ax8cG&type=m3u&output=ts	Active	29/12/2020 21:39:56	20/06/2023 21:52:48	0		1	"m3u8","ts","rtmp"	
http://esrv.cc/get.php?username=DBjames19&password=J1hka63&type=m3u&output=ts	Active	15/09/2020 14:45:08	16/09/2023 19:11:21	0		1	"m3u8","ts"	
http://esrv.cc/get.php?username=DG12MAEAna@&password=dg12@migTV&type=m3u&output=ts	Active	15/09/2020 14:45:08	16/09/2023 19:11:21	0		1	"m3u8","ts"	
http://esrv.cc/get.php?username=Daniel8591&password=Wc0ZD&type=m3u&output=ts	Active	14/12/2021 18:20:41	23/06/2023 22:01:34	0		1	"m3u8","ts","rtmp"	
http://esrv.cc/get.php?username=DaviCaq71&password=87Hgf95&type=m3u&output=ts	Active	08/02/2021 14:57:40	15/06/2023 12:16:02	0		1	"m3u8","ts"	
http://esrv.cc/get.php?username=DeivsonPL&password=Bw7gp&type=m3u&output=ts	Active	19/01/2022 00:49:15	26/06/2023 20:56:09	0		1	"m3u8","ts","rtmp"	
http://esrv.cc/get.php?username=Diego27023&password=Pequenino3356&type=m3u&output=ts	Active	19/01/2022 00:49:15	26/06/2023 20:56:09	0		1	"m3u8","ts","rtmp"	
http://esrv.cc/get.php?username=DgTclEly&password=TCL54@epf&type=m3u&output=ts	Active	28/11/2020 20:09:58	02/06/2023 23:51:25	0		1	"m3u8","ts"	
http://esrv.cc/get.php?username=Diogenes82&password=Ci4rT&type=m3u&output=ts	Active	16/04/2021 21:06:35	22/06/2023 14:55:31	0		1	"m3u8","ts","rtmp"	
http://esrv.cc/get.php?username=Diogoleite&password=Borgescarvalho&type=m3u&output=ts	Active	16/04/2021 21:06:35	22/06/2023 14:55:31	0		1	"m3u8","ts"	
http://esrv.cc/get.php?username=Djdud4&password=Htb83&type=m3u&output=ts	Active	28/07/2020 19:42:52	07/06/2023 18:12:34	0		1	"m3u8","ts"	
http://esrv.cc/get.php?username=Dkalice2020&password=Familiacruz3546&type=m3u&output=ts	Active	08/11/2021 22:49:55	08/07/2023 23:49:55	0		1	"m3u8","ts","rtmp"	
http://esrv.cc/get.php?username=DomingosVescovi&password=Admin6515&type=m3u&output=ts	Active	08/11/2021 22:49:55	08/07/2023 23:49:55	0		1	"m3u8","ts","rtmp"	
http://esrv.cc/get.php?username=Douglasaco&password=yZgc8l1qTB&type=m3u&output=ts	Active	22/02/2021 22:13:05	27/06/2023 14:37:55	0		1	"m3u8","ts"	
http://esrv.cc/get.php?username=Dq5xC&password=Ix9Lk&type=m3u&output=ts	Active	08/12/2021 14:30:40	27/06/2023 20:02:42	0		1	"m3u8","ts","rtmp"	
http://esrv.cc/get.php?username=Edilaine11&password=E11E11&type=m3u&output=ts	Active	17/03/2021 20:26:51	17/06/2023 23:26:51	0		1	"m3u8","ts"	
http://esrv.cc/get.php?username=Edneiiptv&password=170321&type=m3u&output=ts	Active	17/03/2021 20:26:51	17/06/2023 23:26:51	0		1	"m3u8","ts"	
http://esrv.cc/get.php?username=Edsonsp&password=Edso1702&type=m3u&output=ts	Active	17/02/2021 23:15:15	24/06/2023 20:43:17	0		1	"m3u8","ts"	
http://esrv.cc/get.php?username=EduardoFernLG&password=pw57Br&type=m3u&output=ts	Active	27/02/2020 15:30:01	28/07/2023 18:59:42	0		1	"m3u8","ts"	
http://esrv.cc/get.php?username=EdvaldoB13&password=E130520&type=m3u&output=ts	Active	13/05/2020 14:26:28	15/06/2023 23:50:37	0		1	"m3u8","ts"	
http://esrv.cc/get.php?username=Elisalumet&password=Jp882&type=m3u&output=ts	Active	10/05/2020 18:52:46	16/06/2023 18:59:19	0		1	"m3u8","ts","rtmp"	
http://esrv.cc/get.php?username=Ellin827Son&password=Eli927s&type=m3u&output=ts	Active	10/05/2020 18:52:46	16/06/2023 18:59:19	0		1	"m3u8","ts"	
http://esrv.cc/get.php?username=Elsoeder&password=Salto1930&type=m3u&output=ts	Active	14/06/2021 22:06:41	18/06/2023 22:11:52	0		1	"m3u8","ts","rtmp"	
http://esrv.cc/get.php?username=Escuro6so&password=Rk6ak&type=m3u&output=ts	Active	30/07/2021 01:09:17	09/06/2023 17:05:56	0		1	"m3u8","ts","rtmp"	
http://esrv.cc/get.php?username=Etson139&password=Oj4AB&type=m3u&output=ts	Active	29/07/2021 18:13:38	10/07/2023 00:24:36	0		1	"m3u8","ts","rtmp"	
http://esrv.cc/get.php?username=Evandroklain&password=Lobo3542&type=m3u&output=ts	Active	29/07/2021 18:13:38	10/07/2023 00:24:36	0		1	"m3u8","ts","rtmp"	
http://esrv.cc/get.php?username=Ewerton21&password=Ew96681&type=m3u&output=ts	Active	24/11/2021 19:19:15	02/06/2023 22:52:31	0		1	"m3u8","ts","rtmp"	
http://esrv.cc/get.php?username=Ewerton07&password=241121Ew&type=m3u&output=ts	Active	24/11/2021 19:19:15	02/06/2023 22:52:31	0		1	"m3u8","ts","rtmp"	
http://esrv.cc/get.php?username=Fabim11&password=Domingos11&type=m3u&output=ts	Active	27/04/2021 17:55:11	11/06/2023 22:20:19	0		1	"m3u8","ts"	
http://esrv.cc/get.php?username=Fern9951&password=Junio5651&type=m3u&output=ts	Active	08/11/2021 23:50:52	11/06/2023 13:06:43	0		1	"m3u8","ts","rtmp"	
http://esrv.cc/get.php?username=Felipe94&password=Jctv6984&type=m3u&output=ts	Active	08/11/2021 23:50:52	11/06/2023 13:06:43	0		1	"m3u8","ts","rtmp"	
http://esrv.cc/get.php?username=Flav01&password=Xb6x4&type=m3u&output=ts	Active	11/10/2021 19:55:10	12/06/2023 01:44:36	0		1	"m3u8","ts","rtmp"	
http://esrv.cc/get.php?username=Flavioelrj&password=Xz95d&type=m3u&output=ts	Active	13/06/2021 20:30:00	20/06/2023 23:35:31	0		1	"m3u8","ts","rtmp"	
http://esrv.cc/get.php?username=Fp0KI&password=Bk5dH&type=m3u&output=ts	Active	27/11/2021 22:05:57	02/06/2023 21:11:47	0		1	"m3u8","ts","rtmp"	
http://esrv.cc/get.php?username=Fx1TL&password=Rs2UN&type=m3u&output=ts	Active	27/11/2021 22:05:57	02/06/2023 21:11:47	0		1	"m3u8","ts","rtmp"	
http://esrv.cc/get.php?username=Gabblue&password=Teste17&type=m3u&output=ts	Active	27/11/2021 22:05:57	02/06/2023 21:11:47	0		1	"m3u8","ts","rtmp"	
http://esrv.cc/get.php?username=GavrilDavi&password=Sonic25&type=m3u&output=ts	Active	27/09/2021 20:16:19	03/06/2023 01:51:28	0		1	"m3u8","ts","rtmp"	
http://esrv.cc/get.php?username=Gil_2020&password=sinesioiptv&type=m3u&output=ts	Active	02/10/2020 18:08:13	03/06/2023 23:17:51	0		1	"m3u8","ts"	
http://esrv.cc/get.php?username=Gilberto44&password=Cleide7323&type=m3u&output=ts	Active	21/06/2021 22:52:17	16/06/2023 01:33:22	0		1	"m3u8","ts","rtmp"	
http://esrv.cc/get.php?username=Gl30q&password=Yg6Yl&type=m3u&output=ts	Active	06/12/2021 21:30:52	09/06/2023 21:46:32	0		1	"m3u8","ts","rtmp"	
http://esrv.cc/get.php?username=GiovaniLUISCLAUDIO&password=peEF9UMZzN&type=m3u&output=ts	Active	04/05/2021 13:48:58	08/06/2023 20:02:47	0		1	"m3u8","ts"	
http://esrv.cc/get.php?username=Gp5pg&password=Gr5eD&type=m3u&output=ts	Active	25/09/2021 17:38:14	08/06/2023 19:56:22	0		1	"m3u8","ts","rtmp"	
http://esrv.cc/get.php?username=Guilherm94&password=GuiPs3&type=m3u&output=ts	Active	19/03/2023 00:59:57	19/06/2023 03:59:57	0		1	"m3u8","ts","rtmp"	
http://esrv.cc/get.php?username=Heber8813&password=Pontes2566&type=m3u&output=ts	Active	04/02/2022 19:14:26	04/07/2023 20:14:26	0		1	"m3u8","ts","rtmp"	
http://esrv.cc/get.php?username=Helena5334&password=Marcos8810&type=m3u&output=ts	Active	10/01/2021 17:28:51	16/06/2023 21:23:04	0		1	"m3u8","ts"	
http://esrv.cc/get.php?username=Herd10&password=Cde23&type=m3u&output=ts	Active	08/08/2021 00:52:10	07/06/2023 23:06:13	0		1	"m3u8","ts"	
http://esrv.cc/get.php?username=Ho2SE&password=Zb2dF&type=m3u&output=ts	Active	08/08/2021 00:52:10	07/06/2023 23:06:13	0		1	"m3u8","ts","rtmp"	
http://esrv.cc/get.php?username=Horta@9987&password=Verdura@5600&type=m3u&output=ts	Active	30/04/2021 15:34:15	09/06/2023 00:01:13	0		1	"m3u8","ts"	
http://esrv.cc/get.php?username=Humberto019&password=QkJSaLtkpZ&type=m3u&output=ts	Active	26/03/2021 02:24:08	07/06/2023 21:38:50	0		1	"m3u8","ts"	
http://esrv.cc/get.php?username=Ip6qM&password=Kx5QZ&type=m3u&output=ts	Active	04/12/2021 16:38:05	04/06/2023 20:38:05	0		1	"m3u8","ts","rtmp"	
http://esrv.cc/get.php?username=Italo01&password=210921It&type=m3u&output=ts	Active	21/09/2021 13:04:02	30/06/2023 17:57:40	0		1	"m3u8","ts","rtmp"	
http://esrv.cc/get.php?username=Ivone@9132&password=@Maugusta2725&type=m3u&output=ts	Active	11/08/2020 23:55:20	26/06/2023 18:21:14	0		1	"m3u8","ts"	
http://esrv.cc/get.php?username=Ivonesp&password=Yh2wJ&type=m3u&output=ts	Active	19/06/2021 13:18:16	20/06/2023 22:49:51	0		1	"m3u8","ts","rtmp"	
http://esrv.cc/get.php?username=87654654&password=87645345&type=m3u&output=ts	Active	24/03/2021 22:40:29	25/06/2023 01:40:29	0		1	"m3u8","ts"	
http://esrv.cc/get.php?username=Jebia146&password=Bip0914&type=m3u&output=ts	Active	15/09/2021 22:39:44	15/06/2023 22:45:21	0		1	"m3u8","ts","rtmp"	
http://esrv.cc/get.php?username=Jimenez9826&password=Krby7&type=m3u&output=ts	Active	04/12/2020 15:41:53	08/06/2023 22:33:38	0		1	"m3u8","ts","rtmp"	
http://esrv.cc/get.php?username=Joaquinlape&password=Hp4ET&type=m3u&output=ts	Active	14/06/2021 19:00:38	21/07/2023 12:51:24	0		1	"m3u8","ts","rtmp"	
http://esrv.cc/get.php?username=JoelsonJu&password=BeJuan02&type=m3u&output=ts	Active	19/01/2021 22:23:53	11/06/2023 22:57:35	0		1	"m3u8","ts","rtmp"	
http://esrv.cc/get.php?username=Jonaspoli83&password=Ab3920&type=m3u&output=ts	Active	19/01/2021 22:23:53	11/06/2023 22:57:35	0		1	"m3u8","ts"	
http://esrv.cc/get.php?username=Josinei&password=Josi123&type=m3u&output=ts	Active	01/04/2021 17:21:25	03/06/2023 23:19:19	0		1	"m3u8","ts"	
http://esrv.cc/get.php?username=Jq1wL&password=Jo4Au&type=m3u&output=ts	Active	02/07/2021 19:40:17	08/06/2023 16:36:05	0		1	"m3u8","ts","rtmp"	
http://esrv.cc/get.php?username=Jp2zo&password=Ja2sb&type=m3u&output=ts	Active	05/06/2021 20:43:53	14/06/2023 22:02:04	0		1	"m3u8","ts","rtmp"	
http://esrv.cc/get.php?username=Judelanche&password=992019242Jd&type=m3u&output=ts	Active	13/07/2021 22:22:38	16/06/2023 13:13:43	0		1	"m3u8","ts","rtmp"	
http://esrv.cc/get.php?username=Junior0597&password=Bctv8182&type=m3u&output=ts	Active	10/01/2022 23:37:35	11/06/2023 05:04:28	0		1	"m3u8","ts","rtmp"	
http://esrv.cc/get.php?username=Juniorlenha&password=Eg34d&type=m3u&output=ts	Active	09/06/2021 21:49:28	18/06/2023 16:33:02	0		1	"m3u8","ts","rtmp"	
http://esrv.cc/get.php?username=Jw0E9&password=Oq5hx&type=m3u&output=ts	Active	06/01/2022 00:20:29	09/06/2023 03:22:06	0		1	"m3u8","ts","rtmp"	
http://esrv.cc/get.php?username=Keueb1&password=ghrT9&type=m3u&output=ts	Active	26/06/2021 16:07:38	02/07/2023 23:42:13	0		1	"m3u8","ts","rtmp"	
http://esrv.cc/get.php?username=Kt4hF&password=hg3WY&type=m3u&output=ts	Active	20/02/2021 00:55:01	18/06/2023 15:09:27	0		1	"m3u8","ts"	
http://esrv.cc/get.php?username=LUCAS7648&password=DINIZ8106&type=m3u&output=ts	Active	09/07/2020 13:35:10	07/06/2023 18:48:39	0		1	"m3u8","ts"	
http://esrv.cc/get.php?username=Laercio&password=rrHBfN7Ojf&type=m3u&output=ts	Active	22/06/2020 17:53:42	23/06/2023 20:11:49	0		1	"m3u8","ts"	
http://esrv.cc/get.php?username=Lauride&password=Deborba&type=m3u&output=ts	Active	14/04/2020 20:15:27	18/06/2023 18:55:21	0		1	"m3u8","ts"	
http://esrv.cc/get.php?username=Lauro2&password=Za4le&type=m3u&output=ts	Active	28/08/2021 01:07:36	08/06/2023 11:47:55	0		1	"m3u8","ts","rtmp"	
http://esrv.cc/get.php?username=Lazarocamard&password=fp0nju2nmi&type=m3u&output=ts	Active	12/12/2020 12:48:02	15/06/2023 20:13:03	0		1	"m3u8","ts"	
http://esrv.cc/get.php?username=Leo45812&password=Ro561211&type=m3u&output=ts	Active	10/07/2021 16:13:11	03/06/2023 23:11:43	0		1	"m3u8","ts","rtmp"	
http://esrv.cc/get.php?username=Leobv03&password=Ut3Vu&type=m3u&output=ts	Active	14/12/2021 18:03:32	14/06/2023 21:15:26	0		1	"m3u8","ts","rtmp"	
http://esrv.cc/get.php?username=Lf9oz&password=Gt5JH&type=m3u&output=ts	Active	21/09/2020 18:30:03	07/06/2023 21:44:34	0		1	"m3u8","ts","rtmp"	
http://esrv.cc/get.php?username=Liabiffi01&password=Biffi02&type=m3u&output=ts	Active	21/09/2020 18:30:03	07/06/2023 21:44:34	0		1	"m3u8","ts"	
http://esrv.cc/get.php?username=Luc06&password=Pa7CL&type=m3u&output=ts	Active	16/07/2020 22:54:03	23/06/2023 10:43:46	0		1	"m3u8","ts","rtmp"	
http://esrv.cc/get.php?username=LucasCasaMAE&password=Yo1y9wG3Jh&type=m3u&output=ts	Active	16/07/2020 22:54:03	23/06/2023 10:43:46	0		1	"m3u8","ts"	
http://esrv.cc/get.php?username=Lucasper2&password=Wonder123&type=m3u&output=ts	Active	19/02/2021 18:45:25	07/06/2023 00:16:31	0		1	"m3u8","ts"	
http://esrv.cc/get.php?username=Lucasc1&password=100417&type=m3u&output=ts	Active	26/02/2021 03:01:16	28/07/2023 13:04:40	0		1	"m3u8","ts"	
http://esrv.cc/get.php?username=LucasSanroma&password=Sanroma2021&type=m3u&output=ts	Active	26/02/2021 03:01:16	28/07/2023 13:04:40	0		1	"m3u8","ts"	
http://esrv.cc/get.php?username=Luci2001&password=Foca9953&type=m3u&output=ts	Active	22/07/2021 19:49:14	12/06/2023 19:40:58	0		1	"m3u8","ts","rtmp"	
http://esrv.cc/get.php?username=Luciana9145&password=Cadavid9445&type=m3u&output=ts	Active	01/04/2021 22:21:47	07/06/2023 00:20:40	0		1	"m3u8","ts","rtmp"	
http://esrv.cc/get.php?username=Lucianaprof&password=Teste17&type=m3u&output=ts	Active	01/04/2021 22:21:47	07/06/2023 00:20:40	0		1	"m3u8","ts"	
http://esrv.cc/get.php?username=Lucimara40&password=L10C40&type=m3u&output=ts	Active	28/06/2020 16:48:11	29/06/2023 12:34:02	0		1	"m3u8","ts"	
http://esrv.cc/get.php?username=Maicon-21&password=Gsia-a10&type=m3u&output=ts	Active	18/11/2020 22:25:59	26/06/2023 00:33:24	0		1	"m3u8","ts","rtmp"	
http://esrv.cc/get.php?username=Marcioiptv&password=181120&type=m3u&output=ts	Active	18/11/2020 22:25:59	26/06/2023 00:33:24	0		1	"m3u8","ts"	
http://esrv.cc/get.php?username=Marcelonegao3456&password=Ip78iunefu76&type=m3u&output=ts	Active	09/09/2020 21:01:33	10/06/2023 19:14:49	0		1	"m3u8","ts"	
http://esrv.cc/get.php?username=Manoelteix&password=71930man&type=m3u&output=ts	Active	25/09/2021 13:59:25	26/06/2023 14:14:57	0		1	"m3u8","ts"	
http://esrv.cc/get.php?username=MaluTV&password=MLtv2255&type=m3u&output=ts	Active	25/09/2021 13:59:25	26/06/2023 14:14:57	0		1	"m3u8","ts","rtmp"	
http://esrv.cc/get.php?username=MAICOTERNI&password=Ao2V5Chibol&type=m3u&output=ts	Active	30/05/2021 18:12:18	07/07/2023 22:23:41	0		1	"m3u8","ts","rtmp"	
http://esrv.cc/get.php?username=MarcioK10&password=Mvd9g&type=m3u&output=ts	Active	10/09/2021 17:28:06	23/06/2023 20:14:28	0		1	"m3u8","ts","rtmp"	
http://esrv.cc/get.php?username=Maedudulin&password=Oz4TR&type=m3u&output=ts	Active	19/01/2022 00:00:40	27/06/2023 13:57:01	0		1	"m3u8","ts","rtmp"	
http://esrv.cc/get.php?username=MarcoOlive&password=Dg639925&type=m3u&output=ts	Active	19/01/2022 00:00:40	27/06/2023 13:57:01	0		1	"m3u8","ts","rtmp"	
http://esrv.cc/get.php?username=Marcos5333&password=Helena8811&type=m3u&output=ts	Active	10/01/2021 17:28:28	16/06/2023 21:22:56	0		1	"m3u8","ts"	
http://esrv.cc/get.php?username=MARCOSTERNIUM&password=Ai7nH&type=m3u&output=ts	Active	22/08/2020 12:23:03	21/06/2023 17:15:06	0		1	"m3u8","ts","rtmp"	
http://esrv.cc/get.php?username=Marret22&password=929107&type=m3u&output=ts	Active	22/08/2020 12:23:03	21/06/2023 17:15:06	0		1	"m3u8","ts"	
http://esrv.cc/get.php?username=Marialva010521&password=38125050&type=m3u&output=ts	Active	01/05/2021 14:52:27	16/06/2023 02:52:07	0		1	"m3u8","ts"	
http://esrv.cc/get.php?username=Marcovarni&password=Teste17&type=m3u&output=ts	Active	21/07/2021 19:55:37	02/06/2023 19:28:21	0		1	"m3u8","ts","rtmp"	
http://esrv.cc/get.php?username=Mateus2676&password=9199225956&type=m3u&output=ts	Active	02/07/2020 19:45:49	17/06/2023 11:26:47	0		1	"m3u8","ts"	
http://esrv.cc/get.php?username=MatheusS01&password=Qd9SY&type=m3u&output=ts	Active	03/08/2021 20:22:13	04/09/2023 21:16:34	0		1	"m3u8","ts","rtmp"	
http://esrv.cc/get.php?username=Md33X&password=Tc9Ce&type=m3u&output=ts	Active	04/12/2021 11:52:46	16/06/2023 17:21:54	0		1	"m3u8","ts","rtmp"	
http://esrv.cc/get.php?username=Meissonadv&password=judbox12&type=m3u&output=ts	Active	16/02/2021 23:41:41	23/06/2023 21:32:54	0		1	"m3u8","ts","rtmp"	
http://esrv.cc/get.php?username=Meusiotv&password=Claudio10&type=m3u&output=ts	Active	14/10/2021 15:17:29	02/06/2023 22:15:56	0		1	"m3u8","ts","rtmp"	
http://esrv.cc/get.php?username=Migalha&password=svTjMtM0mx&type=m3u&output=ts	Active	24/04/2021 18:54:55	02/07/2023 17:22:40	0		1	"m3u8","ts"	
http://esrv.cc/get.php?username=Milpad&password=Padim8&type=m3u&output=ts	Active	24/01/2023 23:18:30	25/06/2023 02:18:30	0		1	"m3u8","ts","rtmp"	
http://esrv.cc/get.php?username=Milsomrd&password=Fn9gR&type=m3u&output=ts	Active	18/07/2021 01:01:06	27/07/2023 02:30:08	0		1	"m3u8","ts","rtmp"	
http://esrv.cc/get.php?username=Mo@apf06&password=Apf@0610&type=m3u&output=ts	Active	07/09/2021 00:21:47	10/06/2023 00:02:47	0		1	"m3u8","ts","rtmp"	
http://esrv.cc/get.php?username=Moise461&password=Artic4817&type=m3u&output=ts	Active	16/12/2020 00:19:09	21/06/2023 15:10:06	0		1	"m3u8","ts"	
http://esrv.cc/get.php?username=Moises_Da_Paula21&password=PastorRubens2021&type=m3u&output=ts	Active	16/12/2020 00:19:09	21/06/2023 15:10:06	0		1	"m3u8","ts"	
http://esrv.cc/get.php?username=Tp8615&password=Wn564&type=m3u&output=ts	Active	10/01/2022 22:40:00	11/06/2023 00:55:05	0		1	"m3u8","ts","rtmp"	
http://esrv.cc/get.php?username=Nilson2030&password=Timao1910&type=m3u&output=ts	Active	17/10/2020 16:09:35	02/06/2023 23:22:10	0		1	"m3u8","ts"	
http://esrv.cc/get.php?username=Nilton9633&password=No96332521&type=m3u&output=ts	Active	17/10/2020 16:09:35	02/06/2023 23:22:10	0		1	"m3u8","ts","rtmp"	
http://esrv.cc/get.php?username=Nx4zU&password=Eb6UL&type=m3u&output=ts	Active	07/09/2021 20:36:12	16/06/2023 23:29:22	0		1	"m3u8","ts","rtmp"	
http://esrv.cc/get.php?username=Nl2LD&password=Ai9DX&type=m3u&output=ts	Active	06/07/2021 18:16:09	10/06/2023 21:44:48	0		1	"m3u8","ts","rtmp"	
http://esrv.cc/get.php?username=Nq8lb&password=Ke7jU&type=m3u&output=ts	Active	13/01/2022 20:29:49	15/06/2023 21:52:39	0		1	"m3u8","ts","rtmp"	
http://esrv.cc/get.php?username=Odilon07&password=Neto0707&type=m3u&output=ts	Active	31/07/2021 00:28:46	08/06/2023 01:01:20	0		1	"m3u8","ts","rtmp"	
http://esrv.cc/get.php?username=Omega@9198&password=0985@Maicon&type=m3u&output=ts	Active	31/07/2021 00:28:46	08/06/2023 01:01:20	0		1	"m3u8","ts","rtmp"	
http://esrv.cc/get.php?username=PAIMAICO&password=PAI39293038MAICO&type=m3u&output=ts	Active	07/03/2020 00:07:00	12/06/2023 01:59:11	0		1	"m3u8","ts"	
http://esrv.cc/get.php?username=PabloTr&password=N5yaBM&type=m3u&output=ts	Active	27/02/2021 15:13:06	17/06/2023 21:22:10	0		1	"m3u8","ts"	
http://esrv.cc/get.php?username=Palhocao32&password=Ey5Fw&type=m3u&output=ts	Active	05/07/2021 20:54:15	21/06/2023 03:19:57	0		1	"m3u8","ts","rtmp"	
http://esrv.cc/get.php?username=PauloMad2&password=P10L10&type=m3u&output=ts	Active	08/11/2020 17:21:38	24/06/2023 00:52:26	0		1	"m3u8","ts"	
http://esrv.cc/get.php?username=Paulofute&password=Yr93H&type=m3u&output=ts	Active	21/11/2020 14:38:44	01/08/2023 22:04:38	0		1	"m3u8","ts","rtmp"	
http://esrv.cc/get.php?username=Pedromanujaguaruana&password=cla94464153&type=m3u&output=ts	Active	21/11/2020 14:38:44	01/08/2023 22:04:38	0		1	"m3u8","ts"	
http://esrv.cc/get.php?username=Perna9933&password=Perna1513&type=m3u&output=ts	Active	21/11/2020 14:38:44	01/08/2023 22:04:38	0		1	"m3u8","ts"	
http://esrv.cc/get.php?username=Pirescorpvs&password=80375612&type=m3u&output=ts	Active	16/08/2021 00:26:32	19/06/2023 19:33:43	0		1	"m3u8","ts"	
http://esrv.cc/get.php?username=Polksmac&password=Zi99a&type=m3u&output=ts	Active	20/04/2023 11:48:17	20/06/2023 14:48:17	0		1	"m3u8","ts","rtmp"	
http://esrv.cc/get.php?username=Potinho&password=Familia22&type=m3u&output=ts	Active	20/04/2023 11:48:17	20/06/2023 14:48:17	0		1	"m3u8","ts","rtmp"	
http://esrv.cc/get.php?username=Pixelsmart01&password=J41r51v&type=m3u&output=ts	Active	20/04/2023 11:48:17	20/06/2023 14:48:17	0		1	"m3u8","ts","rtmp"	
http://esrv.cc/get.php?username=PriscilaMeneses019&password=Qf1oJ&type=m3u&output=ts	Active	10/06/2021 00:14:33	06/06/2023 18:09:50	0		1	"m3u8","ts","rtmp"	
http://esrv.cc/get.php?username=Qc4Z1&password=Nz2xX&type=m3u&output=ts	Active	20/07/2021 20:25:41	09/06/2023 00:14:20	0		1	"m3u8","ts","rtmp"	
http://esrv.cc/get.php?username=Qm3zL&password=Uj3ua&type=m3u&output=ts	Active	16/12/2021 22:54:49	20/06/2023 15:05:55	0		1	"m3u8","ts","rtmp"	
http://esrv.cc/get.php?username=Qx3hn&password=Hx39i&type=m3u&output=ts	Active	25/08/2021 12:59:31	26/07/2023 10:32:02	0		1	"m3u8","ts","rtmp"	
http://esrv.cc/get.php?username=Qx6S3&password=Bd5LO&type=m3u&output=ts	Active	25/08/2021 12:59:31	26/07/2023 10:32:02	0		1	"m3u8","ts","rtmp"	
http://esrv.cc/get.php?username=RdiMarcio&password=JGVKWt15Le&type=m3u&output=ts	Active	10/12/2020 20:28:59	13/06/2023 13:54:40	0		1	"m3u8","ts"	
http://esrv.cc/get.php?username=Rafaeltex1&password=Rt106726&type=m3u&output=ts	Active	01/09/2020 20:43:57	10/09/2023 23:11:54	0		1	"m3u8","ts","rtmp"	
http://esrv.cc/get.php?username=ReginoTV&password=Ne82kg2&type=m3u&output=ts	Active	21/07/2021 17:10:56	03/06/2023 01:51:39	0		1	"m3u8","ts"	
http://esrv.cc/get.php?username=Renatinho401&password=Teodosio39&type=m3u&output=ts	Active	21/07/2021 17:10:56	03/06/2023 01:51:39	0		1	"m3u8","ts","rtmp"	
http://esrv.cc/get.php?username=RennerS01&password=R180720&type=m3u&output=ts	Active	18/07/2020 15:12:31	19/07/2023 10:38:50	0		1	"m3u8","ts"	
http://esrv.cc/get.php?username=Ricardo_TDZ0602&password=fabrica_producao2021&type=m3u&output=ts	Active	07/02/2021 00:30:07	07/06/2023 23:08:53	0		1	"m3u8","ts"	
http://esrv.cc/get.php?username=RinDa0EO&password=DerPp5Nz&type=m3u&output=ts	Active	12/06/2021 22:05:39	04/06/2023 23:58:09	0		1	"m3u8","ts","rtmp"	
http://esrv.cc/get.php?username=Rizomar8354&password=Felix8090&type=m3u&output=ts	Active	05/05/2021 16:53:49	14/06/2023 20:46:11	0		1	"m3u8","ts"	
http://esrv.cc/get.php?username=RobinMurilo&password=Kb1G1&type=m3u&output=ts	Active	13/12/2021 22:56:19	02/07/2023 13:20:02	0		1	"m3u8","ts"	
http://esrv.cc/get.php?username=Roberto014&password=18022021&type=m3u&output=ts	Active	19/05/2021 16:03:17	19/06/2023 19:03:17	0		1	"m3u8","ts"	
http://esrv.cc/get.php?username=Rodrigo34&password=tanonaka28&type=m3u&output=ts	Active	25/06/2020 19:46:30	17/06/2023 22:50:51	0		1	"m3u8","ts"	
http://esrv.cc/get.php?username=RomersonL1267&password=Lopes8964&type=m3u&output=ts	Active	05/07/2021 23:59:58	03/06/2023 00:05:55	0		1	"m3u8","ts","rtmp"	
http://esrv.cc/get.php?username=RodrigoSantoss&password=ppSWc7z5kvg&type=m3u&output=ts	Active	03/08/2020 16:16:49	25/06/2023 09:30:58	0		1	"m3u8","ts"	
http://esrv.cc/get.php?username=Ronibv03&password=Dy4wR&type=m3u&output=ts	Active	19/01/2022 18:34:54	28/06/2023 03:53:59	0		1	"m3u8","ts","rtmp"	
http://esrv.cc/get.php?username=Rr202020&password=Celi@2143&type=m3u&output=ts	Active	25/11/2020 23:46:02	20/06/2023 01:11:35	0		1	"m3u8","ts"	
http://esrv.cc/get.php?username=Rz8vC&password=We2a3&type=m3u&output=ts	Active	13/09/2021 01:54:31	30/06/2023 00:02:33	0		1	"m3u8","ts","rtmp"	
http://esrv.cc/get.php?username=Jardeumecanico&password=A51@@ssaa&type=m3u&output=ts	Active	16/12/2020 15:36:16	11/06/2023 21:42:11	0		1	"m3u8","ts"	
http://esrv.cc/get.php?username=wellgravac&password=Vz30A&type=m3u&output=ts	Active	07/09/2021 22:36:52	16/06/2023 21:34:51	0		1	"m3u8","ts","rtmp"	
http://esrv.cc/get.php?username=itararekit2355&password=livingphilco1811&type=m3u&output=ts	Active	29/08/2022 13:34:19	04/06/2023 07:23:32	0		1	"m3u8","ts","rtmp"	
http://esrv.cc/get.php?username=viniciuslive&password=vinibr10&type=m3u&output=ts	Active	30/07/2020 23:04:55	10/06/2023 20:51:04	0		1	"m3u8","ts"	
http://esrv.cc/get.php?username=izagbriel&password=izagabriel2121&type=m3u&output=ts	Active	13/05/2023 20:37:05	14/06/2023 02:59:59	0		1	"m3u8","ts"	
http://esrv.cc/get.php?username=vizinhoc20&password=vizinhoc20&type=m3u&output=ts	Active	07/09/2021 22:36:52	16/06/2023 21:34:51	0		1	"m3u8","ts"	
http://esrv.cc/get.php?username=Sograo&password=Larissavitoria13&type=m3u&output=ts	Active	23/05/2022 21:54:01	25/06/2023 16:50:29	0		1	"m3u8","ts","rtmp"	
http://esrv.cc/get.php?username=St6dA1&password=Zn7GA1&type=m3u&output=ts	Active	26/06/2021 01:08:40	29/06/2023 01:17:44	0		1	"m3u8","ts","rtmp"	
http://esrv.cc/get.php?username=Sttela029&password=88575583&type=m3u&output=ts	Active	06/03/2021 20:17:54	13/06/2023 02:31:18	0		1	"m3u8","ts"	
http://esrv.cc/get.php?username=Sueli1046&password=Gy9Am&type=m3u&output=ts	Active	14/11/2020 11:08:07	01/07/2023 15:06:47	0		1	"m3u8","ts","rtmp"	
http://esrv.cc/get.php?username=Taumica1&password=Teste17&type=m3u&output=ts	Active	14/11/2020 11:08:07	01/07/2023 15:06:47	0		1	"m3u8","ts"	
http://esrv.cc/get.php?username=TVirmaoBinho&password=hdtvDG12@&type=m3u&output=ts	Active	14/11/2020 11:08:07	01/07/2023 15:06:47	0		1	"m3u8","ts"	
http://esrv.cc/get.php?username=Taciano5&password=Zm1rZ&type=m3u&output=ts	Active	14/11/2020 11:08:07	01/07/2023 15:06:47	0		1	"m3u8","ts","rtmp"	
http://esrv.cc/get.php?username=T4HJales&password=tvXIEoHEHK&type=m3u&output=ts	Active	04/08/2021 21:23:46	09/06/2023 11:09:46	0		1	"m3u8","ts"	
http://esrv.cc/get.php?username=Teste1823&password=Nv9yc&type=m3u&output=ts	Active	04/08/2021 21:23:46	09/06/2023 11:09:46	0		1	"m3u8","ts","rtmp"	
http://esrv.cc/get.php?username=Thiagomg30&password=E4Bahsj&type=m3u&output=ts	Active	07/05/2021 18:26:41	30/06/2023 00:24:02	0		1	"m3u8","ts"	
http://esrv.cc/get.php?username=Tiorenato1&password=Tes1718&type=m3u&output=ts	Active	01/09/2020 23:37:48	07/06/2023 00:18:42	0		1	"m3u8","ts"	
http://esrv.cc/get.php?username=Tony5281&password=Fstei386&type=m3u&output=ts	Active	10/01/2022 22:40:00	11/06/2023 00:55:05	0		1	"m3u8","ts"	
http://esrv.cc/get.php?username=tutuirmao&password=234234&type=m3u&output=ts	Active	04/09/2020 22:00:47	07/06/2023 12:05:37	0		1	"m3u8","ts"	
http://esrv.cc/get.php?username=Tw2Gb&password=Xv0yK&type=m3u&output=ts	Active	16/01/2022 01:18:41	18/06/2023 22:47:44	0		1	"m3u8","ts","rtmp"	
http://esrv.cc/get.php?username=Tuta06&password=062922&type=m3u&output=ts	Active	29/04/2021 01:09:16	17/06/2023 20:56:57	0		1	"m3u8","ts"	
http://esrv.cc/get.php?username=Ux4gA&password=Wc9Xz&type=m3u&output=ts	Active	13/07/2021 22:57:47	28/06/2023 17:10:29	0		1	"m3u8","ts","rtmp"	
http://esrv.cc/get.php?username=VALMOR2ita&password=ItapE7bO&type=m3u&output=ts	Active	13/07/2021 22:57:47	28/06/2023 17:10:29	0		1	"m3u8","ts","rtmp"	
http://esrv.cc/get.php?username=Valadares321&password=Joao123&type=m3u&output=ts	Active	08/01/2021 06:42:51	22/06/2023 17:18:28	0		1	"m3u8","ts"	
http://esrv.cc/get.php?username=Valqueiro&password=Vcp771&type=m3u&output=ts	Active	27/12/2021 23:29:37	05/06/2023 16:43:57	0		1	"m3u8","ts","rtmp"	
http://esrv.cc/get.php?username=ValdivinoCardoso&password=R6785dsa&type=m3u&output=ts	Active	08/05/2021 18:38:57	11/08/2023 19:17:22	0		1	"m3u8","ts"	
http://esrv.cc/get.php?username=Vanessacelestino11&password=997737955Vc&type=m3u&output=ts	Active	13/05/2021 18:19:07	13/06/2023 21:19:07	0		1	"m3u8","ts"	
http://esrv.cc/get.php?username=Vb5t5&password=Cg1CA&type=m3u&output=ts	Active	24/06/2021 23:04:52	03/06/2023 15:47:59	0		1	"m3u8","ts","rtmp"	
http://esrv.cc/get.php?username=Vk46p&password=Jy2fL&type=m3u&output=ts	Active	22/07/2021 17:17:01	23/10/2023 01:27:53	0		1	"m3u8","ts","rtmp"	
http://esrv.cc/get.php?username=WallaceA01&password=Pi2Ak&type=m3u&output=ts	Active	22/07/2021 17:17:01	23/10/2023 01:27:53	0		1	"m3u8","ts","rtmp"	
http://esrv.cc/get.php?username=Wellington20&password=TbnFhq5Pfd&type=m3u&output=ts	Active	30/08/2020 16:23:13	10/06/2023 23:06:06	0		1	"m3u8","ts"	
http://esrv.cc/get.php?username=Warley2851&password=SmD874q&type=m3u&output=ts	Active	03/10/2022 01:42:07	03/07/2023 02:59:59	0		1	"m3u8","ts","rtmp"	
http://esrv.cc/get.php?username=Wel01&password=Sob21&type=m3u&output=ts	Active	26/02/2021 16:01:43	22/06/2023 15:00:00	0		1	"m3u8","ts"	
http://esrv.cc/get.php?username=WellingO01&password=Ik70t&type=m3u&output=ts	Active	17/12/2020 15:08:45	22/06/2023 15:24:47	0		1	"m3u8","ts","rtmp"	
http://esrv.cc/get.php?username=Wesley_Popular&password=Frentista02&type=m3u&output=ts	Active	17/12/2020 15:08:45	22/06/2023 15:24:47	0		1	"m3u8","ts"	
http://esrv.cc/get.php?username=Wh74Pu&password=Lr8BKluu&type=m3u&output=ts	Active	01/06/2021 01:28:30	04/06/2023 14:18:07	0		1	"m3u8","ts","rtmp"	
http://esrv.cc/get.php?username=Wj2cS&password=Ok969&type=m3u&output=ts	Active	04/12/2021 15:06:41	04/06/2023 19:06:41	0		1	"m3u8","ts","rtmp"	
http://esrv.cc/get.php?username=Wr6Ab&password=Fx0Zv&type=m3u&output=ts	Active	07/12/2021 23:00:05	15/12/2023 13:58:28	0		1	"m3u8","ts","rtmp"	
http://esrv.cc/get.php?username=Xwesley&password=Gl1xC&type=m3u&output=ts	Active	20/07/2021 14:21:10	08/06/2023 23:41:07	0		1	"m3u8","ts","rtmp"	
http://esrv.cc/get.php?username=Ym64C&password=Fu3ot&type=m3u&output=ts	Active	07/09/2021 17:57:52	05/06/2023 15:48:42	0		1	"m3u8","ts","rtmp"	
http://esrv.cc/get.php?username=Zi9Bn&password=Cu8im&type=m3u&output=ts	Active	29/09/2021 00:30:16	20/06/2023 16:07:37	0		1	"m3u8","ts","rtmp"	
http://esrv.cc/get.php?username=ZeliaSantosMessias&password=Oc2iz&type=m3u&output=ts	Active	11/08/2021 12:56:45	15/08/2023 23:13:16	0		1	"m3u8","ts","rtmp"	
http://esrv.cc/get.php?username=Zn0me&password=Jr2kn&type=m3u&output=ts	Active	11/08/2021 12:56:45	15/08/2023 23:13:16	0		1	"m3u8","ts","rtmp"	
http://esrv.cc/get.php?username=alanafaria&password=Iz2ze99596733&type=m3u&output=ts	Active	20/08/2021 21:05:22	01/07/2023 13:02:47	0		1	"m3u8","ts","rtmp"	
http://esrv.cc/get.php?username=alex21sellen&password=048965as21&type=m3u&output=ts	Active	13/11/2020 01:27:30	13/06/2023 15:12:19	0		1	"m3u8","ts"	
http://esrv.cc/get.php?username=jh0082772&password=R2772r&type=m3u&output=ts	Active	05/07/2020 14:49:53	24/06/2023 16:10:56	0		1	"m3u8","ts"	
http://esrv.cc/get.php?username=andersonmoura7575&password=7575andersonmoura&type=m3u&output=ts	Active	05/03/2021 01:33:41	02/06/2023 23:14:50	0		1	"m3u8","ts"	
http://esrv.cc/get.php?username=anto71&password=nia111&type=m3u&output=ts	Active	11/07/2020 20:03:33	16/06/2023 23:02:42	0		1	"m3u8","ts"	
http://esrv.cc/get.php?username=antonioprontomed&password=teste17&type=m3u&output=ts	Active	06/05/2021 20:43:41	07/06/2023 19:50:15	0		1	"m3u8","ts"	
http://esrv.cc/get.php?username=biaaracati22&password=AS67gk&type=m3u&output=ts	Active	22/09/2020 01:49:09	16/11/2023 17:56:51	0		1	"m3u8","ts"	
http://esrv.cc/get.php?username=bitelo&password=Bi87687&type=m3u&output=ts	Active	22/09/2020 01:49:09	16/11/2023 17:56:51	0		1	"m3u8","ts"	
http://esrv.cc/get.php?username=brenomorais19&password=Jy3O5&type=m3u&output=ts	Active	30/06/2021 22:29:55	26/06/2023 18:59:45	0		1	"m3u8","ts","rtmp"	
http://esrv.cc/get.php?username=bitelo1&password=Bi23567&type=m3u&output=ts	Active	12/11/2020 17:38:57	24/07/2023 22:31:38	0		1	"m3u8","ts"	
http://esrv.cc/get.php?username=brunoc50&password=cabral505&type=m3u&output=ts	Active	21/02/2021 16:20:29	08/06/2023 23:13:38	0		1	"m3u8","ts"	
http://esrv.cc/get.php?username=brunolocatelli&password=V54JAaw92&type=m3u&output=ts	Active	23/03/2020 16:11:04	01/07/2023 22:35:01	0		1	"m3u8","ts"	
http://esrv.cc/get.php?username=cassio90&password=sS7997&type=m3u&output=ts	Active	13/07/2022 22:06:07	20/06/2023 21:52:44	0		1	"m3u8","ts","rtmp"	
http://esrv.cc/get.php?username=celina72&password=Sb81649&type=m3u&output=ts	Active	13/07/2022 03:29:58	14/06/2023 20:14:58	0		1	"m3u8","ts","rtmp"	
http://esrv.cc/get.php?username=claudio9444&password=DLwmdsbWTP0&type=m3u&output=ts	Active	11/04/2020 16:58:23	17/06/2023 10:22:56	0		1	"m3u8","ts"	
http://esrv.cc/get.php?username=cleb1862&password=Tp854612&type=m3u&output=ts	Active	21/07/2022 15:56:46	21/06/2023 21:50:39	0		1	"m3u8","ts","rtmp"	
http://esrv.cc/get.php?username=cliente5227&password=Hdh626&type=m3u&output=ts	Active	03/04/2020 17:12:37	15/06/2023 22:30:59	0		1	"m3u8","ts"	
http://esrv.cc/get.php?username=cleiton99&password=Fx999&type=m3u&output=ts	Active	09/12/2021 15:19:11	16/06/2023 20:47:04	0		1	"m3u8","ts","rtmp"	
http://esrv.cc/get.php?username=crisdaalci&password=alcidacris&type=m3u&output=ts	Active	11/07/2020 12:33:33	13/09/2023 18:55:38	0		1	"m3u8","ts"	
http://esrv.cc/get.php?username=cocada55&password=141155&type=m3u&output=ts	Active	11/07/2020 12:33:33	13/09/2023 18:55:38	0		1	"m3u8","ts"	
http://esrv.cc/get.php?username=dailson888&password=2319sqsq&type=m3u&output=ts	Active	17/09/2020 22:20:01	25/06/2023 01:05:38	0		1	"m3u8","ts"	
http://esrv.cc/get.php?username=cristianop&password=Br19992250568&type=m3u&output=ts	Active	07/07/2021 19:30:02	11/06/2023 01:23:59	0		1	"m3u8","ts","rtmp"	
http://esrv.cc/get.php?username=danielpires&password=96204115&type=m3u&output=ts	Active	11/04/2020 13:40:28	29/06/2023 15:42:43	0		1	"m3u8","ts"	
http://esrv.cc/get.php?username=dao2436&password=Gabriel9733&type=m3u&output=ts	Active	11/04/2020 13:40:28	29/06/2023 15:42:43	0		1	"m3u8","ts"	
http://esrv.cc/get.php?username=josimaremb&password=j9913&type=m3u&output=ts	Active	11/04/2021 16:12:37	18/06/2023 17:19:31	0		1	"m3u8","ts"	
http://esrv.cc/get.php?username=diana321&password=SAndro30&type=m3u&output=ts	Active	19/11/2020 22:59:43	26/06/2023 13:07:39	0		1	"m3u8","ts"	
http://esrv.cc/get.php?username=dinhgrs875&password=2348bhhRV&type=m3u&output=ts	Active	19/11/2020 22:59:43	26/06/2023 13:07:39	0		1	"m3u8","ts","rtmp"	
http://esrv.cc/get.php?username=drigo825&password=Ro483267&type=m3u&output=ts	Active	19/11/2020 22:59:43	26/06/2023 13:07:39	0		1	"m3u8","ts","rtmp"	
http://esrv.cc/get.php?username=e4UA4mRKy9&password=CgAJ7DALzJ&type=m3u&output=ts	Active	19/11/2020 22:59:43	26/06/2023 13:07:39	0		1	"m3u8","ts"	
http://esrv.cc/get.php?username=fabianosou&password=Fa24121989&type=m3u&output=ts	Active	05/04/2020 13:29:44	08/06/2023 00:10:21	0		1	"m3u8","ts","rtmp"	
http://esrv.cc/get.php?username=eloieloi12&password=eLO198i&type=m3u&output=ts	Active	05/04/2020 13:29:44	08/06/2023 00:10:21	0		1	"m3u8","ts"	
http://esrv.cc/get.php?username=edersonbenneti&password=ED35785788b&type=m3u&output=ts	Active	05/04/2020 13:29:44	08/06/2023 00:10:21	0		1	"m3u8","ts"	
http://esrv.cc/get.php?username=eduardoungaiptv2579&password=@Conaproleunga3145&type=m3u&output=ts	Active	27/11/2021 13:23:15	11/06/2023 01:48:57	0		1	"m3u8","ts","rtmp"	
http://esrv.cc/get.php?username=edsoneddiepc&password=eddieed&type=m3u&output=ts	Active	27/12/2022 14:06:24	28/06/2023 02:59:59	0		1	"m3u8","ts"	
http://esrv.cc/get.php?username=endersatt2&password=Xxzo9&type=m3u&output=ts	Active	03/07/2020 16:46:24	07/06/2023 15:02:52	0		1	"m3u8","ts","rtmp"	
http://esrv.cc/get.php?username=elisa3131&password=1042864&type=m3u&output=ts	Active	03/07/2020 16:46:24	07/06/2023 15:02:52	0		1	"m3u8","ts"	
http://esrv.cc/get.php?username=emersomx90&password=camila518&type=m3u&output=ts	Active	03/07/2020 16:46:24	07/06/2023 15:02:52	0		1	"m3u8","ts"	
http://esrv.cc/get.php?username=fabio5371&password=Yx8AP&type=m3u&output=ts	Active	03/07/2020 16:46:24	07/06/2023 15:02:52	0		1	"m3u8","ts","rtmp"	
http://esrv.cc/get.php?username=expeditotururu&password=96204115&type=m3u&output=ts	Active	03/07/2020 16:46:24	07/06/2023 15:02:52	0		1	"m3u8","ts"	
http://esrv.cc/get.php?username=liana8541&password=89566987h&type=m3u&output=ts	Active	18/12/2020 22:19:34	19/06/2023 00:28:46	0		1	"m3u8","ts"	
http://esrv.cc/get.php?username=everton173&password=67564523&type=m3u&output=ts	Active	24/01/2021 20:05:45	09/06/2023 01:29:11	0		1	"m3u8","ts"	
http://esrv.cc/get.php?username=ena8146&password=nenofort47&type=m3u&output=ts	Active	24/01/2021 20:05:45	09/06/2023 01:29:11	0		1	"m3u8","ts"	
http://esrv.cc/get.php?username=elaineteste&password=5ftgkfyfg&type=m3u&output=ts	Active	24/01/2021 20:05:45	09/06/2023 01:29:11	0		1	"m3u8","ts"	
http://esrv.cc/get.php?username=fagner10&password=Ab184a&type=m3u&output=ts	Active	16/07/2021 00:49:44	02/07/2023 00:36:00	0		1	"m3u8","ts","rtmp"	
http://esrv.cc/get.php?username=francisco827643&password=Muz.2938&type=m3u&output=ts	Active	11/01/2021 18:47:38	13/06/2023 15:52:41	0		1	"m3u8","ts"	
http://esrv.cc/get.php?username=gargamel&password=bH0TGiUXU7&type=m3u&output=ts	Active	18/02/2021 16:20:36	19/06/2023 17:58:29	0		1	"m3u8","ts"	
http://esrv.cc/get.php?username=gilmarjulia&password=4TrA6FBkAJ&type=m3u&output=ts	Active	18/02/2021 16:20:36	19/06/2023 17:58:29	0		1	"m3u8","ts"	
http://esrv.cc/get.php?username=gilmarpetri&password=234423423&type=m3u&output=ts	Active	18/02/2021 16:20:36	19/06/2023 17:58:29	0		1	"m3u8","ts"	
http://esrv.cc/get.php?username=gilw3as&password=Mg9vS&type=m3u&output=ts	Active	22/07/2021 16:30:00	27/07/2023 03:39:19	0		1	"m3u8","ts","rtmp"	
http://esrv.cc/get.php?username=gjmvUvPez1&password=MY0i2dMpa5&type=m3u&output=ts	Active	17/01/2021 14:13:25	05/06/2023 18:03:05	0		1	"m3u8","ts"	
http://esrv.cc/get.php?username=grasel&password=Dp9ce&type=m3u&output=ts	Active	17/01/2021 14:13:25	05/06/2023 18:03:05	0		1	"m3u8","ts","rtmp"	
http://esrv.cc/get.php?username=gulhermebr&password=gui2196&type=m3u&output=ts	Active	12/06/2021 00:30:42	27/06/2023 23:33:17	0		1	"m3u8","ts"	
http://esrv.cc/get.php?username=glaucia01&password=4365G43a&type=m3u&output=ts	Active	12/06/2021 00:30:42	27/06/2023 23:33:17	0		1	"m3u8","ts","rtmp"	
http://esrv.cc/get.php?username=guilhermecosta&password=661529&type=m3u&output=ts	Active	02/01/2021 17:12:39	09/06/2023 11:26:20	0		1	"m3u8","ts","rtmp"	
http://esrv.cc/get.php?username=iCaro02&password=LiA8741&type=m3u&output=ts	Active	06/07/2021 00:18:30	20/06/2023 02:02:06	0		1	"m3u8","ts","rtmp"	
http://esrv.cc/get.php?username=inha100&password=ase6723&type=m3u&output=ts	Active	06/04/2021 22:51:36	15/06/2023 12:16:06	0		1	"m3u8","ts"	
http://esrv.cc/get.php?username=icDeninho&password=bm2JzEN&type=m3u&output=ts	Active	06/04/2021 22:51:36	15/06/2023 12:16:06	0		1	"m3u8","ts"	
http://esrv.cc/get.php?username=icaro2255&password=Xb45U&type=m3u&output=ts	Active	17/09/2020 13:42:13	18/06/2023 18:11:17	0		1	"m3u8","ts","rtmp"	
http://esrv.cc/get.php?username=irmaoregis4&password=Df74FZ&type=m3u&output=ts	Active	17/09/2020 13:42:13	18/06/2023 18:11:17	0		1	"m3u8","ts"	
http://esrv.cc/get.php?username=lucianoo13&password=Lu960703561&type=m3u&output=ts	Active	13/11/2021 22:05:28	14/06/2023 02:05:28	0		1	"m3u8","ts","rtmp"	
http://esrv.cc/get.php?username=victroreasy20rein&password=Nz7rE&type=m3u&output=ts	Active	30/07/2020 23:04:55	10/06/2023 20:51:04	0		1	"m3u8","ts","rtmp"	
http://esrv.cc/get.php?username=jackson9986&password=Hd3MNpt&type=m3u&output=ts	Active	13/05/2023 20:37:05	14/06/2023 02:59:59	0		1	"m3u8","ts","rtmp"	
http://esrv.cc/get.php?username=jader4423&password=Mo8x8&type=m3u&output=ts	Active	13/05/2023 20:37:05	14/06/2023 02:59:59	0		1	"m3u8","ts","rtmp"	
http://esrv.cc/get.php?username=jairodois&password=20200811&type=m3u&output=ts	Active	11/08/2020 16:47:39	19/06/2023 23:57:41	0		1	"m3u8","ts"	
http://esrv.cc/get.php?username=janaina1710&password=170820&type=m3u&output=ts	Active	17/08/2020 14:31:52	07/07/2023 22:33:07	0		1	"m3u8","ts"	
http://esrv.cc/get.php?username=jeansantis&password=If2qh&type=m3u&output=ts	Active	15/09/2021 01:18:39	08/06/2023 22:25:41	0		1	"m3u8","ts","rtmp"	
http://esrv.cc/get.php?username=jesse0303&password=0308k35sse&type=m3u&output=ts	Active	21/04/2020 13:43:03	27/06/2023 11:36:28	0		1	"m3u8","ts"	
http://esrv.cc/get.php?username=marciogleidsonNOVO&password=2rMMrQgYrD&type=m3u&output=ts	Active	24/07/2020 01:24:22	15/06/2023 23:43:33	0		1	"m3u8","ts"	
http://esrv.cc/get.php?username=jh0146862&password=J6862h&type=m3u&output=ts	Active	05/07/2020 14:49:53	24/06/2023 16:10:56	0		1	"m3u8","ts","rtmp"	
http://esrv.cc/get.php?username=jo8439pp&password=83997pai&type=m3u&output=ts	Active	05/07/2020 14:49:53	24/06/2023 16:10:56	0		1	"m3u8","ts"	
http://esrv.cc/get.php?username=joadilson&password=45jo67&type=m3u&output=ts	Active	23/06/2021 20:12:40	08/06/2023 21:53:16	0		1	"m3u8","ts"	
http://esrv.cc/get.php?username=joaoba&password=Hj6kc&type=m3u&output=ts	Active	01/05/2021 18:34:11	19/06/2023 20:18:55	0		1	"m3u8","ts","rtmp"	
http://esrv.cc/get.php?username=joaofilho&password=joao555&type=m3u&output=ts	Active	01/05/2021 18:34:11	19/06/2023 20:18:55	0		1	"m3u8","ts"	
http://esrv.cc/get.php?username=joelmaiptv&password=Xb11b&type=m3u&output=ts	Active	05/05/2021 16:12:24	11/07/2023 01:13:23	0		1	"m3u8","ts"	
http://esrv.cc/get.php?username=jonasemb2&password=j9820&type=m3u&output=ts	Active	09/11/2020 12:01:34	11/06/2023 02:32:23	0		1	"m3u8","ts"	
http://esrv.cc/get.php?username=jonasguaraci&password=teste17&type=m3u&output=ts	Active	08/05/2021 17:57:10	12/06/2023 02:12:41	0		1	"m3u8","ts"	
http://esrv.cc/get.php?username=joicee15&password=Jo99095039&type=m3u&output=ts	Active	08/05/2021 17:57:10	12/06/2023 02:12:41	0		1	"m3u8","ts","rtmp"	
http://esrv.cc/get.php?username=jorge856&password=Xs927497&type=m3u&output=ts	Active	08/05/2021 17:57:10	12/06/2023 02:12:41	0		1	"m3u8","ts","rtmp"	
http://esrv.cc/get.php?username=josesaraiva30&password=96204115&type=m3u&output=ts	Active	11/04/2021 16:12:37	18/06/2023 17:19:31	0		1	"m3u8","ts"	
http://esrv.cc/get.php?username=joseclaudio8842&password=joseclaudio8842&type=m3u&output=ts	Active	11/04/2021 16:12:37	18/06/2023 17:19:31	0		1	"m3u8","ts"	
http://esrv.cc/get.php?username=mymxJdmwyl&password=uozoYxZt5p&type=m3u&output=ts	Active	04/12/2022 00:53:02	15/06/2023 14:52:01	0		1	"m3u8","ts"	
http://esrv.cc/get.php?username=junior87&password=Cr492949&type=m3u&output=ts	Active	05/08/2022 14:41:06	05/06/2023 17:41:06	0		1	"m3u8","ts","rtmp"	
http://esrv.cc/get.php?username=juniorcell31&password=Cell14&type=m3u&output=ts	Active	26/10/2020 23:43:52	24/06/2023 22:43:51	0		1	"m3u8","ts"	
http://esrv.cc/get.php?username=jurandirbv&password=centraltv&type=m3u&output=ts	Active	23/04/2021 22:55:51	02/06/2023 22:55:56	0		1	"m3u8","ts"	
http://esrv.cc/get.php?username=lagoa54321&password=Qa6oP&type=m3u&output=ts	Active	04/07/2021 12:27:44	06/06/2023 21:00:43	0		1	"m3u8","ts","rtmp"	
http://esrv.cc/get.php?username=laridese&password=14112019Ld&type=m3u&output=ts	Active	13/07/2022 03:30:31	13/06/2023 19:53:03	0		1	"m3u8","ts","rtmp"	
http://esrv.cc/get.php?username=lawrence25&password=Law75659&type=m3u&output=ts	Active	10/10/2020 15:28:03	18/06/2023 22:57:37	0		1	"m3u8","ts","rtmp"	
http://esrv.cc/get.php?username=leo9409&password=94099409&type=m3u&output=ts	Active	10/10/2020 15:28:03	18/06/2023 22:57:37	0		1	"m3u8","ts"	
http://esrv.cc/get.php?username=letoto&password=LeT4t4To&type=m3u&output=ts	Active	23/06/2021 19:44:06	27/06/2023 15:21:07	0		1	"m3u8","ts","rtmp"	
http://esrv.cc/get.php?username=leoleo991948747&password=Leo8747&type=m3u&output=ts	Active	18/12/2020 12:27:28	29/06/2023 17:39:49	0		1	"m3u8","ts","rtmp"	
http://esrv.cc/get.php?username=lfa001&password=Jj1EX&type=m3u&output=ts	Active	02/08/2021 10:37:06	10/06/2023 21:30:59	0		1	"m3u8","ts","rtmp"	
http://esrv.cc/get.php?username=mauro05&password=mau000005&type=m3u&output=ts	Active	15/05/2021 23:29:46	18/06/2023 13:45:48	0		1	"m3u8","ts"	
http://esrv.cc/get.php?username=liviamelo&password=Q1w2e3r4&type=m3u&output=ts	Active	02/12/2020 17:06:43	18/06/2023 19:56:49	0		1	"m3u8","ts"	
http://esrv.cc/get.php?username=m5aMF2nZGY&password=G54aA52Bn32&type=m3u&output=ts	Active	28/05/2023 14:56:26	29/06/2023 02:59:59	0		1	"m3u8","ts"	
http://esrv.cc/get.php?username=luciano-he&password=Tg30sxx&type=m3u&output=ts	Active	28/05/2023 14:56:26	29/06/2023 02:59:59	0		1	"m3u8","ts","rtmp"	
http://esrv.cc/get.php?username=lucian&password=Wd4LO&type=m3u&output=ts	Active	28/05/2023 14:56:26	29/06/2023 02:59:59	0		1	"m3u8","ts","rtmp"	
http://esrv.cc/get.php?username=lucas300&password=Lu85875176&type=m3u&output=ts	Active	27/07/2020 19:32:19	08/06/2023 23:09:35	0		1	"m3u8","ts","rtmp"	
http://esrv.cc/get.php?username=lucia2020&password=20LuIFB&type=m3u&output=ts	Active	27/07/2020 19:32:19	08/06/2023 23:09:35	0		1	"m3u8","ts"	
http://esrv.cc/get.php?username=lucasraupp1&password=lucas17&type=m3u&output=ts	Active	13/11/2021 22:05:28	14/06/2023 02:05:28	0		1	"m3u8","ts"	
http://esrv.cc/get.php?username=nelson73&password=763482Ln&type=m3u&output=ts	Active	17/07/2022 00:54:37	18/06/2023 23:01:52	0		1	"m3u8","ts","rtmp"	
http://esrv.cc/get.php?username=luislup22&password=luis22lp338&type=m3u&output=ts	Active	18/01/2021 22:01:59	10/06/2023 22:12:49	0		1	"m3u8","ts"	
http://esrv.cc/get.php?username=luizls8597&password=Od47Gluis&type=m3u&output=ts	Active	27/03/2023 23:49:22	28/06/2023 23:49:00	0		1	"m3u8","ts","rtmp"	
http://esrv.cc/get.php?username=madinho.01847&password=Gabriel528&type=m3u&output=ts	Active	27/05/2021 20:42:16	03/06/2023 23:24:30	0		1	"m3u8","ts"	
http://esrv.cc/get.php?username=maicon0319&password=gomes2021&type=m3u&output=ts	Active	03/08/2021 23:58:49	11/06/2023 14:32:53	0		1	"m3u8","ts"	
http://esrv.cc/get.php?username=maquegod&password=126900Ah&type=m3u&output=ts	Active	03/08/2021 23:58:49	11/06/2023 14:32:53	0		1	"m3u8","ts","rtmp"	
http://esrv.cc/get.php?username=macelo12134&password=macelo1213&type=m3u&output=ts	Active	03/08/2021 23:58:49	11/06/2023 14:32:53	0		1	"m3u8","ts"	
http://esrv.cc/get.php?username=manuellatv&password=Bra1404&type=m3u&output=ts	Active	03/08/2021 23:58:49	11/06/2023 14:32:53	0		1	"m3u8","ts","rtmp"	
http://esrv.cc/get.php?username=marcelo1102&password=goldouro01&type=m3u&output=ts	Active	05/03/2020 18:44:25	13/06/2023 03:05:54	0		1	"m3u8","ts"	
http://esrv.cc/get.php?username=marcinho82&password=marcio56&type=m3u&output=ts	Active	24/07/2020 01:24:22	15/06/2023 23:43:33	0		1	"m3u8","ts"	
http://esrv.cc/get.php?username=pedroversa&password=Dc0F1&type=m3u&output=ts	Active	10/07/2021 18:17:27	10/06/2023 21:17:27	0		1	"m3u8","ts","rtmp"	
http://esrv.cc/get.php?username=marco@123&password=Ag4US&type=m3u&output=ts	Active	02/11/2021 19:51:21	03/06/2023 15:41:39	0		1	"m3u8","ts","rtmp"	
http://esrv.cc/get.php?username=marcondes0&password=Ma86274735&type=m3u&output=ts	Active	02/11/2021 19:51:21	03/06/2023 15:41:39	0		1	"m3u8","ts","rtmp"	
http://esrv.cc/get.php?username=mariatenorio41&password=25612a&type=m3u&output=ts	Active	28/11/2020 18:28:18	02/07/2023 11:59:17	0		1	"m3u8","ts"	
http://esrv.cc/get.php?username=ricardoaugusto&password=36382828&type=m3u&output=ts	Active	04/05/2020 00:07:32	04/08/2023 12:13:40	0		1	"m3u8","ts"	
http://esrv.cc/get.php?username=mauro483&password=Ma8796325&type=m3u&output=ts	Active	04/12/2022 00:53:02	15/06/2023 14:52:01	0		1	"m3u8","ts","rtmp"	
http://esrv.cc/get.php?username=matalan2&password=Yb7uW&type=m3u&output=ts	Active	06/05/2020 22:58:36	16/06/2023 21:52:02	0		1	"m3u8","ts","rtmp"	
http://esrv.cc/get.php?username=mullerneto&password=Se6Tw&type=m3u&output=ts	Active	17/06/2020 18:58:35	20/06/2023 15:31:18	0		1	"m3u8","ts","rtmp"	
http://esrv.cc/get.php?username=murielly&password=Mh8NT&type=m3u&output=ts	Active	17/06/2020 18:58:35	20/06/2023 15:31:18	0		1	"m3u8","ts","rtmp"	
http://esrv.cc/get.php?username=marquinhos&password=marquinhosbh&type=m3u&output=ts	Active	15/05/2021 23:29:46	18/06/2023 13:45:48	0		1	"m3u8","ts"	
http://esrv.cc/get.php?username=renancassiano99&password=iptv1234&type=m3u&output=ts	Active	12/02/2021 02:57:22	24/06/2023 23:24:12	0		1	"m3u8","ts"	
http://esrv.cc/get.php?username=natalhacaxias&password=Teste17&type=m3u&output=ts	Active	15/05/2021 23:29:46	18/06/2023 13:45:48	0		1	"m3u8","ts"	
http://esrv.cc/get.php?username=natanmartarello&password=Ad2uO&type=m3u&output=ts	Active	17/07/2022 00:54:37	18/06/2023 23:01:52	0		1	"m3u8","ts","rtmp"	
http://esrv.cc/get.php?username=pedroivo10&password=pedro123&type=m3u&output=ts	Active	17/07/2022 00:54:37	18/06/2023 23:01:52	0		1	"m3u8","ts"	
http://esrv.cc/get.php?username=pastorcentro2288&password=cla9446TyL&type=m3u&output=ts	Active	17/07/2022 00:54:37	18/06/2023 23:01:52	0		1	"m3u8","ts"	
http://esrv.cc/get.php?username=paulian10&password=96204115Aa&type=m3u&output=ts	Active	17/07/2022 00:54:37	18/06/2023 23:01:52	0		1	"m3u8","ts","rtmp"	
http://esrv.cc/get.php?username=rogerio1120&password=Rg75626&type=m3u&output=ts	Active	20/07/2020 17:54:32	24/06/2023 11:44:19	0		1	"m3u8","ts","rtmp"	
http://esrv.cc/get.php?username=nonato2288&password=cla8822NOT&type=m3u&output=ts	Active	17/07/2022 00:54:37	18/06/2023 23:01:52	0		1	"m3u8","ts"	
http://esrv.cc/get.php?username=pauladacruz&password=Lg23A&type=m3u&output=ts	Active	20/12/2020 22:17:14	21/06/2023 10:17:14	0		1	"m3u8","ts","rtmp"	
http://esrv.cc/get.php?username=pauloo77&password=564153&type=m3u&output=ts	Active	20/12/2020 22:17:14	21/06/2023 10:17:14	0		1	"m3u8","ts"	
http://esrv.cc/get.php?username=ronanc&password=cortes&type=m3u&output=ts	Active	13/12/2021 18:09:54	07/06/2023 16:40:12	0		1	"m3u8","ts"	
http://esrv.cc/get.php?username=pedro2&password=FSb1f7AfKL&type=m3u&output=ts	Active	20/07/2020 21:50:43	09/06/2023 21:24:15	0		1	"m3u8","ts"	
http://esrv.cc/get.php?username=qY8fZpxdVl&password=SgeYjg92Ho&type=m3u&output=ts	Active	20/07/2020 21:50:43	09/06/2023 21:24:15	0		1	"m3u8","ts"	
http://esrv.cc/get.php?username=ramalho&password=Pk6ab&type=m3u&output=ts	Active	15/10/2021 13:51:31	16/06/2023 23:45:20	0		1	"m3u8","ts","rtmp"	
http://esrv.cc/get.php?username=regis3832&password=38323832&type=m3u&output=ts	Active	16/05/2021 18:58:58	28/06/2023 22:48:14	0		1	"m3u8","ts"	
http://esrv.cc/get.php?username=s9z2A&password=1fSu3&type=m3u&output=ts	Active	13/12/2021 18:09:54	07/06/2023 16:40:12	0		1	"m3u8","ts","rtmp"	
http://esrv.cc/get.php?username=renatosousa20&password=96204115Aa&type=m3u&output=ts	Active	12/02/2021 02:57:22	24/06/2023 23:24:12	0		1	"m3u8","ts"	
http://esrv.cc/get.php?username=rwtromualdo&password=r52w42t29&type=m3u&output=ts	Active	13/07/2020 14:29:07	26/06/2023 22:29:18	0		1	"m3u8","ts"	
http://esrv.cc/get.php?username=ri63car333&password=hhfyruue4&type=m3u&output=ts	Active	28/03/2021 22:26:03	04/06/2023 19:05:44	0		1	"m3u8","ts"	
http://esrv.cc/get.php?username=romildo&password=446612Ro&type=m3u&output=ts	Active	20/07/2020 17:54:32	24/06/2023 11:44:19	0		1	"m3u8","ts"	
http://esrv.cc/get.php?username=rwtsilvandira&password=r75w49t53&type=m3u&output=ts	Active	13/07/2020 14:29:07	26/06/2023 22:29:18	0		1	"m3u8","ts"	
http://esrv.cc/get.php?username=ruadafeira1&password=ruadafeira1&type=m3u&output=ts	Active	20/07/2020 17:54:32	24/06/2023 11:44:19	0		1	"m3u8","ts"	
http://esrv.cc/get.php?username=rwtrebeca&password=r96w26t80&type=m3u&output=ts	Active	13/12/2021 18:09:54	07/06/2023 16:40:12	0		1	"m3u8","ts"	
http://esrv.cc/get.php?username=simoni2974&password=Ep298492&type=m3u&output=ts	Active	20/07/2022 14:01:02	24/06/2023 19:54:37	0		1	"m3u8","ts","rtmp"	
http://esrv.cc/get.php?username=rwtnadjane&password=r75w49t53&type=m3u&output=ts	Active	13/12/2021 18:09:54	07/06/2023 16:40:12	0		1	"m3u8","ts"	
http://esrv.cc/get.php?username=sitoni2021&password=Gk1gR&type=m3u&output=ts	Active	07/12/2020 00:06:50	29/06/2023 22:05:00	0		1	"m3u8","ts","rtmp"	
http://esrv.cc/get.php?username=rudybox&password=Rudy1985&type=m3u&output=ts	Active	13/12/2021 18:09:54	07/06/2023 16:40:12	0		1	"m3u8","ts","rtmp"	
http://esrv.cc/get.php?username=sograwellington&password=z4J8P75ph8&type=m3u&output=ts	Active	07/12/2020 00:06:50	29/06/2023 22:05:00	0		1	"m3u8","ts"	
http://esrv.cc/get.php?username=tTG2UBAOOx&password=Nataly@8821&type=m3u&output=ts	Active	06/05/2020 00:58:59	20/06/2023 22:46:56	0		1	"m3u8","ts","rtmp"	
http://esrv.cc/get.php?username=sebastiaoo&password=639442&type=m3u&output=ts	Active	13/07/2020 14:29:07	26/06/2023 22:29:18	0		1	"m3u8","ts"	
http://esrv.cc/get.php?username=tiago8475&password=32th76&type=m3u&output=ts	Active	18/03/2021 12:38:41	18/06/2023 21:00:43	0		1	"m3u8","ts"	
http://esrv.cc/get.php?username=sula15&password=lutador&type=m3u&output=ts	Active	06/05/2020 00:58:59	20/06/2023 22:46:56	0		1	"m3u8","ts"	
http://esrv.cc/get.php?username=toninho433&password=MKgwif54&type=m3u&output=ts	Active	11/11/2020 23:38:41	20/06/2023 19:25:29	0		1	"m3u8","ts"	
http://esrv.cc/get.php?username=tguedess&password=1104211&type=m3u&output=ts	Active	04/08/2020 01:52:35	13/06/2023 03:10:05	0		1	"m3u8","ts"	
http://esrv.cc/get.php?username=tania68&password=Rm7CE&type=m3u&output=ts	Active	17/09/2022 11:47:06	16/06/2023 22:23:18	0		1	"m3u8","ts","rtmp"	
http://esrv.cc/get.php?username=SindiNilo&password=25804242&type=m3u&output=ts	Active	03/09/2020 12:37:07	21/09/2023 12:53:46	0		1	"m3u8","ts"	
http://esrv.cc/get.php?username=william77&password=777600&type=m3u&output=ts	Active	20/09/2020 01:53:43	03/06/2023 01:37:35	0		1	"m3u8","ts"	
http://esrv.cc/get.php?username=21980129226&password=thiago9226&type=m3u&output=ts	Active	20/05/2020 01:35:26	20/06/2023 01:35:26	0		1	"m3u8","ts"	
http://esrv.cc/get.php?username=Sjsnnwjsu8&password=Sjxicie7dp0&type=m3u&output=ts	Active	03/09/2020 12:37:07	21/09/2023 12:53:46	0		1	"m3u8","ts"	
http://esrv.cc/get.php?username=Shirleybv&password=Lw6js&type=m3u&output=ts	Active	13/06/2021 13:48:35	17/06/2023 22:00:00	0		1	"m3u8","ts","rtmp"	
http://esrv.cc/get.php?username=34786247a&password=Cr9hN&type=m3u&output=ts	Active	07/07/2021 01:00:44	07/06/2023 11:25:58	0		1	"m3u8","ts","rtmp"	
http://esrv.cc/get.php?username=Severino1&password=Yw2mf&type=m3u&output=ts	Active	13/06/2021 13:48:35	17/06/2023 22:00:00	0		1	"m3u8","ts","rtmp"	
http://esrv.cc/get.php?username=23534635&password=63464670&type=m3u&output=ts	Active	09/12/2020 20:12:42	17/06/2023 18:20:18	0		1	"m3u8","ts"	
http://esrv.cc/get.php?username=xrVGHvRsFR&password=24B7zjVqgu&type=m3u&output=ts	Active	24/06/2020 21:22:12	07/06/2023 19:51:31	0		1	"m3u8","ts"	
http://esrv.cc/get.php?username=SEKb1dp5hv&password=Cut1kcd5zh&type=m3u&output=ts	Active	06/03/2021 20:32:45	08/06/2023 22:30:09	0		1	"m3u8","ts"	
http://esrv.cc/get.php?username=elisog&password=Nt4WT&type=m3u&output=ts	Active	04/08/2020 15:36:33	15/06/2023 21:02:23	0		1	"m3u8","ts","rtmp"	
http://esrv.cc/get.php?username=Sidney2383&password=2383sidney&type=m3u&output=ts	Active	13/06/2021 13:48:35	17/06/2023 22:00:00	0		1	"m3u8","ts"	