<favourites>
    <favourite name="TV  (BR)" thumb="image://http%3a%2f%2froger1964.antaeus.feralhosting.com%2fMedia%2fPainel%2fneotv.png/" fanart="none">ActivateWindow(videos,&quot;plugin://plugin.video.twoaddons/?fanart=http%3a%2f%2froger1964.antaeus.feralhosting.com%2fMedia%2fPainel%2fneotvfanart.jpg&amp;mode=1&amp;name=%5bB%5d%5bCOLOR%20blue%5d%e2%97%8f%e2%89%a1%20%5b%2fCOLOR%5d%20%5bCOLOR%20white%5d%20SERVIDOR%2013%20%7c%20%5bCOLOR%20red%5d%20spina%5b%2fCOLOR%5d%5bCOLOR%20orange%5dbr%5b%2fCOLOR%5d%5b%2fB%5d&amp;url=http%3a%2f%2fucsxiptv.com%3a8080%2fget.php%3fusername%3dsilentrixx%26password%3dteleg8753893445555gv%26type%3dm3u_plus%26output%3dts&quot;,return)</favourite>
    <favourite name="PRRIMAFILA  (ITA)" thumb="image://DefaultPlaylist.png/" fanart="none">ActivateWindow(videos,&quot;special://profile/playlists/video/Primafila.m3u&quot;,return)</favourite>
    <favourite name="F4M - IPTV" thumb="image://https%3a%2f%2fi.pinimg.com%2foriginals%2fd0%2f4e%2f64%2fd04e649981d84a34ace215000bf60449.jpg/" fanart="none">ActivateWindow(videos,&quot;plugin://plugin.video.favourites/index_of/special%3A%2F%2Fhome%2Faddons%2Fplugin.video.favourites%2Ffolders%2FF4M+-+IPTV%2F&quot;,return)</favourite>
    <favourite name="F4M - LISTAS" thumb="image://https%3a%2f%2fplay-lh.googleusercontent.com%2fm6IUYqJAER4EGkWITT4snYn4UAnn2REATEEwV4clDCym3CaH06hC3DOqxl-pQkrRY18/" fanart="none">ActivateWindow(videos,&quot;plugin://plugin.video.favourites/index_of/special%3A%2F%2Fhome%2Faddons%2Fplugin.video.favourites%2Ffolders%2FF4M+-+LISTAS%2F&quot;,return)</favourite>
    <favourite name="F4M - Internet" thumb="image://https%3a%2f%2fimg.freepik.com%2fvetores-premium%2fconceito-de-iptv-televisao-de-protocolo-de-internet-pessoas-minusculas-assistem-a-transmissao-de-tv-de-midia-digital-com-pipoca_501813-963.jpg/" fanart="none">ActivateWindow(videos,&quot;plugin://plugin.video.favourites/index_of/special%3A%2F%2Fhome%2Faddons%2Fplugin.video.favourites%2Ffolders%2FF4M+-+Internet%2F&quot;,return)</favourite>
    <favourite name="AND_listas" thumb="image://https%3a%2f%2fculturaz.santoandre.sp.gov.br%2ffiles%2fproject%2f1204%2ffile%2f263046%2funnamed-5810f8523b5b1ffdd90ef5b93712b26b.png/" fanart="none">ActivateWindow(videos,&quot;plugin://plugin.video.favourites/index_of/special%3A%2F%2Fhome%2Faddons%2Fplugin.video.favourites%2Ffolders%2FAND_listas%2F&quot;,return)</favourite>
    <favourite name="TV  (Favoritos)" thumb="image://%2fstorage%2f.kodi%2faddons%2fplugin.program.super.favourites%2ficon.png/" fanart="image://%2fstorage%2f.kodi%2faddons%2fplugin.program.super.favourites%2ffanart.jpg/">ActivateWindow(videos,&quot;plugin://plugin.program.super.favourites/?label=TV++%28Favoritos%29&amp;mode=400&amp;path=special%3A%2F%2Fprofile%2Faddon_data%2Fplugin.program.super.favourites%2FSuper+Favourites%2FTV++%28Favoritos%29&amp;image=%2Fstorage%2F.kodi%2Faddons%2Fplugin.program.super.favourites%2Ficon.png&amp;fanart=%2Fstorage%2F.kodi%2Faddons%2Fplugin.program.super.favourites%2Ffanart.jpg&amp;content_type=&quot;,return)</favourite>
</favourites>