<favourites>
    
    <favourite name="01 ●≡ GAMEPLAY  |  f4mTester" thumb="https://npr.brightspotcdn.com/legacy/sites/wsdl/files/202201/gameplay_final_red_medium.png" fanart="https://hide.me/resources/298/images/banner/banner_featureiptv.png">ActivateWindow(videos,&quot;plugin://plugin.video.twoaddons/?url=https%3A%2F%2Fgist.githubusercontent.com%2Fspin4%2F37c694b28f39a2470f0ccbb1e875d700%2Fraw%2Fc000ee8681113f28db7ab0b9561be233e138dd7c%2Foooo&amp;mode=1&amp;name=%5BB%5D%5BCOLOR+blue%5D%E2%97%8F%E2%89%A1+%5B%2FCOLOR%5D+%5BCOLOR+white%5D+SERVIDOR+13+%7C+%5BCOLOR+red%5D+spina%5B%2FCOLOR%5D%5BCOLOR+orange%5Dbr%5B%2FCOLOR%5D%5B%2FB%5D&amp;fanart=http%3A%2F%2Froger1964.antaeus.feralhosting.com%2FMedia%2FPainel%2Fneotvfanart.jpg&quot;,return)</favourite>
	<favourite name="02 ●≡ GAMEPLAY  |  f4mTester" thumb="https://npr.brightspotcdn.com/legacy/sites/wsdl/files/202201/gameplay_final_red_medium.png" fanart="https://hide.me/resources/298/images/banner/banner_featureiptv.png">ActivateWindow(videos,&quot;plugin://plugin.video.twoaddons/?url=https%3A%2F%2Fgist.githubusercontent.com%2Fspina777%2F9923d15e660f5ac921804b7287da2644%2Fraw%2Fd6cfcb5d0617658aa5d8bda831f6b263252dc9c4%2F000000&amp;mode=1&amp;name=%5BB%5D%5BCOLOR+blue%5D%E2%97%8F%E2%89%A1+%5B%2FCOLOR%5D+%5BCOLOR+white%5D+SERVIDOR+13+%7C+%5BCOLOR+red%5D+spina%5B%2FCOLOR%5D%5BCOLOR+orange%5Dbr%5B%2FCOLOR%5D%5B%2FB%5D&amp;fanart=http%3A%2F%2Froger1964.antaeus.feralhosting.com%2FMedia%2FPainel%2Fneotvfanart.jpg&quot;,return)</favourite>
	<favourite name="03 ●≡ GAMEPLAY  |  f4mTester" thumb="https://npr.brightspotcdn.com/legacy/sites/wsdl/files/202201/gameplay_final_red_medium.png" fanart="https://hide.me/resources/298/images/banner/banner_featureiptv.png">ActivateWindow(videos,&quot;plugin://plugin.video.twoaddons/?url=https%3A%2F%2Fgist.githubusercontent.com%2Fspin4%2F37c694b28f39a2470f0ccbb1e875d700%2Fraw%2Fae013fe6dbf491a1e67d85f16cb4732ed1235bb1%2Foooo&amp;mode=1&amp;name=%5BB%5D%5BCOLOR+blue%5D%E2%97%8F%E2%89%A1+%5B%2FCOLOR%5D+%5BCOLOR+white%5D+SERVIDOR+13+%7C+%5BCOLOR+red%5D+spina%5B%2FCOLOR%5D%5BCOLOR+orange%5Dbr%5B%2FCOLOR%5D%5B%2FB%5D&amp;fanart=http%3A%2F%2Froger1964.antaeus.feralhosting.com%2FMedia%2FPainel%2Fneotvfanart.jpg&quot;,return)</favourite>
	<favourite name="04 ●≡ GAMEPLAY  |  f4mTester" thumb="https://npr.brightspotcdn.com/legacy/sites/wsdl/files/202201/gameplay_final_red_medium.png" fanart="https://hide.me/resources/298/images/banner/banner_featureiptv.png">ActivateWindow(videos,&quot;plugin://plugin.video.twoaddons/?url=https%3A%2F%2Fgist.githubusercontent.com%2Fspinabr%2F4520ac14ae735220dbfcf4dbac2f8586%2Fraw%2F40d9546181978dad0e1994f01a5e4fea56cd37df%2F0o0o0o&amp;mode=1&amp;name=%5BB%5D%5BCOLOR+blue%5D%E2%97%8F%E2%89%A1+%5B%2FCOLOR%5D+%5BCOLOR+white%5D+SERVIDOR+13+%7C+%5BCOLOR+red%5D+spina%5B%2FCOLOR%5D%5BCOLOR+orange%5Dbr%5B%2FCOLOR%5D%5B%2FB%5D&amp;fanart=http%3A%2F%2Froger1964.antaeus.feralhosting.com%2FMedia%2FPainel%2Fneotvfanart.jpg&quot;,return)</favourite>
	<favourite name="05 ●≡ GAMEPLAY  |  f4mTester" thumb="https://npr.brightspotcdn.com/legacy/sites/wsdl/files/202201/gameplay_final_red_medium.png" fanart="https://hide.me/resources/298/images/banner/banner_featureiptv.png">ActivateWindow(videos,&quot;plugin://plugin.video.twoaddons/?url=https%3A%2F%2Fgist.githubusercontent.com%2Fspin4%2F37c694b28f39a2470f0ccbb1e875d700%2Fraw%2F97836895dd7a20aa52859b13f948dbfd39c81d9f%2F00000&amp;mode=1&amp;name=%5BB%5D%5BCOLOR+blue%5D%E2%97%8F%E2%89%A1+%5B%2FCOLOR%5D+%5BCOLOR+white%5D+SERVIDOR+13+%7C+%5BCOLOR+red%5D+spina%5B%2FCOLOR%5D%5BCOLOR+orange%5Dbr%5B%2FCOLOR%5D%5B%2FB%5D&amp;fanart=http%3A%2F%2Froger1964.antaeus.feralhosting.com%2FMedia%2FPainel%2Fneotvfanart.jpg&quot;,return)</favourite>
	
	
	
</favourites>



*01- http://gameplay.p2sweb.me:80/get.php?username=6994882&password=7552778&type=m3u&output=ts	Active	12/08/2022 16:26:22	16/09/2023 18:37:12	0	2	1	"m3u8","ts"	
https://gist.githubusercontent.com/spina777/9923d15e660f5ac921804b7287da2644/raw/d6cfcb5d0617658aa5d8bda831f6b263252dc9c4/000000
*02- http://gameplay.p2sweb.me:80/get.php?username=7836979&password=0119031&type=m3u&output=ts	Active	09/06/2022 21:50:07	12/06/2023 01:25:42	0	0	2	"m3u8","ts"	
https://gist.githubusercontent.com/spin4/37c694b28f39a2470f0ccbb1e875d700/raw/8d14038ac4b4fe5f2a2917f04748c4896b76b3a8/oooo
*03- http://gameplay.p2sweb.me:80/get.php?username=JoseRobertoSaraceni&password=Jose1234&type=m3u&output=ts	Active	03/09/2022 20:58:35	05/06/2023 19:35:56	0	0	2	"m3u8","ts"	
https://gist.githubusercontent.com/spin4/37c694b28f39a2470f0ccbb1e875d700/raw/ae013fe6dbf491a1e67d85f16cb4732ed1235bb1/oooo
*04- http://gameplay.p2sweb.me:80/get.php?username=1576250&password=7098834&type=m3u&output=ts	Active	07/07/2022 17:49:11	07/09/2023 23:11:50	0	2	1	"m3u8","ts"	
https://gist.githubusercontent.com/spinabr/4520ac14ae735220dbfcf4dbac2f8586/raw/40d9546181978dad0e1994f01a5e4fea56cd37df/0o0o0o
*05- http://gameplay.p2sweb.me:80/get.php?username=1862141&password=7200735&type=m3u&output=ts	Active	24/03/2022 20:06:57	27/08/2023 20:50:18	0	1	1	"m3u8","ts"	
https://gist.githubusercontent.com/spin4/37c694b28f39a2470f0ccbb1e875d700/raw/97836895dd7a20aa52859b13f948dbfd39c81d9f/00000







http://gameplay.p2sweb.me:80/get.php?username=GenilsonSueli&password=1012603&type=m3u&output=ts	Active	08/06/2022 01:11:53	03/09/2023 18:05:28	0	1	1	"m3u8","ts"	
http://gameplay.p2sweb.me:80/get.php?username=joycebrasil&password=jb062013&type=m3u&output=ts	Active	08/06/2022 01:11:53	03/09/2023 18:05:28	0	1	1	"m3u8","ts"	
http://gameplay.p2sweb.me:80/get.php?username=34leandro&password=390angra&type=m3u&output=ts	Active	29/07/2023 00:10:33	29/08/2023 03:12:33	0	1	1	"m3u8","ts"	
http://gameplay.p2sweb.me:80/get.php?username=marco2020&password=Henrique2020&type=m3u&output=ts	Active	16/03/2022 17:41:51	19/09/2023 02:38:26	0	1	1	"m3u8","ts"	
http://gameplay.p2sweb.me:80/get.php?username=5502703&password=8208654&type=m3u&output=ts	Active	10/06/2022 20:38:04	13/09/2023 00:31:12	0	1	1	"m3u8","ts"	
http://gameplay.p2sweb.me:80/get.php?username=4282ghsi&password=529wj548&type=m3u&output=ts	Active	02/04/2022 01:02:07	02/09/2023 01:02:07	0	1	1	"m3u8","ts"	
http://gameplay.p2sweb.me:80/get.php?username=24brener&password=480angra&type=m3u&output=ts	Active	10/07/2022 17:58:41	10/09/2023 20:58:41	0	1	1	"m3u8","ts"	
http://gameplay.p2sweb.me:80/get.php?username=8465804&password=0931949&type=m3u&output=ts	Active	19/07/2022 20:30:06	21/09/2023 22:45:16	0	1	1	"m3u8","ts"	
http://gameplay.p2sweb.me:80/get.php?username=monteiro123&password=monteiro321&type=m3u&output=ts	Active	18/06/2022 16:26:41	28/09/2023 20:19:38	0	1	1	"m3u8","ts"	
http://gameplay.p2sweb.me:80/get.php?username=Ivair22&password=212343&type=m3u&output=ts	Active	18/08/2022 00:10:38	18/09/2023 23:29:58	0	1	1	"m3u8","ts"	
http://gameplay.p2sweb.me:80/get.php?username=marina04x&password=Mar2021&type=m3u&output=ts	Active	17/03/2022 16:44:50	18/09/2023 11:52:49	0	1	1	"m3u8","ts"	
http://gameplay.p2sweb.me:80/get.php?username=Cicero30&password=Cice4839&type=m3u&output=ts	Active	17/03/2022 14:41:20	17/09/2023 18:12:20	0	1	1	"m3u8","ts"	
http://gameplay.p2sweb.me:80/get.php?username=lexsala&password=lex2580&type=m3u&output=ts	Active	15/01/2022 16:41:23	09/09/2023 06:13:04	0	1	1	"m3u8","ts"	
http://gameplay.p2sweb.me:80/get.php?username=fran2022&password=2022fran&type=m3u&output=ts	Active	17/09/2022 21:45:53	24/09/2023 20:32:39	0	1	1	"m3u8","ts"	
http://gameplay.p2sweb.me:80/get.php?username=2277038&password=3211380&type=m3u&output=ts	Active	26/07/2022 21:34:30	28/08/2023 11:31:07	0	1	1	"m3u8","ts"	
http://gameplay.p2sweb.me:80/get.php?username=5167301&password=1827119&type=m3u&output=ts	Active	09/06/2022 18:56:46	09/09/2023 20:13:39	0	0	1	"m3u8","ts"	
http://gameplay.p2sweb.me:80/get.php?username=767244&password=141105&type=m3u&output=ts	Active	07/06/2022 20:32:11	12/09/2023 17:18:20	0	0	1	"m3u8","ts"	
http://gameplay.p2sweb.me:80/get.php?username=8709256&password=4264503&type=m3u&output=ts	Active	10/06/2022 21:41:33	06/09/2023 17:25:18	0	0	1	"m3u8","ts"	
http://gameplay.p2sweb.me:80/get.php?username=fabiopereiramartin&password=fabiopmw&type=m3u&output=ts	Active	09/06/2022 21:55:07	21/09/2023 10:04:56	0	0	1	"m3u8","ts"	
http://gameplay.p2sweb.me:80/get.php?username=7895956&password=8448367&type=m3u&output=ts	Active	09/06/2022 22:45:57	14/09/2023 17:08:09	0	0	1	"m3u8","ts"	
http://gameplay.p2sweb.me:80/get.php?username=8723813&password=9451790&type=m3u&output=ts	Active	14/06/2022 05:29:44	15/09/2023 17:50:37	0	0	1	"m3u8","ts"	
http://gameplay.p2sweb.me:80/get.php?username=Hionki01&password=Bonesso01&type=m3u&output=ts	Active	19/09/2022 15:51:59	19/09/2023 17:52:23	0	0	1	"m3u8","ts"	
http://gameplay.p2sweb.me:80/get.php?username=Dgghhfcc&password=Vgfbffvc&type=m3u&output=ts	Active	14/07/2022 23:56:06	02/09/2023 01:35:51	0	0	1	"m3u8","ts"	
http://gameplay.p2sweb.me:80/get.php?username=Carol8354&password=C4f5h28x&type=m3u&output=ts	Active	04/04/2022 04:30:17	04/09/2023 17:45:56	0	0	1	"m3u8","ts"	
http://gameplay.p2sweb.me:80/get.php?username=xavs32&password=4521ars&type=m3u&output=ts	Active	30/06/2022 13:02:50	07/09/2023 20:43:45	0	0	1	"m3u8","ts"	
http://gameplay.p2sweb.me:80/get.php?username=Eliane&password=275858&type=m3u&output=ts	Active	07/06/2022 23:10:40	08/09/2023 02:10:40	0	0	1	"m3u8","ts"	
http://gameplay.p2sweb.me:80/get.php?username=6351152&password=0548604&type=m3u&output=ts	Active	10/06/2022 22:39:10	12/09/2023 22:03:53	0	0	1	"m3u8","ts"	
http://gameplay.p2sweb.me:80/get.php?username=8970283&password=4792268&type=m3u&output=ts	Active	23/08/2022 20:40:09	02/09/2023 15:42:10	0	0	1	"m3u8","ts"	
http://gameplay.p2sweb.me:80/get.php?username=netobsb&password=13082022&type=m3u&output=ts	Active	13/08/2022 22:55:24	08/09/2023 21:03:48	0	0	1	"m3u8","ts"	
http://gameplay.p2sweb.me:80/get.php?username=marcos2022&password=indizabela01&type=m3u&output=ts	Active	06/08/2022 19:26:39	12/09/2023 00:13:37	0	0	1	"m3u8","ts"	
http://gameplay.p2sweb.me:80/get.php?username=bendavi&password=54793483&type=m3u&output=ts	Active	08/06/2022 01:11:53	03/09/2023 18:05:28	0	0	1	"m3u8","ts"	
http://gameplay.p2sweb.me:80/get.php?username=diegosiqueira2&password=Ds3676&type=m3u&output=ts	Active	07/06/2022 23:29:45	08/09/2023 02:29:45	0	0	1	"m3u8","ts"	
http://gameplay.p2sweb.me:80/get.php?username=marina03x1&password=Mar2021&type=m3u&output=ts	Active	17/03/2022 18:00:13	18/09/2023 11:46:11	0	0	1	"m3u8","ts"	
http://gameplay.p2sweb.me:80/get.php?username=fernando202102&password=fernando2022&type=m3u&output=ts	Active	03/07/2022 16:36:45	05/08/2023 02:13:04	0	0	1	"m3u8","ts"	
http://gameplay.p2sweb.me:80/get.php?username=dyegorj&password=x125343&type=m3u&output=ts	Active	03/07/2022 16:36:45	05/08/2023 02:13:04	0	0	1	"m3u8","ts"	
http://gameplay.p2sweb.me:80/get.php?username=525528&password=836392&type=m3u&output=ts	Active	14/01/2022 15:42:17	12/09/2023 20:21:07	0	0	1	"m3u8","ts"	
http://gameplay.p2sweb.me:80/get.php?username=carlosrj&password=x024330&type=m3u&output=ts	Active	26/07/2022 21:34:30	28/08/2023 11:31:07	0	0	1	"m3u8","ts"	
http://gameplay.p2sweb.me:80/get.php?username=5272882&password=6378828&type=m3u&output=ts	Active	07/06/2022 23:04:35	09/09/2023 03:26:37	0	0	1	"m3u8","ts"	
http://gameplay.p2sweb.me:80/get.php?username=2498893&password=2383592&type=m3u&output=ts	Active	13/11/2022 16:11:22	20/09/2023 17:49:41	0	0	1	"m3u8","ts"	
http://gameplay.p2sweb.me:80/get.php?username=1642173&password=3277551&type=m3u&output=ts	Active	02/05/2023 19:11:05	03/09/2023 00:01:17	0	0	1	"m3u8","ts"	
http://gameplay.p2sweb.me:80/get.php?username=carolbarroso1&password=x024330&type=m3u&output=ts	Active	08/06/2022 01:11:53	03/09/2023 18:05:28	0	0	1	"m3u8","ts"	
http://gameplay.p2sweb.me:80/get.php?username=leandromorais&password=bel062013&type=m3u&output=ts	Active	04/01/2023 01:09:36	05/09/2023 20:26:01	0	0	1	"m3u8","ts"	
http://gameplay.p2sweb.me:80/get.php?username=Sandro78&password=093855&type=m3u&output=ts	Active	08/06/2022 01:11:53	03/09/2023 18:05:28	0	0	1	"m3u8","ts"	