<favourites>
    <favourite name="FBI (2018)" thumb="image://https%3a%2f%2fwww.themoviedb.org%2ft%2fp%2fw600_and_h900_bestv2%2fcGLQRv3MLWGrHMhRGn1zsSa9n2i.jpg/" fanart="none">ActivateWindow(videos,&quot;plugin://plugin.video.thethunder/?action=season_tvshow&amp;aired=2018-09-25&amp;codec=H264&amp;description=A%20s%c3%a9rie%20acompanha%20os%20bastidores%20das%20opera%c3%a7%c3%b5es%20do%20FBI%20em%20NY%2c%20onde%20os%20agentes%20Maggie%20Bell%2c%20Omar%20Adom%20e%20equipe%20buscam%20manter%20a%20cidade%20e%20o%20pa%c3%ads%20a%20salvo.%20Assista%20agora%2c%20dublada%20ou%20legendada.&amp;fanart=https%3a%2f%2fwww.themoviedb.org%2ft%2fp%2foriginal%2fstD2BtJHwc8xolJVtglrETEjD57.jpg&amp;iconimage=https%3a%2f%2fwww.themoviedb.org%2ft%2fp%2fw600_and_h900_bestv2%2fcGLQRv3MLWGrHMhRGn1zsSa9n2i.jpg&amp;mediatype=tvshow&amp;name=FBI%20(2018)&amp;originaltitle=FBI&amp;video_id=80748&amp;video_title=FBI&amp;year=2018&quot;,return)</favourite>
    <favourite name="FBI: Internacional (2021)" thumb="image://https%3a%2f%2fwww.themoviedb.org%2ft%2fp%2fw600_and_h900_bestv2%2fo8udJ5s6lHbP6B22Eu4R9WwsDpL.jpg/" fanart="none">ActivateWindow(videos,&quot;plugin://plugin.video.thethunder/?action=season_tvshow&amp;aired=2021-09-21&amp;codec=H264&amp;description=FBI%3a%20International%2c%20novo%20spinoff%20da%20franquia%20criada%20por%20Dick%20Wolf%20(Law%20%26%20Order%2c%20Chicago)%2c%20segue%20os%20agentes%20de%20elite%20da%20divis%c3%a3o%20Internacional%20do%20FBI%20em%20sua%20viagem%20pelo%20mundo%20com%20a%20miss%c3%a3o%20de%20proteger%20os%20americanos%20onde%20quer%20que%20estejam.&amp;fanart=https%3a%2f%2fwww.themoviedb.org%2ft%2fp%2foriginal%2fcwp3Z4UxAsuu0Qr326NuJcyYXTj.jpg&amp;iconimage=https%3a%2f%2fwww.themoviedb.org%2ft%2fp%2fw600_and_h900_bestv2%2fo8udJ5s6lHbP6B22Eu4R9WwsDpL.jpg&amp;mediatype=tvshow&amp;name=FBI%3a%20Internacional%20(2021)&amp;originaltitle=FBI%3a%20International&amp;video_id=121658&amp;video_title=FBI%3a%20Internacional&amp;year=2021&quot;,return)</favourite>
    <favourite name="FBI: Os Mais Procurados (2020)" thumb="image://https%3a%2f%2fwww.themoviedb.org%2ft%2fp%2fw600_and_h900_bestv2%2fvRoyQUWQIba6CVu2rhTGAHKgZRZ.jpg/" fanart="none">ActivateWindow(videos,&quot;plugin://plugin.video.thethunder/?action=season_tvshow&amp;aired=2020-01-07&amp;codec=H264&amp;description=Uma%20equipe%20do%20FBI%20se%20dedica%20a%20rastrear%20e%20capturar%20criminosos%20que%20est%c3%a3o%20no%20topo%20da%20lista%20de%20foragidos%20da%20organiza%c3%a7%c3%a3o.&amp;fanart=https%3a%2f%2fwww.themoviedb.org%2ft%2fp%2foriginal%2foXesrxVxymFwlzlcLGj4DjAhlUb.jpg&amp;iconimage=https%3a%2f%2fwww.themoviedb.org%2ft%2fp%2fw600_and_h900_bestv2%2fvRoyQUWQIba6CVu2rhTGAHKgZRZ.jpg&amp;mediatype=tvshow&amp;name=FBI%3a%20Os%20Mais%20Procurados%20(2020)&amp;originaltitle=FBI%3a%20Most%20Wanted&amp;video_id=94372&amp;video_title=FBI%3a%20Os%20Mais%20Procurados&amp;year=2020&quot;,return)</favourite>
    <favourite name="Gotham Knights: A Série (2023)" thumb="image://https%3a%2f%2fwww.themoviedb.org%2ft%2fp%2fw600_and_h900_bestv2%2fkShT1yzQlqRZtlW6S9ByXfqeF5R.jpg/" fanart="none">ActivateWindow(videos,&quot;plugin://plugin.video.thethunder/?action=season_tvshow&amp;aired=2023-03-14&amp;codec=H264&amp;description=No%20rescaldo%20do%20assassinato%20de%20Bruce%20Wayne%2c%20seu%20filho%20adotivo%20rebelde%20forja%20uma%20alian%c3%a7a%20improv%c3%a1vel%20com%20os%20filhos%20dos%20inimigos%20de%20Batman%20quando%20todos%20eles%20s%c3%a3o%20enquadrados%20por%20matar%20o%20Cruzado%20Encapuzado.&amp;fanart=https%3a%2f%2fwww.themoviedb.org%2ft%2fp%2foriginal%2ftFwGGfaEJsR9PjRQXazRUYvwOAG.jpg&amp;iconimage=https%3a%2f%2fwww.themoviedb.org%2ft%2fp%2fw600_and_h900_bestv2%2fkShT1yzQlqRZtlW6S9ByXfqeF5R.jpg&amp;mediatype=tvshow&amp;name=Gotham%20Knights%3a%20A%20S%c3%a9rie%20(2023)&amp;originaltitle=Gotham%20Knights&amp;video_id=195868&amp;video_title=Gotham%20Knights%3a%20A%20S%c3%a9rie&amp;year=2023&quot;,return)</favourite>
    <favourite name="Leverage: Redemption (2021)" thumb="image://https%3a%2f%2fwww.themoviedb.org%2ft%2fp%2fw600_and_h900_bestv2%2fbIiOOUpelBRmFzveOhmm8QZ8VAe.jpg/" fanart="none">ActivateWindow(videos,&quot;plugin://plugin.video.thethunder/?action=season_tvshow&amp;aired=2021-07-08&amp;codec=H264&amp;description=%e2%80%8eO%20Rebatedor%2c%20o%20Hacker%2c%20o%20Grifter%20e%20o%20Ladr%c3%a3o%20est%c3%a3o%20juntos%20novamente%2c%20desta%20vez%20com%20a%20ajuda%20de%20um%20novo%20g%c3%aanio%20da%20tecnologia%20e%20corregedor%20corporativo%2c%20para%20enfrentar%20um%20novo%20tipo%20de%20vil%c3%a3o.%20Do%20homem%20que%20criou%20uma%20crise%20de%20opioides%20desde%20o%20conforto%20de%20sua%20sala%20de%20reuni%c3%b5es%20at%c3%a9%20a%20empresa%20de%20seguran%c3%a7a%20sombria%20que%20ajuda%20a%20esconder%20segredos%20perigosos%20por%20um%20pre%c3%a7o%20-%20quando%20algu%c3%a9m%20precisa%20de%20ajuda%2c%20eles%20fornecem...%20Alavancagem.%e2%80%8e&amp;fanart=https%3a%2f%2fwww.themoviedb.org%2ft%2fp%2foriginal%2fA9JZaDiWGk4jQBPxpwF12iksCyR.jpg&amp;iconimage=https%3a%2f%2fwww.themoviedb.org%2ft%2fp%2fw600_and_h900_bestv2%2fbIiOOUpelBRmFzveOhmm8QZ8VAe.jpg&amp;mediatype=tvshow&amp;name=Leverage%3a%20Redemption%20(2021)&amp;originaltitle=Leverage%3a%20Redemption&amp;video_id=106502&amp;video_title=Leverage%3a%20Redemption&amp;year=2021&quot;,return)</favourite>
    <favourite name="Lista Negra (2013)" thumb="image://https%3a%2f%2fwww.themoviedb.org%2ft%2fp%2fw600_and_h900_bestv2%2fziy2LUOZOA3Ob5hGZAvKXCmvwe9.jpg/" fanart="none">ActivateWindow(videos,&quot;plugin://plugin.video.thethunder/?action=season_tvshow&amp;aired=2013-09-23&amp;codec=H264&amp;description=Ap%c3%b3s%20se%20entregar%20%c3%a0%20pol%c3%adcia%2c%20um%20brilhante%20fugitivo%20oferece%20ajuda%20ao%20FBI%2c%20mas%20apenas%20se%20a%20novata%20Elizabeth%20Keen%20for%20sua%20parceira.&amp;fanart=https%3a%2f%2fwww.themoviedb.org%2ft%2fp%2foriginal%2fdDPwCyZG8arYwMDoQl0sm4xccCE.jpg&amp;iconimage=https%3a%2f%2fwww.themoviedb.org%2ft%2fp%2fw600_and_h900_bestv2%2fziy2LUOZOA3Ob5hGZAvKXCmvwe9.jpg&amp;mediatype=tvshow&amp;name=Lista%20Negra%20(2013)&amp;originaltitle=The%20Blacklist&amp;video_id=46952&amp;video_title=Lista%20Negra&amp;year=2013&quot;,return)</favourite>
    <favourite name="O Poder (2023)" thumb="image://https%3a%2f%2fwww.themoviedb.org%2ft%2fp%2fw600_and_h900_bestv2%2fltO4wE8zFE1wAbAS063ZDbEvJXq.jpg/" fanart="none">ActivateWindow(videos,&quot;plugin://plugin.video.thethunder/?action=season_tvshow&amp;aired=2023-03-30&amp;codec=H264&amp;description=O%20mundo%20de%20O%20PODER%20%c3%a9%20o%20nosso%20mundo.%20Mas%20por%20uma%20reviravolta%20da%20natureza%2c%20as%20adolescentes%20subitamente%20desenvolvem%20o%20poder%20de%20eletrocutar%20pessoas.%20Narrando%20as%20hist%c3%b3rias%20de%20personagens%20marcantes%20de%20Londres%20a%20Seattle%2c%20da%20Nig%c3%a9ria%20ao%20Leste%20Europeu%2c%20evoluindo%20at%c3%a9%20uma%20revers%c3%a3o%20completa%20do%20equil%c3%adbrio%20de%20poder%20no%20mundo.&amp;fanart=https%3a%2f%2fwww.themoviedb.org%2ft%2fp%2foriginal%2fhtZNH4PJwJCfiw6dbtpyXCuglXz.jpg&amp;iconimage=https%3a%2f%2fwww.themoviedb.org%2ft%2fp%2fw600_and_h900_bestv2%2fltO4wE8zFE1wAbAS063ZDbEvJXq.jpg&amp;mediatype=tvshow&amp;name=O%20Poder%20(2023)&amp;originaltitle=The%20Power&amp;video_id=95558&amp;video_title=O%20Poder&amp;year=2023&quot;,return)</favourite>
    <favourite name="Quantum Leap: Contratempos (2022)" thumb="image://https%3a%2f%2fwww.themoviedb.org%2ft%2fp%2fw600_and_h900_bestv2%2f4uEy8VdTqtfnLGvgCkooow7btLf.jpg/" fanart="none">ActivateWindow(videos,&quot;plugin://plugin.video.thethunder/?action=season_tvshow&amp;aired=2022-09-19&amp;codec=H264&amp;description=Trinta%20anos%20ap%c3%b3s%20o%20sumi%c3%a7o%20do%20doutor%20Sam%20Beckett%20no%20acelerador%20Quantum%20Leap%2c%20um%20novo%20time%20de%20cientistas%20retoma%20o%20projeto%20e%20tenta%20desvendar%20os%20segredos%20por%20tr%c3%a1s%20da%20m%c3%a1quina%20do%20tempo.&amp;fanart=https%3a%2f%2fwww.themoviedb.org%2ft%2fp%2foriginal%2faAwtr0pj9jt3DnhTNltOoaOrnk1.jpg&amp;iconimage=https%3a%2f%2fwww.themoviedb.org%2ft%2fp%2fw600_and_h900_bestv2%2f4uEy8VdTqtfnLGvgCkooow7btLf.jpg&amp;mediatype=tvshow&amp;name=Quantum%20Leap%3a%20Contratempos%20(2022)&amp;originaltitle=Quantum%20Leap&amp;video_id=202102&amp;video_title=Quantum%20Leap%3a%20Contratempos&amp;year=2022&quot;,return)</favourite>
    <favourite name="Superman e Lois (2021)" thumb="image://https%3a%2f%2fwww.themoviedb.org%2ft%2fp%2fw600_and_h900_bestv2%2fqyCwyFztdccvu1Y62INkLFKp2Pp.jpg/" fanart="none">ActivateWindow(videos,&quot;plugin://plugin.video.thethunder/?action=season_tvshow&amp;aired=2021-02-23&amp;codec=H264&amp;description=Clark%20Kent%2c%20o%20Superman%2c%20maior%20her%c3%b3i%20do%20mundo%2c%20e%20sua%20companheira%20Lois%20Lane%2c%20uma%20famosa%20jornalista%2c%20se%20esfor%c3%a7am%20para%20lidar%20com%20o%20estresse%20e%20as%20complexidades%20cotidianas%20de%20serem%20pais%20que%20trabalham%20na%20sociedade%20contempor%c3%a2nea.&amp;fanart=https%3a%2f%2fwww.themoviedb.org%2ft%2fp%2foriginal%2fqO8uNvhYrBRKKWZLUdHrvwuuQpG.jpg&amp;iconimage=https%3a%2f%2fwww.themoviedb.org%2ft%2fp%2fw600_and_h900_bestv2%2fqyCwyFztdccvu1Y62INkLFKp2Pp.jpg&amp;mediatype=tvshow&amp;name=Superman%20e%20Lois%20(2021)&amp;originaltitle=Superman%20%26%20Lois&amp;video_id=95057&amp;video_title=Superman%20e%20Lois&amp;year=2021&quot;,return)</favourite>
    <favourite name="The Ark (2023)" thumb="image://https%3a%2f%2fwww.themoviedb.org%2ft%2fp%2fw600_and_h900_bestv2%2f6pGiYwbSAscG6YyNzxTR6FNtLnO.jpg/" fanart="none">ActivateWindow(videos,&quot;plugin://plugin.video.thethunder/?action=season_tvshow&amp;aired=2023-02-01&amp;codec=H264&amp;description=100%20anos%20no%20futuro%2c%20as%20miss%c3%b5es%20de%20coloniza%c3%a7%c3%a3o%20planet%c3%a1ria%20come%c3%a7aram%20como%20uma%20necessidade%20para%20ajudar%20a%20garantir%20a%20sobreviv%c3%aancia%20da%20ra%c3%a7a%20humana.%20A%20primeira%20dessas%20miss%c3%b5es%20em%20uma%20espa%c3%a7onave%20conhecida%20como%20Ark%20One%20encontra%20um%20evento%20catastr%c3%b3fico%20que%20causa%20destrui%c3%a7%c3%a3o%20em%20massa%20e%20perda%20de%20vidas.%20Faltando%20mais%20de%20um%20ano%20para%20chegar%20ao%20planeta-alvo%2c%20falta%20de%20suprimentos%20para%20sustentar%20a%20vida%20e%20perda%20de%20lideran%c3%a7a%2c%20a%20tripula%c3%a7%c3%a3o%20restante%20deve%20se%20tornar%20a%20melhor%20vers%c3%a3o%20de%20si%20mesma%20para%20permanecer%20no%20curso%20e%20sobreviver.&amp;fanart=https%3a%2f%2fwww.themoviedb.org%2ft%2fp%2foriginal%2f8ERDntW4Zyr7qrW81vmiJgmpxXN.jpg&amp;iconimage=https%3a%2f%2fwww.themoviedb.org%2ft%2fp%2fw600_and_h900_bestv2%2f6pGiYwbSAscG6YyNzxTR6FNtLnO.jpg&amp;mediatype=tvshow&amp;name=The%20Ark%20(2023)&amp;originaltitle=The%20Ark&amp;video_id=47663&amp;video_title=The%20Ark&amp;year=2023&quot;,return)</favourite>
    <favourite name="The Good Doctor: O Bom Doutor (2017)" thumb="image://https%3a%2f%2fwww.themoviedb.org%2ft%2fp%2fw600_and_h900_bestv2%2fjtLB7xJKcbekmOYkb5NZditBsgk.jpg/" fanart="none">ActivateWindow(videos,&quot;plugin://plugin.video.thethunder/?action=season_tvshow&amp;aired=2017-09-25&amp;codec=H264&amp;description=Um%20jovem%20m%c3%a9dico%20com%20autismo%20come%c3%a7a%20a%20trabalhar%20em%20um%20famoso%20hospital.%20Al%c3%a9m%20dos%20desafios%20da%20profiss%c3%a3o%2c%20ele%20ter%c3%a1%20tamb%c3%a9m%20que%20provar%20sua%20capacidade%20a%20seus%20colegas%20e%20superiores.&amp;fanart=https%3a%2f%2fwww.themoviedb.org%2ft%2fp%2foriginal%2fxXRsKNJHTOGrs5wfYAxkbM2RiyT.jpg&amp;iconimage=https%3a%2f%2fwww.themoviedb.org%2ft%2fp%2fw600_and_h900_bestv2%2fjtLB7xJKcbekmOYkb5NZditBsgk.jpg&amp;mediatype=tvshow&amp;name=The%20Good%20Doctor%3a%20O%20Bom%20Doutor%20(2017)&amp;originaltitle=The%20Good%20Doctor&amp;video_id=71712&amp;video_title=The%20Good%20Doctor%3a%20O%20Bom%20Doutor&amp;year=2017&quot;,return)</favourite>
    <favourite name="The Mandalorian (2019)" thumb="image://https%3a%2f%2fwww.themoviedb.org%2ft%2fp%2fw600_and_h900_bestv2%2feU1i6eHXlzMOlEq0ku1Rzq7Y4wA.jpg/" fanart="none">ActivateWindow(videos,&quot;plugin://plugin.video.thethunder/?action=season_tvshow&amp;aired=2019-11-12&amp;codec=H264&amp;description=A%20saga%20de%20um%20guerreiro%20solit%c3%a1rio%2c%20que%20tamb%c3%a9m%20%c3%a9%20um%20mercen%c3%a1rio%20e%20pistoleiro%2c%20viajando%20pelos%20territ%c3%b3rios%20esquecidos%20e%20marginais%20do%20espa%c3%a7o%2c%20logo%20ap%c3%b3s%20a%20queda%20do%20Imp%c3%a9rio%20e%20antes%20da%20cria%c3%a7%c3%a3o%20da%20temida%20Primeira%20Ordem.&amp;fanart=https%3a%2f%2fwww.themoviedb.org%2ft%2fp%2foriginal%2f9zcbqSxdsRMZWHYtyCd1nXPr2xq.jpg&amp;iconimage=https%3a%2f%2fwww.themoviedb.org%2ft%2fp%2fw600_and_h900_bestv2%2feU1i6eHXlzMOlEq0ku1Rzq7Y4wA.jpg&amp;mediatype=tvshow&amp;name=The%20Mandalorian%20(2019)&amp;originaltitle=The%20Mandalorian&amp;video_id=82856&amp;video_title=The%20Mandalorian&amp;year=2019&quot;,return)</favourite>
    <favourite name="Titãs (2018)" thumb="image://https%3a%2f%2fwww.themoviedb.org%2ft%2fp%2fw600_and_h900_bestv2%2foE23sq7mAiiDzmCIkPdFQAEuqsd.jpg/" fanart="none">ActivateWindow(videos,&quot;plugin://plugin.video.thethunder/?action=season_tvshow&amp;aired=2018-10-12&amp;codec=H264&amp;description=Uma%20equipe%20de%20jovens%20super-her%c3%b3is%20liderada%20por%20Asa%20Noturna%20(anteriormente%20Robin%20de%20Batman)%20formada%20para%20combater%20o%20mal%20e%20outros%20perigos.&amp;fanart=https%3a%2f%2fwww.themoviedb.org%2ft%2fp%2foriginal%2fhIt8YsDq2wNhblEiix3cjNgw4EI.jpg&amp;iconimage=https%3a%2f%2fwww.themoviedb.org%2ft%2fp%2fw600_and_h900_bestv2%2foE23sq7mAiiDzmCIkPdFQAEuqsd.jpg&amp;mediatype=tvshow&amp;name=Tit%c3%a3s%20(2018)&amp;originaltitle=Titans&amp;video_id=75450&amp;video_title=Tit%c3%a3s&amp;year=2018&quot;,return)</favourite>
    <favourite name="Rabbit Hole: Jogo de Mentiras (2023)" thumb="image://https%3a%2f%2fwww.themoviedb.org%2ft%2fp%2fw600_and_h900_bestv2%2fgUXPI4ss2gxfxCgW6W0C00v5X5A.jpg/" fanart="none">ActivateWindow(videos,&quot;plugin://plugin.video.thethunder/?action=season_tvshow&amp;aired=2023-03-26&amp;codec=H264&amp;description=O%20agente%20espi%c3%a3o%20James%20Weir%20se%20v%c3%aa%20no%20meio%20de%20uma%20batalha%20pela%20preserva%c3%a7%c3%a3o%20da%20democracia%20em%20um%20mundo%20confrontado%20com%20desinforma%c3%a7%c3%a3o%2c%20manipula%c3%a7%c3%a3o%20comportamental%2c%20estado%20de%20vigil%c3%a2ncia%2c%20controle%20de%20interesses%20e%20poderes%20extraordin%c3%a1rios.&amp;fanart=https%3a%2f%2fwww.themoviedb.org%2ft%2fp%2foriginal%2fejEIt6TmywGov56dWDx0XWPP2NR.jpg&amp;iconimage=https%3a%2f%2fwww.themoviedb.org%2ft%2fp%2fw600_and_h900_bestv2%2fgUXPI4ss2gxfxCgW6W0C00v5X5A.jpg&amp;mediatype=tvshow&amp;name=Rabbit%20Hole%3a%20Jogo%20de%20Mentiras%20(2023)&amp;originaltitle=Rabbit%20Hole&amp;video_id=156819&amp;video_title=Rabbit%20Hole%3a%20Jogo%20de%20Mentiras&amp;year=2023&quot;,return)</favourite>
    <favourite name="Origem (2022)" thumb="image://https%3a%2f%2fwww.themoviedb.org%2ft%2fp%2fw600_and_h900_bestv2%2fkYf47t1tcSmhH714NTvSS8udIC9.jpg/" fanart="none">ActivateWindow(videos,&quot;plugin://plugin.video.thethunder/?action=season_tvshow&amp;aired=2022-02-20&amp;codec=H264&amp;description=Desvende%20o%20mist%c3%a9rio%20de%20uma%20cidade%20no%20centro%20dos%20EUA.%20Enquanto%20os%20moradores%20lutam%20para%20manter%20um%20senso%20de%20normalidade%2c%20eles%20tamb%c3%a9m%20devem%20sobreviver%20%c3%a0s%20amea%c3%a7as%20da%20floresta%20ao%20redor%2c%20incluindo%20as%20criaturas%20aterrorizantes%20que%20surgem%20quando%20o%20sol%20se%20p%c3%b5e.&amp;fanart=https%3a%2f%2fwww.themoviedb.org%2ft%2fp%2foriginal%2fq3UGWifvIpdey1T2efX4dSmbZpU.jpg&amp;iconimage=https%3a%2f%2fwww.themoviedb.org%2ft%2fp%2fw600_and_h900_bestv2%2fkYf47t1tcSmhH714NTvSS8udIC9.jpg&amp;mediatype=tvshow&amp;name=Origem%20(2022)&amp;originaltitle=From&amp;video_id=124364&amp;video_title=Origem&amp;year=2022&quot;,return)</favourite>
    <favourite name="All American (2018)" thumb="image://https%3a%2f%2fwww.themoviedb.org%2ft%2fp%2fw600_and_h900_bestv2%2fc8FTtjQcQfqSI0McmVc1OOOf7Z7.jpg/" fanart="none">ActivateWindow(videos,&quot;plugin://plugin.video.thethunder/?action=season_tvshow&amp;aired=2018-10-10&amp;codec=H264&amp;description=Dois%20mundos%20colidem%20quando%20um%20jogador%20de%20futebol%20de%20Compton%20%c3%a9%20recrutado%20para%20um%20col%c3%a9gio%20em%20Beverly%20Hills.&amp;fanart=https%3a%2f%2fwww.themoviedb.org%2ft%2fp%2foriginal%2fthCj6VEVQlFlup4aJ74kdRhfujB.jpg&amp;iconimage=https%3a%2f%2fwww.themoviedb.org%2ft%2fp%2fw600_and_h900_bestv2%2fc8FTtjQcQfqSI0McmVc1OOOf7Z7.jpg&amp;mediatype=tvshow&amp;name=All%20American%20(2018)&amp;originaltitle=All%20American&amp;video_id=82428&amp;video_title=All%20American&amp;year=2018&quot;,return)</favourite>
    <favourite name="Black Knight (2023)" thumb="image://https%3a%2f%2fwww.themoviedb.org%2ft%2fp%2fw600_and_h900_bestv2%2f48SpcKvilzTdcyuPmzr93TsVxCJ.jpg/" fanart="none">ActivateWindow(videos,&quot;plugin://plugin.video.thethunder/?action=season_tvshow&amp;aired=2023-05-12&amp;codec=H264&amp;description=Em%20um%202071%20dist%c3%b3pico%2c%20quando%20o%20mundo%20est%c3%a1%20devastado%20pela%20polui%c3%a7%c3%a3o%2c%20um%20refugiado%20luta%20para%20ser%20entregador%2c%20conseguir%20comida%20e%20sobreviver.&amp;fanart=https%3a%2f%2fwww.themoviedb.org%2ft%2fp%2foriginal%2fqVNACrSwu8RCgf9loLKfTv0mDeq.jpg&amp;iconimage=https%3a%2f%2fwww.themoviedb.org%2ft%2fp%2fw600_and_h900_bestv2%2f48SpcKvilzTdcyuPmzr93TsVxCJ.jpg&amp;mediatype=tvshow&amp;name=Black%20Knight%20(2023)&amp;originaltitle=%ed%83%9d%eb%b0%b0%ea%b8%b0%ec%82%ac&amp;video_id=137040&amp;video_title=Black%20Knight&amp;year=2023&quot;,return)</favourite>
    <favourite name="Mrs. Davis (2023)" thumb="image://https%3a%2f%2fwww.themoviedb.org%2ft%2fp%2fw600_and_h900_bestv2%2ftMr3mFACLuL4J7AEj8yDwcf5rnr.jpg/" fanart="none">ActivateWindow(videos,&quot;plugin://plugin.video.thethunder/?action=season_tvshow&amp;aired=2023-04-20&amp;codec=H264&amp;description=Mrs.%20Davis%20explora%20uma%20batalha%20%c3%a9pica%20de%20propor%c3%a7%c3%b5es%20b%c3%adblicas%20entre%20f%c3%a9%20e%20tecnologia.%20Na%20trama%2c%20acompanhamos%20Simone%20(Betty%20Gilpin%2c%20de%20GLOW)%2c%20uma%20freira%20que%20vai%20a%20luta%20contra%20uma%20poderosa%20e%20implac%c3%a1vel%20intelig%c3%aancia%20artificial%20conhecida%20apenas%20como%20Mrs.%20Davis.%20Ao%20seu%20lado%20est%c3%a1%20Wiley%20(Jake%20McDorman%2c%20de%20Limitless)%2c%20uma%20pessoa%20do%20passado%20de%20Simone%20que%20tem%20um%20problema%20pessoal%20contra%20o%20algoritmo.&amp;fanart=https%3a%2f%2fwww.themoviedb.org%2ft%2fp%2foriginal%2fnA2sIDVxE6kcCPND0l5leTdodI5.jpg&amp;iconimage=https%3a%2f%2fwww.themoviedb.org%2ft%2fp%2fw600_and_h900_bestv2%2ftMr3mFACLuL4J7AEj8yDwcf5rnr.jpg&amp;mediatype=tvshow&amp;name=Mrs.%20Davis%20(2023)&amp;originaltitle=Mrs.%20Davis&amp;video_id=197548&amp;video_title=Mrs.%20Davis&amp;year=2023&quot;,return)</favourite>
</favourites>