<favourites>
	
	
<favourite name="shiuk" thumb="https://cdn-icons-png.flaticon.com/512/3800/3800088.png" fanart="https://www.techybugz.com/wp-content/uploads/2018/04/F4M-Tester-Kodi-Add-On-1000x600.jpg">ActivateWindow(videos,&quot;plugin://plugin.video.f4mTester/?name=LISTA+10&amp;action=playlist&amp;url=https%3A%2F%2Fcarijo.art%2Fssiptv%2Fget%2F0429700169%2F2804007902%2Flist_lives%2F&quot;,return)</favourite>
<favourite name="shiuk" thumb="https://cdn-icons-png.flaticon.com/512/3800/3800088.png" fanart="https://www.techybugz.com/wp-content/uploads/2018/04/F4M-Tester-Kodi-Add-On-1000x600.jpg">ActivateWindow(videos,&quot;plugin://plugin.video.f4mTester/?name=LISTA+10&amp;action=playlist&amp;url=https%3A%2F%2Fcarijo.art%2Fssiptv%2Fget%2F057492104%2F745284648%2Flist_lives%2F&quot;,return)</favourite>
<favourite name="shiuk" thumb="https://cdn-icons-png.flaticon.com/512/3800/3800088.png" fanart="https://www.techybugz.com/wp-content/uploads/2018/04/F4M-Tester-Kodi-Add-On-1000x600.jpg">ActivateWindow(videos,&quot;plugin://plugin.video.f4mTester/?name=LISTA+10&amp;action=playlist&amp;url=https%3A%2F%2Fcarijo.art%2Fssiptv%2Fget%2F0895812957%2F1822384546%2Flist_lives%2F&quot;,return)</favourite>
<favourite name="shiuk" thumb="https://cdn-icons-png.flaticon.com/512/3800/3800088.png" fanart="https://www.techybugz.com/wp-content/uploads/2018/04/F4M-Tester-Kodi-Add-On-1000x600.jpg">ActivateWindow(videos,&quot;plugin://plugin.video.f4mTester/?name=LISTA+10&amp;action=playlist&amp;url=https%3A%2F%2Fcarijo.art%2Fssiptv%2Fget%2F1023838369%2F6144765464%2Flist_lives%2F&quot;,return)</favourite>
<favourite name="shiuk" thumb="https://cdn-icons-png.flaticon.com/512/3800/3800088.png" fanart="https://www.techybugz.com/wp-content/uploads/2018/04/F4M-Tester-Kodi-Add-On-1000x600.jpg">ActivateWindow(videos,&quot;plugin://plugin.video.f4mTester/?name=LISTA+10&amp;action=playlist&amp;url=https%3A%2F%2Fcarijo.art%2Fssiptv%2Fget%2F11032021%2F21971307394%2Flist_lives%2F&quot;,return)</favourite>
<favourite name="shiuk" thumb="https://cdn-icons-png.flaticon.com/512/3800/3800088.png" fanart="https://www.techybugz.com/wp-content/uploads/2018/04/F4M-Tester-Kodi-Add-On-1000x600.jpg">ActivateWindow(videos,&quot;plugin://plugin.video.f4mTester/?name=LISTA+10&amp;action=playlist&amp;url=https%3A%2F%2Fcarijo.art%2Fssiptv%2Fget%2F11495186%2F22725617%2Flist_lives%2F&quot;,return)</favourite>
<favourite name="shiuk" thumb="https://cdn-icons-png.flaticon.com/512/3800/3800088.png" fanart="https://www.techybugz.com/wp-content/uploads/2018/04/F4M-Tester-Kodi-Add-On-1000x600.jpg">ActivateWindow(videos,&quot;plugin://plugin.video.f4mTester/?name=LISTA+10&amp;action=playlist&amp;url=https%3A%2F%2Fcarijo.art%2Fssiptv%2Fget%2F11947256195%2F47256195%40%2Flist_lives%2F&quot;,return)</favourite>
<favourite name="shiuk" thumb="https://cdn-icons-png.flaticon.com/512/3800/3800088.png" fanart="https://www.techybugz.com/wp-content/uploads/2018/04/F4M-Tester-Kodi-Add-On-1000x600.jpg">ActivateWindow(videos,&quot;plugin://plugin.video.f4mTester/?name=LISTA+10&amp;action=playlist&amp;url=https%3A%2F%2Fcarijo.art%2Fssiptv%2Fget%2F1234567%2F1234567%2Flist_lives%2F&quot;,return)</favourite>
<favourite name="shiuk" thumb="https://cdn-icons-png.flaticon.com/512/3800/3800088.png" fanart="https://www.techybugz.com/wp-content/uploads/2018/04/F4M-Tester-Kodi-Add-On-1000x600.jpg">ActivateWindow(videos,&quot;plugin://plugin.video.f4mTester/?name=LISTA+10&amp;action=playlist&amp;url=https%3A%2F%2Fcarijo.art%2Fssiptv%2Fget%2F12345678%2F87654321%2Flist_lives%2F&quot;,return)</favourite>
<favourite name="shiuk" thumb="https://cdn-icons-png.flaticon.com/512/3800/3800088.png" fanart="https://www.techybugz.com/wp-content/uploads/2018/04/F4M-Tester-Kodi-Add-On-1000x600.jpg">ActivateWindow(videos,&quot;plugin://plugin.video.f4mTester/?name=LISTA+10&amp;action=playlist&amp;url=https%3A%2F%2Fcarijo.art%2Fssiptv%2Fget%2F13476812%2F36249373%2Flist_lives%2F&quot;,return)</favourite>
<favourite name="shiuk" thumb="https://cdn-icons-png.flaticon.com/512/3800/3800088.png" fanart="https://www.techybugz.com/wp-content/uploads/2018/04/F4M-Tester-Kodi-Add-On-1000x600.jpg">ActivateWindow(videos,&quot;plugin://plugin.video.f4mTester/?name=LISTA+10&amp;action=playlist&amp;url=https%3A%2F%2Fcarijo.art%2Fssiptv%2Fget%2F13681423%2F44188564%2Flist_lives%2F&quot;,return)</favourite>
<favourite name="shiuk" thumb="https://cdn-icons-png.flaticon.com/512/3800/3800088.png" fanart="https://www.techybugz.com/wp-content/uploads/2018/04/F4M-Tester-Kodi-Add-On-1000x600.jpg">ActivateWindow(videos,&quot;plugin://plugin.video.f4mTester/?name=LISTA+10&amp;action=playlist&amp;url=https%3A%2F%2Fcarijo.art%2Fssiptv%2Fget%2F14456359%2F37665248%2Flist_lives%2F&quot;,return)</favourite>
<favourite name="shiuk" thumb="https://cdn-icons-png.flaticon.com/512/3800/3800088.png" fanart="https://www.techybugz.com/wp-content/uploads/2018/04/F4M-Tester-Kodi-Add-On-1000x600.jpg">ActivateWindow(videos,&quot;plugin://plugin.video.f4mTester/?name=LISTA+10&amp;action=playlist&amp;url=https%3A%2F%2Fcarijo.art%2Fssiptv%2Fget%2F15346682%2F99616157%2Flist_lives%2F&quot;,return)</favourite>
<favourite name="shiuk" thumb="https://cdn-icons-png.flaticon.com/512/3800/3800088.png" fanart="https://www.techybugz.com/wp-content/uploads/2018/04/F4M-Tester-Kodi-Add-On-1000x600.jpg">ActivateWindow(videos,&quot;plugin://plugin.video.f4mTester/?name=LISTA+10&amp;action=playlist&amp;url=https%3A%2F%2Fcarijo.art%2Fssiptv%2Fget%2F15473242%2F42633899%2Flist_lives%2F&quot;,return)</favourite>
<favourite name="shiuk" thumb="https://cdn-icons-png.flaticon.com/512/3800/3800088.png" fanart="https://www.techybugz.com/wp-content/uploads/2018/04/F4M-Tester-Kodi-Add-On-1000x600.jpg">ActivateWindow(videos,&quot;plugin://plugin.video.f4mTester/?name=LISTA+10&amp;action=playlist&amp;url=https%3A%2F%2Fcarijo.art%2Fssiptv%2Fget%2F15604889%2F05800449%2Flist_lives%2F&quot;,return)</favourite>
<favourite name="shiuk" thumb="https://cdn-icons-png.flaticon.com/512/3800/3800088.png" fanart="https://www.techybugz.com/wp-content/uploads/2018/04/F4M-Tester-Kodi-Add-On-1000x600.jpg">ActivateWindow(videos,&quot;plugin://plugin.video.f4mTester/?name=LISTA+10&amp;action=playlist&amp;url=https%3A%2F%2Fcarijo.art%2Fssiptv%2Fget%2F1586634467%2F3033352259%2Flist_lives%2F&quot;,return)</favourite>
<favourite name="shiuk" thumb="https://cdn-icons-png.flaticon.com/512/3800/3800088.png" fanart="https://www.techybugz.com/wp-content/uploads/2018/04/F4M-Tester-Kodi-Add-On-1000x600.jpg">ActivateWindow(videos,&quot;plugin://plugin.video.f4mTester/?name=LISTA+10&amp;action=playlist&amp;url=https%3A%2F%2Fcarijo.art%2Fssiptv%2Fget%2F16761942%2F38563681%2Flist_lives%2F&quot;,return)</favourite>
<favourite name="shiuk" thumb="https://cdn-icons-png.flaticon.com/512/3800/3800088.png" fanart="https://www.techybugz.com/wp-content/uploads/2018/04/F4M-Tester-Kodi-Add-On-1000x600.jpg">ActivateWindow(videos,&quot;plugin://plugin.video.f4mTester/?name=LISTA+10&amp;action=playlist&amp;url=https%3A%2F%2Fcarijo.art%2Fssiptv%2Fget%2F16829935%2F51332549%2Flist_lives%2F&quot;,return)</favourite>
<favourite name="shiuk" thumb="https://cdn-icons-png.flaticon.com/512/3800/3800088.png" fanart="https://www.techybugz.com/wp-content/uploads/2018/04/F4M-Tester-Kodi-Add-On-1000x600.jpg">ActivateWindow(videos,&quot;plugin://plugin.video.f4mTester/?name=LISTA+10&amp;action=playlist&amp;url=https%3A%2F%2Fcarijo.art%2Fssiptv%2Fget%2F17041956%2F9837472%2Flist_lives%2F&quot;,return)</favourite>
<favourite name="shiuk" thumb="https://cdn-icons-png.flaticon.com/512/3800/3800088.png" fanart="https://www.techybugz.com/wp-content/uploads/2018/04/F4M-Tester-Kodi-Add-On-1000x600.jpg">ActivateWindow(videos,&quot;plugin://plugin.video.f4mTester/?name=LISTA+10&amp;action=playlist&amp;url=https%3A%2F%2Fcarijo.art%2Fssiptv%2Fget%2F17686563%2F12589377%2Flist_lives%2F&quot;,return)</favourite>
<favourite name="shiuk" thumb="https://cdn-icons-png.flaticon.com/512/3800/3800088.png" fanart="https://www.techybugz.com/wp-content/uploads/2018/04/F4M-Tester-Kodi-Add-On-1000x600.jpg">ActivateWindow(videos,&quot;plugin://plugin.video.f4mTester/?name=LISTA+10&amp;action=playlist&amp;url=https%3A%2F%2Fcarijo.art%2Fssiptv%2Fget%2F17953121%2F16384922%2Flist_lives%2F&quot;,return)</favourite>
<favourite name="shiuk" thumb="https://cdn-icons-png.flaticon.com/512/3800/3800088.png" fanart="https://www.techybugz.com/wp-content/uploads/2018/04/F4M-Tester-Kodi-Add-On-1000x600.jpg">ActivateWindow(videos,&quot;plugin://plugin.video.f4mTester/?name=LISTA+10&amp;action=playlist&amp;url=https%3A%2F%2Fcarijo.art%2Fssiptv%2Fget%2F18356717%2F53767958%2Flist_lives%2F&quot;,return)</favourite>
<favourite name="shiuk" thumb="https://cdn-icons-png.flaticon.com/512/3800/3800088.png" fanart="https://www.techybugz.com/wp-content/uploads/2018/04/F4M-Tester-Kodi-Add-On-1000x600.jpg">ActivateWindow(videos,&quot;plugin://plugin.video.f4mTester/?name=LISTA+10&amp;action=playlist&amp;url=https%3A%2F%2Fcarijo.art%2Fssiptv%2Fget%2F19172668%2F33985234%2Flist_lives%2F&quot;,return)</favourite>
<favourite name="shiuk" thumb="https://cdn-icons-png.flaticon.com/512/3800/3800088.png" fanart="https://www.techybugz.com/wp-content/uploads/2018/04/F4M-Tester-Kodi-Add-On-1000x600.jpg">ActivateWindow(videos,&quot;plugin://plugin.video.f4mTester/?name=LISTA+10&amp;action=playlist&amp;url=https%3A%2F%2Fcarijo.art%2Fssiptv%2Fget%2F20016788%2F15962426%2Flist_lives%2F&quot;,return)</favourite>
<favourite name="shiuk" thumb="https://cdn-icons-png.flaticon.com/512/3800/3800088.png" fanart="https://www.techybugz.com/wp-content/uploads/2018/04/F4M-Tester-Kodi-Add-On-1000x600.jpg">ActivateWindow(videos,&quot;plugin://plugin.video.f4mTester/?name=LISTA+10&amp;action=playlist&amp;url=https%3A%2F%2Fcarijo.art%2Fssiptv%2Fget%2F2046789033%2F97543204699%2Flist_lives%2F&quot;,return)</favourite>
<favourite name="shiuk" thumb="https://cdn-icons-png.flaticon.com/512/3800/3800088.png" fanart="https://www.techybugz.com/wp-content/uploads/2018/04/F4M-Tester-Kodi-Add-On-1000x600.jpg">ActivateWindow(videos,&quot;plugin://plugin.video.f4mTester/?name=LISTA+10&amp;action=playlist&amp;url=https%3A%2F%2Fcarijo.art%2Fssiptv%2Fget%2F2302712050%2F2053588123%2Flist_lives%2F&quot;,return)</favourite>
<favourite name="shiuk" thumb="https://cdn-icons-png.flaticon.com/512/3800/3800088.png" fanart="https://www.techybugz.com/wp-content/uploads/2018/04/F4M-Tester-Kodi-Add-On-1000x600.jpg">ActivateWindow(videos,&quot;plugin://plugin.video.f4mTester/?name=LISTA+10&amp;action=playlist&amp;url=https%3A%2F%2Fcarijo.art%2Fssiptv%2Fget%2F2marcos2020%2F2marcos101212a%2Flist_lives%2F&quot;,return)</favourite>
<favourite name="shiuk" thumb="https://cdn-icons-png.flaticon.com/512/3800/3800088.png" fanart="https://www.techybugz.com/wp-content/uploads/2018/04/F4M-Tester-Kodi-Add-On-1000x600.jpg">ActivateWindow(videos,&quot;plugin://plugin.video.f4mTester/?name=LISTA+10&amp;action=playlist&amp;url=https%3A%2F%2Fcarijo.art%2Fssiptv%2Fget%2F31272884%2F77388779%2Flist_lives%2F&quot;,return)</favourite>
<favourite name="shiuk" thumb="https://cdn-icons-png.flaticon.com/512/3800/3800088.png" fanart="https://www.techybugz.com/wp-content/uploads/2018/04/F4M-Tester-Kodi-Add-On-1000x600.jpg">ActivateWindow(videos,&quot;plugin://plugin.video.f4mTester/?name=LISTA+10&amp;action=playlist&amp;url=https%3A%2F%2Fcarijo.art%2Fssiptv%2Fget%2F3240525702%2F0507669946%2Flist_lives%2F&quot;,return)</favourite>
<favourite name="shiuk" thumb="https://cdn-icons-png.flaticon.com/512/3800/3800088.png" fanart="https://www.techybugz.com/wp-content/uploads/2018/04/F4M-Tester-Kodi-Add-On-1000x600.jpg">ActivateWindow(videos,&quot;plugin://plugin.video.f4mTester/?name=LISTA+10&amp;action=playlist&amp;url=https%3A%2F%2Fcarijo.art%2Fssiptv%2Fget%2F378976183839%2F183839291018710%2Flist_lives%2F&quot;,return)</favourite>
<favourite name="shiuk" thumb="https://cdn-icons-png.flaticon.com/512/3800/3800088.png" fanart="https://www.techybugz.com/wp-content/uploads/2018/04/F4M-Tester-Kodi-Add-On-1000x600.jpg">ActivateWindow(videos,&quot;plugin://plugin.video.f4mTester/?name=LISTA+10&amp;action=playlist&amp;url=https%3A%2F%2Fcarijo.art%2Fssiptv%2Fget%2F379817644872%2F323022836629%2Flist_lives%2F&quot;,return)</favourite>
<favourite name="shiuk" thumb="https://cdn-icons-png.flaticon.com/512/3800/3800088.png" fanart="https://www.techybugz.com/wp-content/uploads/2018/04/F4M-Tester-Kodi-Add-On-1000x600.jpg">ActivateWindow(videos,&quot;plugin://plugin.video.f4mTester/?name=LISTA+10&amp;action=playlist&amp;url=https%3A%2F%2Fcarijo.art%2Fssiptv%2Fget%2F3898174971%2F174971%40%2Flist_lives%2F&quot;,return)</favourite>
<favourite name="shiuk" thumb="https://cdn-icons-png.flaticon.com/512/3800/3800088.png" fanart="https://www.techybugz.com/wp-content/uploads/2018/04/F4M-Tester-Kodi-Add-On-1000x600.jpg">ActivateWindow(videos,&quot;plugin://plugin.video.f4mTester/?name=LISTA+10&amp;action=playlist&amp;url=https%3A%2F%2Fcarijo.art%2Fssiptv%2Fget%2F39331144%2F91685647%2Flist_lives%2F&quot;,return)</favourite>
<favourite name="shiuk" thumb="https://cdn-icons-png.flaticon.com/512/3800/3800088.png" fanart="https://www.techybugz.com/wp-content/uploads/2018/04/F4M-Tester-Kodi-Add-On-1000x600.jpg">ActivateWindow(videos,&quot;plugin://plugin.video.f4mTester/?name=LISTA+10&amp;action=playlist&amp;url=https%3A%2F%2Fcarijo.art%2Fssiptv%2Fget%2F39752749%2F98449688%2Flist_lives%2F&quot;,return)</favourite>
<favourite name="shiuk" thumb="https://cdn-icons-png.flaticon.com/512/3800/3800088.png" fanart="https://www.techybugz.com/wp-content/uploads/2018/04/F4M-Tester-Kodi-Add-On-1000x600.jpg">ActivateWindow(videos,&quot;plugin://plugin.video.f4mTester/?name=LISTA+10&amp;action=playlist&amp;url=https%3A%2F%2Fcarijo.art%2Fssiptv%2Fget%2F397549705101138%2F62885852658%2Flist_lives%2F&quot;,return)</favourite>
<favourite name="shiuk" thumb="https://cdn-icons-png.flaticon.com/512/3800/3800088.png" fanart="https://www.techybugz.com/wp-content/uploads/2018/04/F4M-Tester-Kodi-Add-On-1000x600.jpg">ActivateWindow(videos,&quot;plugin://plugin.video.f4mTester/?name=LISTA+10&amp;action=playlist&amp;url=https%3A%2F%2Fcarijo.art%2Fssiptv%2Fget%2F39754971245%2F459754971299%2Flist_lives%2F&quot;,return)</favourite>
<favourite name="shiuk" thumb="https://cdn-icons-png.flaticon.com/512/3800/3800088.png" fanart="https://www.techybugz.com/wp-content/uploads/2018/04/F4M-Tester-Kodi-Add-On-1000x600.jpg">ActivateWindow(videos,&quot;plugin://plugin.video.f4mTester/?name=LISTA+10&amp;action=playlist&amp;url=https%3A%2F%2Fcarijo.art%2Fssiptv%2Fget%2F39754971550%2F39754975013%2Flist_lives%2F&quot;,return)</favourite>
<favourite name="shiuk" thumb="https://cdn-icons-png.flaticon.com/512/3800/3800088.png" fanart="https://www.techybugz.com/wp-content/uploads/2018/04/F4M-Tester-Kodi-Add-On-1000x600.jpg">ActivateWindow(videos,&quot;plugin://plugin.video.f4mTester/?name=LISTA+10&amp;action=playlist&amp;url=https%3A%2F%2Fcarijo.art%2Fssiptv%2Fget%2F39754972323%2F232397549797%2Flist_lives%2F&quot;,return)</favourite>
<favourite name="shiuk" thumb="https://cdn-icons-png.flaticon.com/512/3800/3800088.png" fanart="https://www.techybugz.com/wp-content/uploads/2018/04/F4M-Tester-Kodi-Add-On-1000x600.jpg">ActivateWindow(videos,&quot;plugin://plugin.video.f4mTester/?name=LISTA+10&amp;action=playlist&amp;url=https%3A%2F%2Fcarijo.art%2Fssiptv%2Fget%2F397549763256%2F39754971350%2Flist_lives%2F&quot;,return)</favourite>
<favourite name="shiuk" thumb="https://cdn-icons-png.flaticon.com/512/3800/3800088.png" fanart="https://www.techybugz.com/wp-content/uploads/2018/04/F4M-Tester-Kodi-Add-On-1000x600.jpg">ActivateWindow(videos,&quot;plugin://plugin.video.f4mTester/?name=LISTA+10&amp;action=playlist&amp;url=https%3A%2F%2Fcarijo.art%2Fssiptv%2Fget%2F39754978364%2F64652574735%2Flist_lives%2F&quot;,return)</favourite>
<favourite name="shiuk" thumb="https://cdn-icons-png.flaticon.com/512/3800/3800088.png" fanart="https://www.techybugz.com/wp-content/uploads/2018/04/F4M-Tester-Kodi-Add-On-1000x600.jpg">ActivateWindow(videos,&quot;plugin://plugin.video.f4mTester/?name=LISTA+10&amp;action=playlist&amp;url=https%3A%2F%2Fcarijo.art%2Fssiptv%2Fget%2F412236910385%2F109061084240%2Flist_lives%2F&quot;,return)</favourite>
<favourite name="shiuk" thumb="https://cdn-icons-png.flaticon.com/512/3800/3800088.png" fanart="https://www.techybugz.com/wp-content/uploads/2018/04/F4M-Tester-Kodi-Add-On-1000x600.jpg">ActivateWindow(videos,&quot;plugin://plugin.video.f4mTester/?name=LISTA+10&amp;action=playlist&amp;url=https%3A%2F%2Fcarijo.art%2Fssiptv%2Fget%2F41882237%2F83811154%2Flist_lives%2F&quot;,return)</favourite>
<favourite name="shiuk" thumb="https://cdn-icons-png.flaticon.com/512/3800/3800088.png" fanart="https://www.techybugz.com/wp-content/uploads/2018/04/F4M-Tester-Kodi-Add-On-1000x600.jpg">ActivateWindow(videos,&quot;plugin://plugin.video.f4mTester/?name=LISTA+10&amp;action=playlist&amp;url=https%3A%2F%2Fcarijo.art%2Fssiptv%2Fget%2F43597553%2F63321354%2Flist_lives%2F&quot;,return)</favourite>
<favourite name="shiuk" thumb="https://cdn-icons-png.flaticon.com/512/3800/3800088.png" fanart="https://www.techybugz.com/wp-content/uploads/2018/04/F4M-Tester-Kodi-Add-On-1000x600.jpg">ActivateWindow(videos,&quot;plugin://plugin.video.f4mTester/?name=LISTA+10&amp;action=playlist&amp;url=https%3A%2F%2Fcarijo.art%2Fssiptv%2Fget%2F456710242%2F891053262%2Flist_lives%2F&quot;,return)</favourite>
<favourite name="shiuk" thumb="https://cdn-icons-png.flaticon.com/512/3800/3800088.png" fanart="https://www.techybugz.com/wp-content/uploads/2018/04/F4M-Tester-Kodi-Add-On-1000x600.jpg">ActivateWindow(videos,&quot;plugin://plugin.video.f4mTester/?name=LISTA+10&amp;action=playlist&amp;url=https%3A%2F%2Fcarijo.art%2Fssiptv%2Fget%2F4593105405%2F9563297035%2Flist_lives%2F&quot;,return)</favourite>
<favourite name="shiuk" thumb="https://cdn-icons-png.flaticon.com/512/3800/3800088.png" fanart="https://www.techybugz.com/wp-content/uploads/2018/04/F4M-Tester-Kodi-Add-On-1000x600.jpg">ActivateWindow(videos,&quot;plugin://plugin.video.f4mTester/?name=LISTA+10&amp;action=playlist&amp;url=https%3A%2F%2Fcarijo.art%2Fssiptv%2Fget%2F46684313%2F42152455%2Flist_lives%2F&quot;,return)</favourite>
<favourite name="shiuk" thumb="https://cdn-icons-png.flaticon.com/512/3800/3800088.png" fanart="https://www.techybugz.com/wp-content/uploads/2018/04/F4M-Tester-Kodi-Add-On-1000x600.jpg">ActivateWindow(videos,&quot;plugin://plugin.video.f4mTester/?name=LISTA+10&amp;action=playlist&amp;url=https%3A%2F%2Fcarijo.art%2Fssiptv%2Fget%2F47284748852%2F472749191849%2Flist_lives%2F&quot;,return)</favourite>
<favourite name="shiuk" thumb="https://cdn-icons-png.flaticon.com/512/3800/3800088.png" fanart="https://www.techybugz.com/wp-content/uploads/2018/04/F4M-Tester-Kodi-Add-On-1000x600.jpg">ActivateWindow(videos,&quot;plugin://plugin.video.f4mTester/?name=LISTA+10&amp;action=playlist&amp;url=https%3A%2F%2Fcarijo.art%2Fssiptv%2Fget%2F4848264838%2F4748362728%2Flist_lives%2F&quot;,return)</favourite>
<favourite name="shiuk" thumb="https://cdn-icons-png.flaticon.com/512/3800/3800088.png" fanart="https://www.techybugz.com/wp-content/uploads/2018/04/F4M-Tester-Kodi-Add-On-1000x600.jpg">ActivateWindow(videos,&quot;plugin://plugin.video.f4mTester/?name=LISTA+10&amp;action=playlist&amp;url=https%3A%2F%2Fcarijo.art%2Fssiptv%2Fget%2F4875457866%2F2985446668%2Flist_lives%2F&quot;,return)</favourite>
<favourite name="shiuk" thumb="https://cdn-icons-png.flaticon.com/512/3800/3800088.png" fanart="https://www.techybugz.com/wp-content/uploads/2018/04/F4M-Tester-Kodi-Add-On-1000x600.jpg">ActivateWindow(videos,&quot;plugin://plugin.video.f4mTester/?name=LISTA+10&amp;action=playlist&amp;url=https%3A%2F%2Fcarijo.art%2Fssiptv%2Fget%2F49058482%2F574893738%2Flist_lives%2F&quot;,return)</favourite>
<favourite name="shiuk" thumb="https://cdn-icons-png.flaticon.com/512/3800/3800088.png" fanart="https://www.techybugz.com/wp-content/uploads/2018/04/F4M-Tester-Kodi-Add-On-1000x600.jpg">ActivateWindow(videos,&quot;plugin://plugin.video.f4mTester/?name=LISTA+10&amp;action=playlist&amp;url=https%3A%2F%2Fcarijo.art%2Fssiptv%2Fget%2F51457937%2F32384461%2Flist_lives%2F&quot;,return)</favourite>
<favourite name="shiuk" thumb="https://cdn-icons-png.flaticon.com/512/3800/3800088.png" fanart="https://www.techybugz.com/wp-content/uploads/2018/04/F4M-Tester-Kodi-Add-On-1000x600.jpg">ActivateWindow(videos,&quot;plugin://plugin.video.f4mTester/?name=LISTA+10&amp;action=playlist&amp;url=https%3A%2F%2Fcarijo.art%2Fssiptv%2Fget%2F515286157099%2F503085442676%2Flist_lives%2F&quot;,return)</favourite>
<favourite name="shiuk" thumb="https://cdn-icons-png.flaticon.com/512/3800/3800088.png" fanart="https://www.techybugz.com/wp-content/uploads/2018/04/F4M-Tester-Kodi-Add-On-1000x600.jpg">ActivateWindow(videos,&quot;plugin://plugin.video.f4mTester/?name=LISTA+10&amp;action=playlist&amp;url=https%3A%2F%2Fcarijo.art%2Fssiptv%2Fget%2F51764185%2F73735141%2Flist_lives%2F&quot;,return)</favourite>
<favourite name="shiuk" thumb="https://cdn-icons-png.flaticon.com/512/3800/3800088.png" fanart="https://www.techybugz.com/wp-content/uploads/2018/04/F4M-Tester-Kodi-Add-On-1000x600.jpg">ActivateWindow(videos,&quot;plugin://plugin.video.f4mTester/?name=LISTA+10&amp;action=playlist&amp;url=https%3A%2F%2Fcarijo.art%2Fssiptv%2Fget%2F52385238%2F73982135%2Flist_lives%2F&quot;,return)</favourite>
<favourite name="shiuk" thumb="https://cdn-icons-png.flaticon.com/512/3800/3800088.png" fanart="https://www.techybugz.com/wp-content/uploads/2018/04/F4M-Tester-Kodi-Add-On-1000x600.jpg">ActivateWindow(videos,&quot;plugin://plugin.video.f4mTester/?name=LISTA+10&amp;action=playlist&amp;url=https%3A%2F%2Fcarijo.art%2Fssiptv%2Fget%2F537747658%2F857747858%2Flist_lives%2F&quot;,return)</favourite>
<favourite name="shiuk" thumb="https://cdn-icons-png.flaticon.com/512/3800/3800088.png" fanart="https://www.techybugz.com/wp-content/uploads/2018/04/F4M-Tester-Kodi-Add-On-1000x600.jpg">ActivateWindow(videos,&quot;plugin://plugin.video.f4mTester/?name=LISTA+10&amp;action=playlist&amp;url=https%3A%2F%2Fcarijo.art%2Fssiptv%2Fget%2F5381496936092%2F434097%2Flist_lives%2F&quot;,return)</favourite>
<favourite name="shiuk" thumb="https://cdn-icons-png.flaticon.com/512/3800/3800088.png" fanart="https://www.techybugz.com/wp-content/uploads/2018/04/F4M-Tester-Kodi-Add-On-1000x600.jpg">ActivateWindow(videos,&quot;plugin://plugin.video.f4mTester/?name=LISTA+10&amp;action=playlist&amp;url=https%3A%2F%2Fcarijo.art%2Fssiptv%2Fget%2F54329740853%2F241365834789%2Flist_lives%2F&quot;,return)</favourite>
<favourite name="shiuk" thumb="https://cdn-icons-png.flaticon.com/512/3800/3800088.png" fanart="https://www.techybugz.com/wp-content/uploads/2018/04/F4M-Tester-Kodi-Add-On-1000x600.jpg">ActivateWindow(videos,&quot;plugin://plugin.video.f4mTester/?name=LISTA+10&amp;action=playlist&amp;url=https%3A%2F%2Fcarijo.art%2Fssiptv%2Fget%2F54663957%2F72994666%2Flist_lives%2F&quot;,return)</favourite>
<favourite name="shiuk" thumb="https://cdn-icons-png.flaticon.com/512/3800/3800088.png" fanart="https://www.techybugz.com/wp-content/uploads/2018/04/F4M-Tester-Kodi-Add-On-1000x600.jpg">ActivateWindow(videos,&quot;plugin://plugin.video.f4mTester/?name=LISTA+10&amp;action=playlist&amp;url=https%3A%2F%2Fcarijo.art%2Fssiptv%2Fget%2F55898426%2F36613273%2Flist_lives%2F&quot;,return)</favourite>
<favourite name="shiuk" thumb="https://cdn-icons-png.flaticon.com/512/3800/3800088.png" fanart="https://www.techybugz.com/wp-content/uploads/2018/04/F4M-Tester-Kodi-Add-On-1000x600.jpg">ActivateWindow(videos,&quot;plugin://plugin.video.f4mTester/?name=LISTA+10&amp;action=playlist&amp;url=https%3A%2F%2Fcarijo.art%2Fssiptv%2Fget%2F560649412511%2F121621343236%2Flist_lives%2F&quot;,return)</favourite>
<favourite name="shiuk" thumb="https://cdn-icons-png.flaticon.com/512/3800/3800088.png" fanart="https://www.techybugz.com/wp-content/uploads/2018/04/F4M-Tester-Kodi-Add-On-1000x600.jpg">ActivateWindow(videos,&quot;plugin://plugin.video.f4mTester/?name=LISTA+10&amp;action=playlist&amp;url=https%3A%2F%2Fcarijo.art%2Fssiptv%2Fget%2F562486828826%2F318520989207%2Flist_lives%2F&quot;,return)</favourite>
<favourite name="shiuk" thumb="https://cdn-icons-png.flaticon.com/512/3800/3800088.png" fanart="https://www.techybugz.com/wp-content/uploads/2018/04/F4M-Tester-Kodi-Add-On-1000x600.jpg">ActivateWindow(videos,&quot;plugin://plugin.video.f4mTester/?name=LISTA+10&amp;action=playlist&amp;url=https%3A%2F%2Fcarijo.art%2Fssiptv%2Fget%2F56339198%2F36659186%2Flist_lives%2F&quot;,return)</favourite>
<favourite name="shiuk" thumb="https://cdn-icons-png.flaticon.com/512/3800/3800088.png" fanart="https://www.techybugz.com/wp-content/uploads/2018/04/F4M-Tester-Kodi-Add-On-1000x600.jpg">ActivateWindow(videos,&quot;plugin://plugin.video.f4mTester/?name=LISTA+10&amp;action=playlist&amp;url=https%3A%2F%2Fcarijo.art%2Fssiptv%2Fget%2F568646785467%2F074571357754j%2Flist_lives%2F&quot;,return)</favourite>
<favourite name="shiuk" thumb="https://cdn-icons-png.flaticon.com/512/3800/3800088.png" fanart="https://www.techybugz.com/wp-content/uploads/2018/04/F4M-Tester-Kodi-Add-On-1000x600.jpg">ActivateWindow(videos,&quot;plugin://plugin.video.f4mTester/?name=LISTA+10&amp;action=playlist&amp;url=https%3A%2F%2Fcarijo.art%2Fssiptv%2Fget%2F57218497%2F15167289%2Flist_lives%2F&quot;,return)</favourite>
<favourite name="shiuk" thumb="https://cdn-icons-png.flaticon.com/512/3800/3800088.png" fanart="https://www.techybugz.com/wp-content/uploads/2018/04/F4M-Tester-Kodi-Add-On-1000x600.jpg">ActivateWindow(videos,&quot;plugin://plugin.video.f4mTester/?name=LISTA+10&amp;action=playlist&amp;url=https%3A%2F%2Fcarijo.art%2Fssiptv%2Fget%2F576887%2F117657%2Flist_lives%2F&quot;,return)</favourite>
<favourite name="shiuk" thumb="https://cdn-icons-png.flaticon.com/512/3800/3800088.png" fanart="https://www.techybugz.com/wp-content/uploads/2018/04/F4M-Tester-Kodi-Add-On-1000x600.jpg">ActivateWindow(videos,&quot;plugin://plugin.video.f4mTester/?name=LISTA+10&amp;action=playlist&amp;url=https%3A%2F%2Fcarijo.art%2Fssiptv%2Fget%2F5879458458%2F47845812%2Flist_lives%2F&quot;,return)</favourite>
<favourite name="shiuk" thumb="https://cdn-icons-png.flaticon.com/512/3800/3800088.png" fanart="https://www.techybugz.com/wp-content/uploads/2018/04/F4M-Tester-Kodi-Add-On-1000x600.jpg">ActivateWindow(videos,&quot;plugin://plugin.video.f4mTester/?name=LISTA+10&amp;action=playlist&amp;url=https%3A%2F%2Fcarijo.art%2Fssiptv%2Fget%2F588666756%2F387545677%2Flist_lives%2F&quot;,return)</favourite>
<favourite name="shiuk" thumb="https://cdn-icons-png.flaticon.com/512/3800/3800088.png" fanart="https://www.techybugz.com/wp-content/uploads/2018/04/F4M-Tester-Kodi-Add-On-1000x600.jpg">ActivateWindow(videos,&quot;plugin://plugin.video.f4mTester/?name=LISTA+10&amp;action=playlist&amp;url=https%3A%2F%2Fcarijo.art%2Fssiptv%2Fget%2F59424387%2F19911363%2Flist_lives%2F&quot;,return)</favourite>
<favourite name="shiuk" thumb="https://cdn-icons-png.flaticon.com/512/3800/3800088.png" fanart="https://www.techybugz.com/wp-content/uploads/2018/04/F4M-Tester-Kodi-Add-On-1000x600.jpg">ActivateWindow(videos,&quot;plugin://plugin.video.f4mTester/?name=LISTA+10&amp;action=playlist&amp;url=https%3A%2F%2Fcarijo.art%2Fssiptv%2Fget%2F597549710010935%2F423380673337%2Flist_lives%2F&quot;,return)</favourite>
<favourite name="shiuk" thumb="https://cdn-icons-png.flaticon.com/512/3800/3800088.png" fanart="https://www.techybugz.com/wp-content/uploads/2018/04/F4M-Tester-Kodi-Add-On-1000x600.jpg">ActivateWindow(videos,&quot;plugin://plugin.video.f4mTester/?name=LISTA+10&amp;action=playlist&amp;url=https%3A%2F%2Fcarijo.art%2Fssiptv%2Fget%2F597549710010957%2F569146106667%2Flist_lives%2F&quot;,return)</favourite>
<favourite name="shiuk" thumb="https://cdn-icons-png.flaticon.com/512/3800/3800088.png" fanart="https://www.techybugz.com/wp-content/uploads/2018/04/F4M-Tester-Kodi-Add-On-1000x600.jpg">ActivateWindow(videos,&quot;plugin://plugin.video.f4mTester/?name=LISTA+10&amp;action=playlist&amp;url=https%3A%2F%2Fcarijo.art%2Fssiptv%2Fget%2F597549710011124%2F603663937588%2Flist_lives%2F&quot;,return)</favourite>
<favourite name="shiuk" thumb="https://cdn-icons-png.flaticon.com/512/3800/3800088.png" fanart="https://www.techybugz.com/wp-content/uploads/2018/04/F4M-Tester-Kodi-Add-On-1000x600.jpg">ActivateWindow(videos,&quot;plugin://plugin.video.f4mTester/?name=LISTA+10&amp;action=playlist&amp;url=https%3A%2F%2Fcarijo.art%2Fssiptv%2Fget%2F597549710020925%2F213258539979%2Flist_lives%2F&quot;,return)</favourite>
<favourite name="shiuk" thumb="https://cdn-icons-png.flaticon.com/512/3800/3800088.png" fanart="https://www.techybugz.com/wp-content/uploads/2018/04/F4M-Tester-Kodi-Add-On-1000x600.jpg">ActivateWindow(videos,&quot;plugin://plugin.video.f4mTester/?name=LISTA+10&amp;action=playlist&amp;url=https%3A%2F%2Fcarijo.art%2Fssiptv%2Fget%2F597549710030917%2F124745203666%2Flist_lives%2F&quot;,return)</favourite>
<favourite name="shiuk" thumb="https://cdn-icons-png.flaticon.com/512/3800/3800088.png" fanart="https://www.techybugz.com/wp-content/uploads/2018/04/F4M-Tester-Kodi-Add-On-1000x600.jpg">ActivateWindow(videos,&quot;plugin://plugin.video.f4mTester/?name=LISTA+10&amp;action=playlist&amp;url=https%3A%2F%2Fcarijo.art%2Fssiptv%2Fget%2F597549710051040%2F365427402547%2Flist_lives%2F&quot;,return)</favourite>
<favourite name="shiuk" thumb="https://cdn-icons-png.flaticon.com/512/3800/3800088.png" fanart="https://www.techybugz.com/wp-content/uploads/2018/04/F4M-Tester-Kodi-Add-On-1000x600.jpg">ActivateWindow(videos,&quot;plugin://plugin.video.f4mTester/?name=LISTA+10&amp;action=playlist&amp;url=https%3A%2F%2Fcarijo.art%2Fssiptv%2Fget%2F597549710081330%2F327615130476%2Flist_lives%2F&quot;,return)</favourite>
<favourite name="shiuk" thumb="https://cdn-icons-png.flaticon.com/512/3800/3800088.png" fanart="https://www.techybugz.com/wp-content/uploads/2018/04/F4M-Tester-Kodi-Add-On-1000x600.jpg">ActivateWindow(videos,&quot;plugin://plugin.video.f4mTester/?name=LISTA+10&amp;action=playlist&amp;url=https%3A%2F%2Fcarijo.art%2Fssiptv%2Fget%2F597549710092056%2F343474438666%2Flist_lives%2F&quot;,return)</favourite>
<favourite name="shiuk" thumb="https://cdn-icons-png.flaticon.com/512/3800/3800088.png" fanart="https://www.techybugz.com/wp-content/uploads/2018/04/F4M-Tester-Kodi-Add-On-1000x600.jpg">ActivateWindow(videos,&quot;plugin://plugin.video.f4mTester/?name=LISTA+10&amp;action=playlist&amp;url=https%3A%2F%2Fcarijo.art%2Fssiptv%2Fget%2F597549710210953%2F325397736397%2Flist_lives%2F&quot;,return)</favourite>
<favourite name="shiuk" thumb="https://cdn-icons-png.flaticon.com/512/3800/3800088.png" fanart="https://www.techybugz.com/wp-content/uploads/2018/04/F4M-Tester-Kodi-Add-On-1000x600.jpg">ActivateWindow(videos,&quot;plugin://plugin.video.f4mTester/?name=LISTA+10&amp;action=playlist&amp;url=https%3A%2F%2Fcarijo.art%2Fssiptv%2Fget%2F597549711081230%2F777401454376%2Flist_lives%2F&quot;,return)</favourite>
<favourite name="shiuk" thumb="https://cdn-icons-png.flaticon.com/512/3800/3800088.png" fanart="https://www.techybugz.com/wp-content/uploads/2018/04/F4M-Tester-Kodi-Add-On-1000x600.jpg">ActivateWindow(videos,&quot;plugin://plugin.video.f4mTester/?name=LISTA+10&amp;action=playlist&amp;url=https%3A%2F%2Fcarijo.art%2Fssiptv%2Fget%2F59754979231934%2F538612803021%2Flist_lives%2F&quot;,return)</favourite>
<favourite name="shiuk" thumb="https://cdn-icons-png.flaticon.com/512/3800/3800088.png" fanart="https://www.techybugz.com/wp-content/uploads/2018/04/F4M-Tester-Kodi-Add-On-1000x600.jpg">ActivateWindow(videos,&quot;plugin://plugin.video.f4mTester/?name=LISTA+10&amp;action=playlist&amp;url=https%3A%2F%2Fcarijo.art%2Fssiptv%2Fget%2F59754979261820%2F452074545447%2Flist_lives%2F&quot;,return)</favourite>
<favourite name="shiuk" thumb="https://cdn-icons-png.flaticon.com/512/3800/3800088.png" fanart="https://www.techybugz.com/wp-content/uploads/2018/04/F4M-Tester-Kodi-Add-On-1000x600.jpg">ActivateWindow(videos,&quot;plugin://plugin.video.f4mTester/?name=LISTA+10&amp;action=playlist&amp;url=https%3A%2F%2Fcarijo.art%2Fssiptv%2Fget%2F59754979270858%2F243036780754%2Flist_lives%2F&quot;,return)</favourite>
<favourite name="shiuk" thumb="https://cdn-icons-png.flaticon.com/512/3800/3800088.png" fanart="https://www.techybugz.com/wp-content/uploads/2018/04/F4M-Tester-Kodi-Add-On-1000x600.jpg">ActivateWindow(videos,&quot;plugin://plugin.video.f4mTester/?name=LISTA+10&amp;action=playlist&amp;url=https%3A%2F%2Fcarijo.art%2Fssiptv%2Fget%2F59754979292011%2F402435651710%2Flist_lives%2F&quot;,return)</favourite>
<favourite name="shiuk" thumb="https://cdn-icons-png.flaticon.com/512/3800/3800088.png" fanart="https://www.techybugz.com/wp-content/uploads/2018/04/F4M-Tester-Kodi-Add-On-1000x600.jpg">ActivateWindow(videos,&quot;plugin://plugin.video.f4mTester/?name=LISTA+10&amp;action=playlist&amp;url=https%3A%2F%2Fcarijo.art%2Fssiptv%2Fget%2F6128183609%2F1562676588%2Flist_lives%2F&quot;,return)</favourite>
<favourite name="shiuk" thumb="https://cdn-icons-png.flaticon.com/512/3800/3800088.png" fanart="https://www.techybugz.com/wp-content/uploads/2018/04/F4M-Tester-Kodi-Add-On-1000x600.jpg">ActivateWindow(videos,&quot;plugin://plugin.video.f4mTester/?name=LISTA+10&amp;action=playlist&amp;url=https%3A%2F%2Fcarijo.art%2Fssiptv%2Fget%2F62473975%2F96852656%2Flist_lives%2F&quot;,return)</favourite>
<favourite name="shiuk" thumb="https://cdn-icons-png.flaticon.com/512/3800/3800088.png" fanart="https://www.techybugz.com/wp-content/uploads/2018/04/F4M-Tester-Kodi-Add-On-1000x600.jpg">ActivateWindow(videos,&quot;plugin://plugin.video.f4mTester/?name=LISTA+10&amp;action=playlist&amp;url=https%3A%2F%2Fcarijo.art%2Fssiptv%2Fget%2F63782664825%2F84996972514%2Flist_lives%2F&quot;,return)</favourite>
<favourite name="shiuk" thumb="https://cdn-icons-png.flaticon.com/512/3800/3800088.png" fanart="https://www.techybugz.com/wp-content/uploads/2018/04/F4M-Tester-Kodi-Add-On-1000x600.jpg">ActivateWindow(videos,&quot;plugin://plugin.video.f4mTester/?name=LISTA+10&amp;action=playlist&amp;url=https%3A%2F%2Fcarijo.art%2Fssiptv%2Fget%2F63947182%2F34946915%2Flist_lives%2F&quot;,return)</favourite>
<favourite name="shiuk" thumb="https://cdn-icons-png.flaticon.com/512/3800/3800088.png" fanart="https://www.techybugz.com/wp-content/uploads/2018/04/F4M-Tester-Kodi-Add-On-1000x600.jpg">ActivateWindow(videos,&quot;plugin://plugin.video.f4mTester/?name=LISTA+10&amp;action=playlist&amp;url=https%3A%2F%2Fcarijo.art%2Fssiptv%2Fget%2F64214567%2F75325667%2Flist_lives%2F&quot;,return)</favourite>
<favourite name="shiuk" thumb="https://cdn-icons-png.flaticon.com/512/3800/3800088.png" fanart="https://www.techybugz.com/wp-content/uploads/2018/04/F4M-Tester-Kodi-Add-On-1000x600.jpg">ActivateWindow(videos,&quot;plugin://plugin.video.f4mTester/?name=LISTA+10&amp;action=playlist&amp;url=https%3A%2F%2Fcarijo.art%2Fssiptv%2Fget%2F64592691%2F48264425%2Flist_lives%2F&quot;,return)</favourite>
<favourite name="shiuk" thumb="https://cdn-icons-png.flaticon.com/512/3800/3800088.png" fanart="https://www.techybugz.com/wp-content/uploads/2018/04/F4M-Tester-Kodi-Add-On-1000x600.jpg">ActivateWindow(videos,&quot;plugin://plugin.video.f4mTester/?name=LISTA+10&amp;action=playlist&amp;url=https%3A%2F%2Fcarijo.art%2Fssiptv%2Fget%2F673652278439%2F073051856470%2Flist_lives%2F&quot;,return)</favourite>
<favourite name="shiuk" thumb="https://cdn-icons-png.flaticon.com/512/3800/3800088.png" fanart="https://www.techybugz.com/wp-content/uploads/2018/04/F4M-Tester-Kodi-Add-On-1000x600.jpg">ActivateWindow(videos,&quot;plugin://plugin.video.f4mTester/?name=LISTA+10&amp;action=playlist&amp;url=https%3A%2F%2Fcarijo.art%2Fssiptv%2Fget%2F69221514%2F95448155%2Flist_lives%2F&quot;,return)</favourite>
<favourite name="shiuk" thumb="https://cdn-icons-png.flaticon.com/512/3800/3800088.png" fanart="https://www.techybugz.com/wp-content/uploads/2018/04/F4M-Tester-Kodi-Add-On-1000x600.jpg">ActivateWindow(videos,&quot;plugin://plugin.video.f4mTester/?name=LISTA+10&amp;action=playlist&amp;url=https%3A%2F%2Fcarijo.art%2Fssiptv%2Fget%2F71423344%2F35644685%2Flist_lives%2F&quot;,return)</favourite>
<favourite name="shiuk" thumb="https://cdn-icons-png.flaticon.com/512/3800/3800088.png" fanart="https://www.techybugz.com/wp-content/uploads/2018/04/F4M-Tester-Kodi-Add-On-1000x600.jpg">ActivateWindow(videos,&quot;plugin://plugin.video.f4mTester/?name=LISTA+10&amp;action=playlist&amp;url=https%3A%2F%2Fcarijo.art%2Fssiptv%2Fget%2F72716375%2F75516139%2Flist_lives%2F&quot;,return)</favourite>
<favourite name="shiuk" thumb="https://cdn-icons-png.flaticon.com/512/3800/3800088.png" fanart="https://www.techybugz.com/wp-content/uploads/2018/04/F4M-Tester-Kodi-Add-On-1000x600.jpg">ActivateWindow(videos,&quot;plugin://plugin.video.f4mTester/?name=LISTA+10&amp;action=playlist&amp;url=https%3A%2F%2Fcarijo.art%2Fssiptv%2Fget%2F72746892%2F45783561%2Flist_lives%2F&quot;,return)</favourite>
<favourite name="shiuk" thumb="https://cdn-icons-png.flaticon.com/512/3800/3800088.png" fanart="https://www.techybugz.com/wp-content/uploads/2018/04/F4M-Tester-Kodi-Add-On-1000x600.jpg">ActivateWindow(videos,&quot;plugin://plugin.video.f4mTester/?name=LISTA+10&amp;action=playlist&amp;url=https%3A%2F%2Fcarijo.art%2Fssiptv%2Fget%2F73895861548%2F85862674825%2Flist_lives%2F&quot;,return)</favourite>
<favourite name="shiuk" thumb="https://cdn-icons-png.flaticon.com/512/3800/3800088.png" fanart="https://www.techybugz.com/wp-content/uploads/2018/04/F4M-Tester-Kodi-Add-On-1000x600.jpg">ActivateWindow(videos,&quot;plugin://plugin.video.f4mTester/?name=LISTA+10&amp;action=playlist&amp;url=https%3A%2F%2Fcarijo.art%2Fssiptv%2Fget%2F74379274%2F58744372%2Flist_lives%2F&quot;,return)</favourite>
<favourite name="shiuk" thumb="https://cdn-icons-png.flaticon.com/512/3800/3800088.png" fanart="https://www.techybugz.com/wp-content/uploads/2018/04/F4M-Tester-Kodi-Add-On-1000x600.jpg">ActivateWindow(videos,&quot;plugin://plugin.video.f4mTester/?name=LISTA+10&amp;action=playlist&amp;url=https%3A%2F%2Fcarijo.art%2Fssiptv%2Fget%2F7666401039%2F8575060044%2Flist_lives%2F&quot;,return)</favourite>
<favourite name="shiuk" thumb="https://cdn-icons-png.flaticon.com/512/3800/3800088.png" fanart="https://www.techybugz.com/wp-content/uploads/2018/04/F4M-Tester-Kodi-Add-On-1000x600.jpg">ActivateWindow(videos,&quot;plugin://plugin.video.f4mTester/?name=LISTA+10&amp;action=playlist&amp;url=https%3A%2F%2Fcarijo.art%2Fssiptv%2Fget%2F794453%2F972379%2Flist_lives%2F&quot;,return)</favourite>
<favourite name="shiuk" thumb="https://cdn-icons-png.flaticon.com/512/3800/3800088.png" fanart="https://www.techybugz.com/wp-content/uploads/2018/04/F4M-Tester-Kodi-Add-On-1000x600.jpg">ActivateWindow(videos,&quot;plugin://plugin.video.f4mTester/?name=LISTA+10&amp;action=playlist&amp;url=https%3A%2F%2Fcarijo.art%2Fssiptv%2Fget%2F79536635%2F74445214%2Flist_lives%2F&quot;,return)</favourite>
<favourite name="shiuk" thumb="https://cdn-icons-png.flaticon.com/512/3800/3800088.png" fanart="https://www.techybugz.com/wp-content/uploads/2018/04/F4M-Tester-Kodi-Add-On-1000x600.jpg">ActivateWindow(videos,&quot;plugin://plugin.video.f4mTester/?name=LISTA+10&amp;action=playlist&amp;url=https%3A%2F%2Fcarijo.art%2Fssiptv%2Fget%2F856874478%2F558732489854%2Flist_lives%2F&quot;,return)</favourite>
<favourite name="shiuk" thumb="https://cdn-icons-png.flaticon.com/512/3800/3800088.png" fanart="https://www.techybugz.com/wp-content/uploads/2018/04/F4M-Tester-Kodi-Add-On-1000x600.jpg">ActivateWindow(videos,&quot;plugin://plugin.video.f4mTester/?name=LISTA+10&amp;action=playlist&amp;url=https%3A%2F%2Fcarijo.art%2Fssiptv%2Fget%2F8579381068%2F1012688372%2Flist_lives%2F&quot;,return)</favourite>
<favourite name="shiuk" thumb="https://cdn-icons-png.flaticon.com/512/3800/3800088.png" fanart="https://www.techybugz.com/wp-content/uploads/2018/04/F4M-Tester-Kodi-Add-On-1000x600.jpg">ActivateWindow(videos,&quot;plugin://plugin.video.f4mTester/?name=LISTA+10&amp;action=playlist&amp;url=https%3A%2F%2Fcarijo.art%2Fssiptv%2Fget%2F8599759553%2F1118025831%2Flist_lives%2F&quot;,return)</favourite>
<favourite name="shiuk" thumb="https://cdn-icons-png.flaticon.com/512/3800/3800088.png" fanart="https://www.techybugz.com/wp-content/uploads/2018/04/F4M-Tester-Kodi-Add-On-1000x600.jpg">ActivateWindow(videos,&quot;plugin://plugin.video.f4mTester/?name=LISTA+10&amp;action=playlist&amp;url=https%3A%2F%2Fcarijo.art%2Fssiptv%2Fget%2F88393926%2F62154381%2Flist_lives%2F&quot;,return)</favourite>
<favourite name="shiuk" thumb="https://cdn-icons-png.flaticon.com/512/3800/3800088.png" fanart="https://www.techybugz.com/wp-content/uploads/2018/04/F4M-Tester-Kodi-Add-On-1000x600.jpg">ActivateWindow(videos,&quot;plugin://plugin.video.f4mTester/?name=LISTA+10&amp;action=playlist&amp;url=https%3A%2F%2Fcarijo.art%2Fssiptv%2Fget%2F88832164%2F63335153%2Flist_lives%2F&quot;,return)</favourite>
<favourite name="shiuk" thumb="https://cdn-icons-png.flaticon.com/512/3800/3800088.png" fanart="https://www.techybugz.com/wp-content/uploads/2018/04/F4M-Tester-Kodi-Add-On-1000x600.jpg">ActivateWindow(videos,&quot;plugin://plugin.video.f4mTester/?name=LISTA+10&amp;action=playlist&amp;url=https%3A%2F%2Fcarijo.art%2Fssiptv%2Fget%2F8blpaf2pzk%2F8d9usuiqby%2Flist_lives%2F&quot;,return)</favourite>
<favourite name="shiuk" thumb="https://cdn-icons-png.flaticon.com/512/3800/3800088.png" fanart="https://www.techybugz.com/wp-content/uploads/2018/04/F4M-Tester-Kodi-Add-On-1000x600.jpg">ActivateWindow(videos,&quot;plugin://plugin.video.f4mTester/?name=LISTA+10&amp;action=playlist&amp;url=https%3A%2F%2Fcarijo.art%2Fssiptv%2Fget%2F92097720%2F124581654%2Flist_lives%2F&quot;,return)</favourite>
<favourite name="shiuk" thumb="https://cdn-icons-png.flaticon.com/512/3800/3800088.png" fanart="https://www.techybugz.com/wp-content/uploads/2018/04/F4M-Tester-Kodi-Add-On-1000x600.jpg">ActivateWindow(videos,&quot;plugin://plugin.video.f4mTester/?name=LISTA+10&amp;action=playlist&amp;url=https%3A%2F%2Fcarijo.art%2Fssiptv%2Fget%2F93249297%2F34266711%2Flist_lives%2F&quot;,return)</favourite>
<favourite name="shiuk" thumb="https://cdn-icons-png.flaticon.com/512/3800/3800088.png" fanart="https://www.techybugz.com/wp-content/uploads/2018/04/F4M-Tester-Kodi-Add-On-1000x600.jpg">ActivateWindow(videos,&quot;plugin://plugin.video.f4mTester/?name=LISTA+10&amp;action=playlist&amp;url=https%3A%2F%2Fcarijo.art%2Fssiptv%2Fget%2F943876465%2F43876465%2Flist_lives%2F&quot;,return)</favourite>
<favourite name="shiuk" thumb="https://cdn-icons-png.flaticon.com/512/3800/3800088.png" fanart="https://www.techybugz.com/wp-content/uploads/2018/04/F4M-Tester-Kodi-Add-On-1000x600.jpg">ActivateWindow(videos,&quot;plugin://plugin.video.f4mTester/?name=LISTA+10&amp;action=playlist&amp;url=https%3A%2F%2Fcarijo.art%2Fssiptv%2Fget%2F947394163%2F47394163%2Flist_lives%2F&quot;,return)</favourite>
<favourite name="shiuk" thumb="https://cdn-icons-png.flaticon.com/512/3800/3800088.png" fanart="https://www.techybugz.com/wp-content/uploads/2018/04/F4M-Tester-Kodi-Add-On-1000x600.jpg">ActivateWindow(videos,&quot;plugin://plugin.video.f4mTester/?name=LISTA+10&amp;action=playlist&amp;url=https%3A%2F%2Fcarijo.art%2Fssiptv%2Fget%2F94915689%2F39695778%2Flist_lives%2F&quot;,return)</favourite>
<favourite name="shiuk" thumb="https://cdn-icons-png.flaticon.com/512/3800/3800088.png" fanart="https://www.techybugz.com/wp-content/uploads/2018/04/F4M-Tester-Kodi-Add-On-1000x600.jpg">ActivateWindow(videos,&quot;plugin://plugin.video.f4mTester/?name=LISTA+10&amp;action=playlist&amp;url=https%3A%2F%2Fcarijo.art%2Fssiptv%2Fget%2F949641401%2F49641401%2Flist_lives%2F&quot;,return)</favourite>
<favourite name="shiuk" thumb="https://cdn-icons-png.flaticon.com/512/3800/3800088.png" fanart="https://www.techybugz.com/wp-content/uploads/2018/04/F4M-Tester-Kodi-Add-On-1000x600.jpg">ActivateWindow(videos,&quot;plugin://plugin.video.f4mTester/?name=LISTA+10&amp;action=playlist&amp;url=https%3A%2F%2Fcarijo.art%2Fssiptv%2Fget%2F951269292%2F51269292%2Flist_lives%2F&quot;,return)</favourite>
<favourite name="shiuk" thumb="https://cdn-icons-png.flaticon.com/512/3800/3800088.png" fanart="https://www.techybugz.com/wp-content/uploads/2018/04/F4M-Tester-Kodi-Add-On-1000x600.jpg">ActivateWindow(videos,&quot;plugin://plugin.video.f4mTester/?name=LISTA+10&amp;action=playlist&amp;url=https%3A%2F%2Fcarijo.art%2Fssiptv%2Fget%2F95132279%2F15494123%2Flist_lives%2F&quot;,return)</favourite>
<favourite name="shiuk" thumb="https://cdn-icons-png.flaticon.com/512/3800/3800088.png" fanart="https://www.techybugz.com/wp-content/uploads/2018/04/F4M-Tester-Kodi-Add-On-1000x600.jpg">ActivateWindow(videos,&quot;plugin://plugin.video.f4mTester/?name=LISTA+10&amp;action=playlist&amp;url=https%3A%2F%2Fcarijo.art%2Fssiptv%2Fget%2F951328440%2F51328440%2Flist_lives%2F&quot;,return)</favourite>
<favourite name="shiuk" thumb="https://cdn-icons-png.flaticon.com/512/3800/3800088.png" fanart="https://www.techybugz.com/wp-content/uploads/2018/04/F4M-Tester-Kodi-Add-On-1000x600.jpg">ActivateWindow(videos,&quot;plugin://plugin.video.f4mTester/?name=LISTA+10&amp;action=playlist&amp;url=https%3A%2F%2Fcarijo.art%2Fssiptv%2Fget%2F96433732%2F75243965%2Flist_lives%2F&quot;,return)</favourite>
<favourite name="shiuk" thumb="https://cdn-icons-png.flaticon.com/512/3800/3800088.png" fanart="https://www.techybugz.com/wp-content/uploads/2018/04/F4M-Tester-Kodi-Add-On-1000x600.jpg">ActivateWindow(videos,&quot;plugin://plugin.video.f4mTester/?name=LISTA+10&amp;action=playlist&amp;url=https%3A%2F%2Fcarijo.art%2Fssiptv%2Fget%2F96674727%2F44634474%2Flist_lives%2F&quot;,return)</favourite>
<favourite name="shiuk" thumb="https://cdn-icons-png.flaticon.com/512/3800/3800088.png" fanart="https://www.techybugz.com/wp-content/uploads/2018/04/F4M-Tester-Kodi-Add-On-1000x600.jpg">ActivateWindow(videos,&quot;plugin://plugin.video.f4mTester/?name=LISTA+10&amp;action=playlist&amp;url=https%3A%2F%2Fcarijo.art%2Fssiptv%2Fget%2F96787827%2F82435876%2Flist_lives%2F&quot;,return)</favourite>
<favourite name="shiuk" thumb="https://cdn-icons-png.flaticon.com/512/3800/3800088.png" fanart="https://www.techybugz.com/wp-content/uploads/2018/04/F4M-Tester-Kodi-Add-On-1000x600.jpg">ActivateWindow(videos,&quot;plugin://plugin.video.f4mTester/?name=LISTA+10&amp;action=playlist&amp;url=https%3A%2F%2Fcarijo.art%2Fssiptv%2Fget%2F9688901135%2F6434880716%2Flist_lives%2F&quot;,return)</favourite>
<favourite name="shiuk" thumb="https://cdn-icons-png.flaticon.com/512/3800/3800088.png" fanart="https://www.techybugz.com/wp-content/uploads/2018/04/F4M-Tester-Kodi-Add-On-1000x600.jpg">ActivateWindow(videos,&quot;plugin://plugin.video.f4mTester/?name=LISTA+10&amp;action=playlist&amp;url=https%3A%2F%2Fcarijo.art%2Fssiptv%2Fget%2F975497863146%2F635984216495%2Flist_lives%2F&quot;,return)</favourite>
<favourite name="shiuk" thumb="https://cdn-icons-png.flaticon.com/512/3800/3800088.png" fanart="https://www.techybugz.com/wp-content/uploads/2018/04/F4M-Tester-Kodi-Add-On-1000x600.jpg">ActivateWindow(videos,&quot;plugin://plugin.video.f4mTester/?name=LISTA+10&amp;action=playlist&amp;url=https%3A%2F%2Fcarijo.art%2Fssiptv%2Fget%2F979958617%2F79958617%2Flist_lives%2F&quot;,return)</favourite>
<favourite name="shiuk" thumb="https://cdn-icons-png.flaticon.com/512/3800/3800088.png" fanart="https://www.techybugz.com/wp-content/uploads/2018/04/F4M-Tester-Kodi-Add-On-1000x600.jpg">ActivateWindow(videos,&quot;plugin://plugin.video.f4mTester/?name=LISTA+10&amp;action=playlist&amp;url=https%3A%2F%2Fcarijo.art%2Fssiptv%2Fget%2F982277240%2F82277240%2Flist_lives%2F&quot;,return)</favourite>
<favourite name="shiuk" thumb="https://cdn-icons-png.flaticon.com/512/3800/3800088.png" fanart="https://www.techybugz.com/wp-content/uploads/2018/04/F4M-Tester-Kodi-Add-On-1000x600.jpg">ActivateWindow(videos,&quot;plugin://plugin.video.f4mTester/?name=LISTA+10&amp;action=playlist&amp;url=https%3A%2F%2Fcarijo.art%2Fssiptv%2Fget%2F99319248pop%2Fliahamor77%2Flist_lives%2F&quot;,return)</favourite>
<favourite name="shiuk" thumb="https://cdn-icons-png.flaticon.com/512/3800/3800088.png" fanart="https://www.techybugz.com/wp-content/uploads/2018/04/F4M-Tester-Kodi-Add-On-1000x600.jpg">ActivateWindow(videos,&quot;plugin://plugin.video.f4mTester/?name=LISTA+10&amp;action=playlist&amp;url=https%3A%2F%2Fcarijo.art%2Fssiptv%2Fget%2F995806761%2F95806761%2Flist_lives%2F&quot;,return)</favourite>
<favourite name="shiuk" thumb="https://cdn-icons-png.flaticon.com/512/3800/3800088.png" fanart="https://www.techybugz.com/wp-content/uploads/2018/04/F4M-Tester-Kodi-Add-On-1000x600.jpg">ActivateWindow(videos,&quot;plugin://plugin.video.f4mTester/?name=LISTA+10&amp;action=playlist&amp;url=https%3A%2F%2Fcarijo.art%2Fssiptv%2Fget%2FAledmdias%2FDenovo1234%2Flist_lives%2F&quot;,return)</favourite>
<favourite name="shiuk" thumb="https://cdn-icons-png.flaticon.com/512/3800/3800088.png" fanart="https://www.techybugz.com/wp-content/uploads/2018/04/F4M-Tester-Kodi-Add-On-1000x600.jpg">ActivateWindow(videos,&quot;plugin://plugin.video.f4mTester/?name=LISTA+10&amp;action=playlist&amp;url=https%3A%2F%2Fcarijo.art%2Fssiptv%2Fget%2FAlemao7472245471%2F1158576768%2Flist_lives%2F&quot;,return)</favourite>
<favourite name="shiuk" thumb="https://cdn-icons-png.flaticon.com/512/3800/3800088.png" fanart="https://www.techybugz.com/wp-content/uploads/2018/04/F4M-Tester-Kodi-Add-On-1000x600.jpg">ActivateWindow(videos,&quot;plugin://plugin.video.f4mTester/?name=LISTA+10&amp;action=playlist&amp;url=https%3A%2F%2Fcarijo.art%2Fssiptv%2Fget%2FAlex10%2FAlex10%2Flist_lives%2F&quot;,return)</favourite>
<favourite name="shiuk" thumb="https://cdn-icons-png.flaticon.com/512/3800/3800088.png" fanart="https://www.techybugz.com/wp-content/uploads/2018/04/F4M-Tester-Kodi-Add-On-1000x600.jpg">ActivateWindow(videos,&quot;plugin://plugin.video.f4mTester/?name=LISTA+10&amp;action=playlist&amp;url=https%3A%2F%2Fcarijo.art%2Fssiptv%2Fget%2FCmmcelular%2Fcmm906781%40%2Flist_lives%2F&quot;,return)</favourite>
<favourite name="shiuk" thumb="https://cdn-icons-png.flaticon.com/512/3800/3800088.png" fanart="https://www.techybugz.com/wp-content/uploads/2018/04/F4M-Tester-Kodi-Add-On-1000x600.jpg">ActivateWindow(videos,&quot;plugin://plugin.video.f4mTester/?name=LISTA+10&amp;action=playlist&amp;url=https%3A%2F%2Fcarijo.art%2Fssiptv%2Fget%2FElias63762728%2F64777433%2Flist_lives%2F&quot;,return)</favourite>
<favourite name="shiuk" thumb="https://cdn-icons-png.flaticon.com/512/3800/3800088.png" fanart="https://www.techybugz.com/wp-content/uploads/2018/04/F4M-Tester-Kodi-Add-On-1000x600.jpg">ActivateWindow(videos,&quot;plugin://plugin.video.f4mTester/?name=LISTA+10&amp;action=playlist&amp;url=https%3A%2F%2Fcarijo.art%2Fssiptv%2Fget%2FF09011996%2F7463839%2Flist_lives%2F&quot;,return)</favourite>
<favourite name="shiuk" thumb="https://cdn-icons-png.flaticon.com/512/3800/3800088.png" fanart="https://www.techybugz.com/wp-content/uploads/2018/04/F4M-Tester-Kodi-Add-On-1000x600.jpg">ActivateWindow(videos,&quot;plugin://plugin.video.f4mTester/?name=LISTA+10&amp;action=playlist&amp;url=https%3A%2F%2Fcarijo.art%2Fssiptv%2Fget%2FFabiana230983%2F071628fabi%40%2Flist_lives%2F&quot;,return)</favourite>
<favourite name="shiuk" thumb="https://cdn-icons-png.flaticon.com/512/3800/3800088.png" fanart="https://www.techybugz.com/wp-content/uploads/2018/04/F4M-Tester-Kodi-Add-On-1000x600.jpg">ActivateWindow(videos,&quot;plugin://plugin.video.f4mTester/?name=LISTA+10&amp;action=playlist&amp;url=https%3A%2F%2Fcarijo.art%2Fssiptv%2Fget%2FGilson555%2F555444%2Flist_lives%2F&quot;,return)</favourite>
<favourite name="shiuk" thumb="https://cdn-icons-png.flaticon.com/512/3800/3800088.png" fanart="https://www.techybugz.com/wp-content/uploads/2018/04/F4M-Tester-Kodi-Add-On-1000x600.jpg">ActivateWindow(videos,&quot;plugin://plugin.video.f4mTester/?name=LISTA+10&amp;action=playlist&amp;url=https%3A%2F%2Fcarijo.art%2Fssiptv%2Fget%2FGirlan234%2F22735336%2Flist_lives%2F&quot;,return)</favourite>
<favourite name="shiuk" thumb="https://cdn-icons-png.flaticon.com/512/3800/3800088.png" fanart="https://www.techybugz.com/wp-content/uploads/2018/04/F4M-Tester-Kodi-Add-On-1000x600.jpg">ActivateWindow(videos,&quot;plugin://plugin.video.f4mTester/?name=LISTA+10&amp;action=playlist&amp;url=https%3A%2F%2Fcarijo.art%2Fssiptv%2Fget%2FGu49755863%2FTo49755863%2Flist_lives%2F&quot;,return)</favourite>
<favourite name="shiuk" thumb="https://cdn-icons-png.flaticon.com/512/3800/3800088.png" fanart="https://www.techybugz.com/wp-content/uploads/2018/04/F4M-Tester-Kodi-Add-On-1000x600.jpg">ActivateWindow(videos,&quot;plugin://plugin.video.f4mTester/?name=LISTA+10&amp;action=playlist&amp;url=https%3A%2F%2Fcarijo.art%2Fssiptv%2Fget%2FJoic635775%2F6378821086%2Flist_lives%2F&quot;,return)</favourite>
<favourite name="shiuk" thumb="https://cdn-icons-png.flaticon.com/512/3800/3800088.png" fanart="https://www.techybugz.com/wp-content/uploads/2018/04/F4M-Tester-Kodi-Add-On-1000x600.jpg">ActivateWindow(videos,&quot;plugin://plugin.video.f4mTester/?name=LISTA+10&amp;action=playlist&amp;url=https%3A%2F%2Fcarijo.art%2Fssiptv%2Fget%2FLala00%2FTeste123%2Flist_lives%2F&quot;,return)</favourite>
<favourite name="shiuk" thumb="https://cdn-icons-png.flaticon.com/512/3800/3800088.png" fanart="https://www.techybugz.com/wp-content/uploads/2018/04/F4M-Tester-Kodi-Add-On-1000x600.jpg">ActivateWindow(videos,&quot;plugin://plugin.video.f4mTester/?name=LISTA+10&amp;action=playlist&amp;url=https%3A%2F%2Fcarijo.art%2Fssiptv%2Fget%2FMaecelo8807%2FCatarina47%2Flist_lives%2F&quot;,return)</favourite>
<favourite name="shiuk" thumb="https://cdn-icons-png.flaticon.com/512/3800/3800088.png" fanart="https://www.techybugz.com/wp-content/uploads/2018/04/F4M-Tester-Kodi-Add-On-1000x600.jpg">ActivateWindow(videos,&quot;plugin://plugin.video.f4mTester/?name=LISTA+10&amp;action=playlist&amp;url=https%3A%2F%2Fcarijo.art%2Fssiptv%2Fget%2FMi49765622%2Fguel49765622%2Flist_lives%2F&quot;,return)</favourite>
<favourite name="shiuk" thumb="https://cdn-icons-png.flaticon.com/512/3800/3800088.png" fanart="https://www.techybugz.com/wp-content/uploads/2018/04/F4M-Tester-Kodi-Add-On-1000x600.jpg">ActivateWindow(videos,&quot;plugin://plugin.video.f4mTester/?name=LISTA+10&amp;action=playlist&amp;url=https%3A%2F%2Fcarijo.art%2Fssiptv%2Fget%2FN150735%2F42852712%2Flist_lives%2F&quot;,return)</favourite>
<favourite name="shiuk" thumb="https://cdn-icons-png.flaticon.com/512/3800/3800088.png" fanart="https://www.techybugz.com/wp-content/uploads/2018/04/F4M-Tester-Kodi-Add-On-1000x600.jpg">ActivateWindow(videos,&quot;plugin://plugin.video.f4mTester/?name=LISTA+10&amp;action=playlist&amp;url=https%3A%2F%2Fcarijo.art%2Fssiptv%2Fget%2FNetobarateirob%2F63738392000%2Flist_lives%2F&quot;,return)</favourite>
<favourite name="shiuk" thumb="https://cdn-icons-png.flaticon.com/512/3800/3800088.png" fanart="https://www.techybugz.com/wp-content/uploads/2018/04/F4M-Tester-Kodi-Add-On-1000x600.jpg">ActivateWindow(videos,&quot;plugin://plugin.video.f4mTester/?name=LISTA+10&amp;action=playlist&amp;url=https%3A%2F%2Fcarijo.art%2Fssiptv%2Fget%2FNuvens026%2FNu050526%2Flist_lives%2F&quot;,return)</favourite>
<favourite name="shiuk" thumb="https://cdn-icons-png.flaticon.com/512/3800/3800088.png" fanart="https://www.techybugz.com/wp-content/uploads/2018/04/F4M-Tester-Kodi-Add-On-1000x600.jpg">ActivateWindow(videos,&quot;plugin://plugin.video.f4mTester/?name=LISTA+10&amp;action=playlist&amp;url=https%3A%2F%2Fcarijo.art%2Fssiptv%2Fget%2FNuvens47%2FN050546sk%2Flist_lives%2F&quot;,return)</favourite>
<favourite name="shiuk" thumb="https://cdn-icons-png.flaticon.com/512/3800/3800088.png" fanart="https://www.techybugz.com/wp-content/uploads/2018/04/F4M-Tester-Kodi-Add-On-1000x600.jpg">ActivateWindow(videos,&quot;plugin://plugin.video.f4mTester/?name=LISTA+10&amp;action=playlist&amp;url=https%3A%2F%2Fcarijo.art%2Fssiptv%2Fget%2FNuvens48%2FN050546sk%2Flist_lives%2F&quot;,return)</favourite>
<favourite name="shiuk" thumb="https://cdn-icons-png.flaticon.com/512/3800/3800088.png" fanart="https://www.techybugz.com/wp-content/uploads/2018/04/F4M-Tester-Kodi-Add-On-1000x600.jpg">ActivateWindow(videos,&quot;plugin://plugin.video.f4mTester/?name=LISTA+10&amp;action=playlist&amp;url=https%3A%2F%2Fcarijo.art%2Fssiptv%2Fget%2FPresidente%2F256071x%2Flist_lives%2F&quot;,return)</favourite>
<favourite name="shiuk" thumb="https://cdn-icons-png.flaticon.com/512/3800/3800088.png" fanart="https://www.techybugz.com/wp-content/uploads/2018/04/F4M-Tester-Kodi-Add-On-1000x600.jpg">ActivateWindow(videos,&quot;plugin://plugin.video.f4mTester/?name=LISTA+10&amp;action=playlist&amp;url=https%3A%2F%2Fcarijo.art%2Fssiptv%2Fget%2FRoberto09%2FRobertoabuse09%2Flist_lives%2F&quot;,return)</favourite>
<favourite name="shiuk" thumb="https://cdn-icons-png.flaticon.com/512/3800/3800088.png" fanart="https://www.techybugz.com/wp-content/uploads/2018/04/F4M-Tester-Kodi-Add-On-1000x600.jpg">ActivateWindow(videos,&quot;plugin://plugin.video.f4mTester/?name=LISTA+10&amp;action=playlist&amp;url=https%3A%2F%2Fcarijo.art%2Fssiptv%2Fget%2FTv9484%2FIdhdh8382%2Flist_lives%2F&quot;,return)</favourite>
<favourite name="shiuk" thumb="https://cdn-icons-png.flaticon.com/512/3800/3800088.png" fanart="https://www.techybugz.com/wp-content/uploads/2018/04/F4M-Tester-Kodi-Add-On-1000x600.jpg">ActivateWindow(videos,&quot;plugin://plugin.video.f4mTester/?name=LISTA+10&amp;action=playlist&amp;url=https%3A%2F%2Fcarijo.art%2Fssiptv%2Fget%2FWagner7698%2Fvitoria65239%2Flist_lives%2F&quot;,return)</favourite>
<favourite name="shiuk" thumb="https://cdn-icons-png.flaticon.com/512/3800/3800088.png" fanart="https://www.techybugz.com/wp-content/uploads/2018/04/F4M-Tester-Kodi-Add-On-1000x600.jpg">ActivateWindow(videos,&quot;plugin://plugin.video.f4mTester/?name=LISTA+10&amp;action=playlist&amp;url=https%3A%2F%2Fcarijo.art%2Fssiptv%2Fget%2FZoio5859470634%2F5652340547%2Flist_lives%2F&quot;,return)</favourite>
<favourite name="shiuk" thumb="https://cdn-icons-png.flaticon.com/512/3800/3800088.png" fanart="https://www.techybugz.com/wp-content/uploads/2018/04/F4M-Tester-Kodi-Add-On-1000x600.jpg">ActivateWindow(videos,&quot;plugin://plugin.video.f4mTester/?name=LISTA+10&amp;action=playlist&amp;url=https%3A%2F%2Fcarijo.art%2Fssiptv%2Fget%2Fassis2023%2Fassis2023%2Flist_lives%2F&quot;,return)</favourite>
<favourite name="shiuk" thumb="https://cdn-icons-png.flaticon.com/512/3800/3800088.png" fanart="https://www.techybugz.com/wp-content/uploads/2018/04/F4M-Tester-Kodi-Add-On-1000x600.jpg">ActivateWindow(videos,&quot;plugin://plugin.video.f4mTester/?name=LISTA+10&amp;action=playlist&amp;url=https%3A%2F%2Fcarijo.art%2Fssiptv%2Fget%2Favoktqr02l%2Fj7gc04ysr1%2Flist_lives%2F&quot;,return)</favourite>
<favourite name="shiuk" thumb="https://cdn-icons-png.flaticon.com/512/3800/3800088.png" fanart="https://www.techybugz.com/wp-content/uploads/2018/04/F4M-Tester-Kodi-Add-On-1000x600.jpg">ActivateWindow(videos,&quot;plugin://plugin.video.f4mTester/?name=LISTA+10&amp;action=playlist&amp;url=https%3A%2F%2Fcarijo.art%2Fssiptv%2Fget%2Fcarlosbrasil%2F45608854861%2Flist_lives%2F&quot;,return)</favourite>
<favourite name="shiuk" thumb="https://cdn-icons-png.flaticon.com/512/3800/3800088.png" fanart="https://www.techybugz.com/wp-content/uploads/2018/04/F4M-Tester-Kodi-Add-On-1000x600.jpg">ActivateWindow(videos,&quot;plugin://plugin.video.f4mTester/?name=LISTA+10&amp;action=playlist&amp;url=https%3A%2F%2Fcarijo.art%2Fssiptv%2Fget%2Fclienterosemeire100%2F100perfect100%2Flist_lives%2F&quot;,return)</favourite>
<favourite name="shiuk" thumb="https://cdn-icons-png.flaticon.com/512/3800/3800088.png" fanart="https://www.techybugz.com/wp-content/uploads/2018/04/F4M-Tester-Kodi-Add-On-1000x600.jpg">ActivateWindow(videos,&quot;plugin://plugin.video.f4mTester/?name=LISTA+10&amp;action=playlist&amp;url=https%3A%2F%2Fcarijo.art%2Fssiptv%2Fget%2Fcreinaldo%2F284536cr%2Flist_lives%2F&quot;,return)</favourite>
<favourite name="shiuk" thumb="https://cdn-icons-png.flaticon.com/512/3800/3800088.png" fanart="https://www.techybugz.com/wp-content/uploads/2018/04/F4M-Tester-Kodi-Add-On-1000x600.jpg">ActivateWindow(videos,&quot;plugin://plugin.video.f4mTester/?name=LISTA+10&amp;action=playlist&amp;url=https%3A%2F%2Fcarijo.art%2Fssiptv%2Fget%2Fdandrade60%2Fqy4KW7Z%2Flist_lives%2F&quot;,return)</favourite>
<favourite name="shiuk" thumb="https://cdn-icons-png.flaticon.com/512/3800/3800088.png" fanart="https://www.techybugz.com/wp-content/uploads/2018/04/F4M-Tester-Kodi-Add-On-1000x600.jpg">ActivateWindow(videos,&quot;plugin://plugin.video.f4mTester/?name=LISTA+10&amp;action=playlist&amp;url=https%3A%2F%2Fcarijo.art%2Fssiptv%2Fget%2Fdavicardonbkp%2F73711387%2Flist_lives%2F&quot;,return)</favourite>
<favourite name="shiuk" thumb="https://cdn-icons-png.flaticon.com/512/3800/3800088.png" fanart="https://www.techybugz.com/wp-content/uploads/2018/04/F4M-Tester-Kodi-Add-On-1000x600.jpg">ActivateWindow(videos,&quot;plugin://plugin.video.f4mTester/?name=LISTA+10&amp;action=playlist&amp;url=https%3A%2F%2Fcarijo.art%2Fssiptv%2Fget%2Fdenise2028%2F45608854861%2Flist_lives%2F&quot;,return)</favourite>
<favourite name="shiuk" thumb="https://cdn-icons-png.flaticon.com/512/3800/3800088.png" fanart="https://www.techybugz.com/wp-content/uploads/2018/04/F4M-Tester-Kodi-Add-On-1000x600.jpg">ActivateWindow(videos,&quot;plugin://plugin.video.f4mTester/?name=LISTA+10&amp;action=playlist&amp;url=https%3A%2F%2Fcarijo.art%2Fssiptv%2Fget%2Fdi98fex8mf%2Faa0pm9juin%2Flist_lives%2F&quot;,return)</favourite>
<favourite name="shiuk" thumb="https://cdn-icons-png.flaticon.com/512/3800/3800088.png" fanart="https://www.techybugz.com/wp-content/uploads/2018/04/F4M-Tester-Kodi-Add-On-1000x600.jpg">ActivateWindow(videos,&quot;plugin://plugin.video.f4mTester/?name=LISTA+10&amp;action=playlist&amp;url=https%3A%2F%2Fcarijo.art%2Fssiptv%2Fget%2Fdinho6172%2Fdidi6172%2Flist_lives%2F&quot;,return)</favourite>
<favourite name="shiuk" thumb="https://cdn-icons-png.flaticon.com/512/3800/3800088.png" fanart="https://www.techybugz.com/wp-content/uploads/2018/04/F4M-Tester-Kodi-Add-On-1000x600.jpg">ActivateWindow(videos,&quot;plugin://plugin.video.f4mTester/?name=LISTA+10&amp;action=playlist&amp;url=https%3A%2F%2Fcarijo.art%2Fssiptv%2Fget%2Febautista%2F9f1gMC%2Flist_lives%2F&quot;,return)</favourite>
<favourite name="shiuk" thumb="https://cdn-icons-png.flaticon.com/512/3800/3800088.png" fanart="https://www.techybugz.com/wp-content/uploads/2018/04/F4M-Tester-Kodi-Add-On-1000x600.jpg">ActivateWindow(videos,&quot;plugin://plugin.video.f4mTester/?name=LISTA+10&amp;action=playlist&amp;url=https%3A%2F%2Fcarijo.art%2Fssiptv%2Fget%2Fgilson99556%2F67123221%2Flist_lives%2F&quot;,return)</favourite>
<favourite name="shiuk" thumb="https://cdn-icons-png.flaticon.com/512/3800/3800088.png" fanart="https://www.techybugz.com/wp-content/uploads/2018/04/F4M-Tester-Kodi-Add-On-1000x600.jpg">ActivateWindow(videos,&quot;plugin://plugin.video.f4mTester/?name=LISTA+10&amp;action=playlist&amp;url=https%3A%2F%2Fcarijo.art%2Fssiptv%2Fget%2Fgpivotto%2FGpv243802%2Flist_lives%2F&quot;,return)</favourite>
<favourite name="shiuk" thumb="https://cdn-icons-png.flaticon.com/512/3800/3800088.png" fanart="https://www.techybugz.com/wp-content/uploads/2018/04/F4M-Tester-Kodi-Add-On-1000x600.jpg">ActivateWindow(videos,&quot;plugin://plugin.video.f4mTester/?name=LISTA+10&amp;action=playlist&amp;url=https%3A%2F%2Fcarijo.art%2Fssiptv%2Fget%2FjhSantos%2Fg969240CAz1%2Flist_lives%2F&quot;,return)</favourite>
<favourite name="shiuk" thumb="https://cdn-icons-png.flaticon.com/512/3800/3800088.png" fanart="https://www.techybugz.com/wp-content/uploads/2018/04/F4M-Tester-Kodi-Add-On-1000x600.jpg">ActivateWindow(videos,&quot;plugin://plugin.video.f4mTester/?name=LISTA+10&amp;action=playlist&amp;url=https%3A%2F%2Fcarijo.art%2Fssiptv%2Fget%2Fjirlan%2Fji1513%2Flist_lives%2F&quot;,return)</favourite>
<favourite name="shiuk" thumb="https://cdn-icons-png.flaticon.com/512/3800/3800088.png" fanart="https://www.techybugz.com/wp-content/uploads/2018/04/F4M-Tester-Kodi-Add-On-1000x600.jpg">ActivateWindow(videos,&quot;plugin://plugin.video.f4mTester/?name=LISTA+10&amp;action=playlist&amp;url=https%3A%2F%2Fcarijo.art%2Fssiptv%2Fget%2Fjportilho%2F1Nh4eV%2Flist_lives%2F&quot;,return)</favourite>
<favourite name="shiuk" thumb="https://cdn-icons-png.flaticon.com/512/3800/3800088.png" fanart="https://www.techybugz.com/wp-content/uploads/2018/04/F4M-Tester-Kodi-Add-On-1000x600.jpg">ActivateWindow(videos,&quot;plugin://plugin.video.f4mTester/?name=LISTA+10&amp;action=playlist&amp;url=https%3A%2F%2Fcarijo.art%2Fssiptv%2Fget%2Fjuan1234%2Fjuan1234%2Flist_lives%2F&quot;,return)</favourite>
<favourite name="shiuk" thumb="https://cdn-icons-png.flaticon.com/512/3800/3800088.png" fanart="https://www.techybugz.com/wp-content/uploads/2018/04/F4M-Tester-Kodi-Add-On-1000x600.jpg">ActivateWindow(videos,&quot;plugin://plugin.video.f4mTester/?name=LISTA+10&amp;action=playlist&amp;url=https%3A%2F%2Fcarijo.art%2Fssiptv%2Fget%2Fkita0402%2Fpk230993%40%2Flist_lives%2F&quot;,return)</favourite>
<favourite name="shiuk" thumb="https://cdn-icons-png.flaticon.com/512/3800/3800088.png" fanart="https://www.techybugz.com/wp-content/uploads/2018/04/F4M-Tester-Kodi-Add-On-1000x600.jpg">ActivateWindow(videos,&quot;plugin://plugin.video.f4mTester/?name=LISTA+10&amp;action=playlist&amp;url=https%3A%2F%2Fcarijo.art%2Fssiptv%2Fget%2Fluiz222%2F222luiz%2Flist_lives%2F&quot;,return)</favourite>
<favourite name="shiuk" thumb="https://cdn-icons-png.flaticon.com/512/3800/3800088.png" fanart="https://www.techybugz.com/wp-content/uploads/2018/04/F4M-Tester-Kodi-Add-On-1000x600.jpg">ActivateWindow(videos,&quot;plugin://plugin.video.f4mTester/?name=LISTA+10&amp;action=playlist&amp;url=https%3A%2F%2Fcarijo.art%2Fssiptv%2Fget%2Fpatricia%2F102030%2Flist_lives%2F&quot;,return)</favourite>
<favourite name="shiuk" thumb="https://cdn-icons-png.flaticon.com/512/3800/3800088.png" fanart="https://www.techybugz.com/wp-content/uploads/2018/04/F4M-Tester-Kodi-Add-On-1000x600.jpg">ActivateWindow(videos,&quot;plugin://plugin.video.f4mTester/?name=LISTA+10&amp;action=playlist&amp;url=https%3A%2F%2Fcarijo.art%2Fssiptv%2Fget%2Fpierry6791%2F67886568899%2Flist_lives%2F&quot;,return)</favourite>
<favourite name="shiuk" thumb="https://cdn-icons-png.flaticon.com/512/3800/3800088.png" fanart="https://www.techybugz.com/wp-content/uploads/2018/04/F4M-Tester-Kodi-Add-On-1000x600.jpg">ActivateWindow(videos,&quot;plugin://plugin.video.f4mTester/?name=LISTA+10&amp;action=playlist&amp;url=https%3A%2F%2Fcarijo.art%2Fssiptv%2Fget%2Frugerimachado%2F5mhE2T%2Flist_lives%2F&quot;,return)</favourite>
<favourite name="shiuk" thumb="https://cdn-icons-png.flaticon.com/512/3800/3800088.png" fanart="https://www.techybugz.com/wp-content/uploads/2018/04/F4M-Tester-Kodi-Add-On-1000x600.jpg">ActivateWindow(videos,&quot;plugin://plugin.video.f4mTester/?name=LISTA+10&amp;action=playlist&amp;url=https%3A%2F%2Fcarijo.art%2Fssiptv%2Fget%2Fsilvanomota%2F042320aZ%2Flist_lives%2F&quot;,return)</favourite>
<favourite name="shiuk" thumb="https://cdn-icons-png.flaticon.com/512/3800/3800088.png" fanart="https://www.techybugz.com/wp-content/uploads/2018/04/F4M-Tester-Kodi-Add-On-1000x600.jpg">ActivateWindow(videos,&quot;plugin://plugin.video.f4mTester/?name=LISTA+10&amp;action=playlist&amp;url=https%3A%2F%2Fcarijo.art%2Fssiptv%2Fget%2Fsitomiyama%2F62wy2knk%2Flist_lives%2F&quot;,return)</favourite>
<favourite name="shiuk" thumb="https://cdn-icons-png.flaticon.com/512/3800/3800088.png" fanart="https://www.techybugz.com/wp-content/uploads/2018/04/F4M-Tester-Kodi-Add-On-1000x600.jpg">ActivateWindow(videos,&quot;plugin://plugin.video.f4mTester/?name=LISTA+10&amp;action=playlist&amp;url=https%3A%2F%2Fcarijo.art%2Fssiptv%2Fget%2Ftx9tv012022%2Ftx92022%2Flist_lives%2F&quot;,return)</favourite>
	
</favourites>