<favourites>
    <favourite name="All" thumb="image://D%3a%5cKODI%20PORTABLE%5cKODI%2020%20JOB%5cKodi%5cportable_data%5caddons%5cplugin.video.sstv%5cicon.png/" fanart="image://D%3a%5cKODI%20PORTABLE%5cKODI%2020%20JOB%5cKodi%5cportable_data%5caddons%5cplugin.video.sstv%5cfanart.jpg/">ActivateWindow(videos,&quot;plugin://plugin.video.sstv/?url=http%3A%2F%2Fassista.pro%2Fenigma2.php%3Fusername%3D5519997591002%26password%3D52066400%26type%3Dget_live_streams%26cat_id%3D0&amp;mode=2&amp;name=All&amp;iconimage=D%3A%5CKODI+PORTABLE%5CKODI+20+JOB%5CKodi%5Cportable_data%5Caddons%5Cplugin.video.sstv%5Cicon.png&amp;description=&quot;,return)</favourite>
    <favourite name="CANAIS | 24H ANIMES" thumb="image://D%3a%5cKODI%20PORTABLE%5cKODI%2020%20JOB%5cKodi%5cportable_data%5caddons%5cplugin.video.sstv%5cicon.png/" fanart="image://D%3a%5cKODI%20PORTABLE%5cKODI%2020%20JOB%5cKodi%5cportable_data%5caddons%5cplugin.video.sstv%5cfanart.jpg/">ActivateWindow(videos,&quot;plugin://plugin.video.sstv/?url=http%3A%2F%2Fassista.pro%2Fenigma2.php%3Fusername%3D5519997591002%26password%3D52066400%26type%3Dget_live_streams%26cat_id%3D4193&amp;mode=2&amp;name=CANAIS+%7C+24H+ANIMES&amp;iconimage=D%3A%5CKODI+PORTABLE%5CKODI+20+JOB%5CKodi%5Cportable_data%5Caddons%5Cplugin.video.sstv%5Cicon.png&amp;description=&quot;,return)</favourite>
    <favourite name="CANAIS | 24H INFANTIL" thumb="image://D%3a%5cKODI%20PORTABLE%5cKODI%2020%20JOB%5cKodi%5cportable_data%5caddons%5cplugin.video.sstv%5cicon.png/" fanart="image://D%3a%5cKODI%20PORTABLE%5cKODI%2020%20JOB%5cKodi%5cportable_data%5caddons%5cplugin.video.sstv%5cfanart.jpg/">ActivateWindow(videos,&quot;plugin://plugin.video.sstv/?url=http%3A%2F%2Fassista.pro%2Fenigma2.php%3Fusername%3D5519997591002%26password%3D52066400%26type%3Dget_live_streams%26cat_id%3D4180&amp;mode=2&amp;name=CANAIS+%7C+24H+INFANTIL&amp;iconimage=D%3A%5CKODI+PORTABLE%5CKODI+20+JOB%5CKodi%5Cportable_data%5Caddons%5Cplugin.video.sstv%5Cicon.png&amp;description=&quot;,return)</favourite>
    <favourite name="CANAIS | 24H NOVELAS" thumb="image://D%3a%5cKODI%20PORTABLE%5cKODI%2020%20JOB%5cKodi%5cportable_data%5caddons%5cplugin.video.sstv%5cicon.png/" fanart="image://D%3a%5cKODI%20PORTABLE%5cKODI%2020%20JOB%5cKodi%5cportable_data%5caddons%5cplugin.video.sstv%5cfanart.jpg/">ActivateWindow(videos,&quot;plugin://plugin.video.sstv/?url=http%3A%2F%2Fassista.pro%2Fenigma2.php%3Fusername%3D5519997591002%26password%3D52066400%26type%3Dget_live_streams%26cat_id%3D4187&amp;mode=2&amp;name=CANAIS+%7C+24H+NOVELAS&amp;iconimage=D%3A%5CKODI+PORTABLE%5CKODI+20+JOB%5CKodi%5Cportable_data%5Caddons%5Cplugin.video.sstv%5Cicon.png&amp;description=&quot;,return)</favourite>
    <favourite name="CANAIS | 24H SERIES" thumb="image://D%3a%5cKODI%20PORTABLE%5cKODI%2020%20JOB%5cKodi%5cportable_data%5caddons%5cplugin.video.sstv%5cicon.png/" fanart="image://D%3a%5cKODI%20PORTABLE%5cKODI%2020%20JOB%5cKodi%5cportable_data%5caddons%5cplugin.video.sstv%5cfanart.jpg/">ActivateWindow(videos,&quot;plugin://plugin.video.sstv/?url=http%3A%2F%2Fassista.pro%2Fenigma2.php%3Fusername%3D5519997591002%26password%3D52066400%26type%3Dget_live_streams%26cat_id%3D4186&amp;mode=2&amp;name=CANAIS+%7C+24H+SERIES&amp;iconimage=D%3A%5CKODI+PORTABLE%5CKODI+20+JOB%5CKodi%5Cportable_data%5Caddons%5Cplugin.video.sstv%5Cicon.png&amp;description=&quot;,return)</favourite>
    <favourite name="CANAIS | 4K" thumb="image://D%3a%5cKODI%20PORTABLE%5cKODI%2020%20JOB%5cKodi%5cportable_data%5caddons%5cplugin.video.sstv%5cicon.png/" fanart="image://D%3a%5cKODI%20PORTABLE%5cKODI%2020%20JOB%5cKodi%5cportable_data%5caddons%5cplugin.video.sstv%5cfanart.jpg/">ActivateWindow(videos,&quot;plugin://plugin.video.sstv/?url=http%3A%2F%2Fassista.pro%2Fenigma2.php%3Fusername%3D5519997591002%26password%3D52066400%26type%3Dget_live_streams%26cat_id%3D247&amp;mode=2&amp;name=CANAIS+%7C+4K&amp;iconimage=D%3A%5CKODI+PORTABLE%5CKODI+20+JOB%5CKodi%5Cportable_data%5Caddons%5Cplugin.video.sstv%5Cicon.png&amp;description=&quot;,return)</favourite>
    <favourite name="CANAIS | ABERTOS" thumb="image://D%3a%5cKODI%20PORTABLE%5cKODI%2020%20JOB%5cKodi%5cportable_data%5caddons%5cplugin.video.sstv%5cicon.png/" fanart="image://D%3a%5cKODI%20PORTABLE%5cKODI%2020%20JOB%5cKodi%5cportable_data%5caddons%5cplugin.video.sstv%5cfanart.jpg/">ActivateWindow(videos,&quot;plugin://plugin.video.sstv/?url=http%3A%2F%2Fassista.pro%2Fenigma2.php%3Fusername%3D5519997591002%26password%3D52066400%26type%3Dget_live_streams%26cat_id%3D222&amp;mode=2&amp;name=CANAIS+%7C+ABERTOS&amp;iconimage=D%3A%5CKODI+PORTABLE%5CKODI+20+JOB%5CKodi%5Cportable_data%5Caddons%5Cplugin.video.sstv%5Cicon.png&amp;description=&quot;,return)</favourite>
    <favourite name="CANAIS | BAND" thumb="image://D%3a%5cKODI%20PORTABLE%5cKODI%2020%20JOB%5cKodi%5cportable_data%5caddons%5cplugin.video.sstv%5cicon.png/" fanart="image://D%3a%5cKODI%20PORTABLE%5cKODI%2020%20JOB%5cKodi%5cportable_data%5caddons%5cplugin.video.sstv%5cfanart.jpg/">ActivateWindow(videos,&quot;plugin://plugin.video.sstv/?url=http%3A%2F%2Fassista.pro%2Fenigma2.php%3Fusername%3D5519997591002%26password%3D52066400%26type%3Dget_live_streams%26cat_id%3D4182&amp;mode=2&amp;name=CANAIS+%7C+BAND&amp;iconimage=D%3A%5CKODI+PORTABLE%5CKODI+20+JOB%5CKodi%5Cportable_data%5Caddons%5Cplugin.video.sstv%5Cicon.png&amp;description=&quot;,return)</favourite>
    <favourite name="CANAIS | DOCUMENTÁRIOS" thumb="image://D%3a%5cKODI%20PORTABLE%5cKODI%2020%20JOB%5cKodi%5cportable_data%5caddons%5cplugin.video.sstv%5cicon.png/" fanart="image://D%3a%5cKODI%20PORTABLE%5cKODI%2020%20JOB%5cKodi%5cportable_data%5caddons%5cplugin.video.sstv%5cfanart.jpg/">ActivateWindow(videos,&quot;plugin://plugin.video.sstv/?url=http%3A%2F%2Fassista.pro%2Fenigma2.php%3Fusername%3D5519997591002%26password%3D52066400%26type%3Dget_live_streams%26cat_id%3D228&amp;mode=2&amp;name=CANAIS+%7C+DOCUMENT%C3%81RIOS&amp;iconimage=D%3A%5CKODI+PORTABLE%5CKODI+20+JOB%5CKodi%5Cportable_data%5Caddons%5Cplugin.video.sstv%5Cicon.png&amp;description=&quot;,return)</favourite>
    <favourite name="CANAIS | ESPN & STAR+" thumb="image://D%3a%5cKODI%20PORTABLE%5cKODI%2020%20JOB%5cKodi%5cportable_data%5caddons%5cplugin.video.sstv%5cicon.png/" fanart="image://D%3a%5cKODI%20PORTABLE%5cKODI%2020%20JOB%5cKodi%5cportable_data%5caddons%5cplugin.video.sstv%5cfanart.jpg/">ActivateWindow(videos,&quot;plugin://plugin.video.sstv/?url=http%3A%2F%2Fassista.pro%2Fenigma2.php%3Fusername%3D5519997591002%26password%3D52066400%26type%3Dget_live_streams%26cat_id%3D229&amp;mode=2&amp;name=CANAIS+%7C+ESPN+%26+STAR%2B&amp;iconimage=D%3A%5CKODI+PORTABLE%5CKODI+20+JOB%5CKodi%5Cportable_data%5Caddons%5Cplugin.video.sstv%5Cicon.png&amp;description=&quot;,return)</favourite>
    <favourite name="CANAIS | ESPORTES (PPV)" thumb="image://D%3a%5cKODI%20PORTABLE%5cKODI%2020%20JOB%5cKodi%5cportable_data%5caddons%5cplugin.video.sstv%5cicon.png/" fanart="image://D%3a%5cKODI%20PORTABLE%5cKODI%2020%20JOB%5cKodi%5cportable_data%5caddons%5cplugin.video.sstv%5cfanart.jpg/">ActivateWindow(videos,&quot;plugin://plugin.video.sstv/?url=http%3A%2F%2Fassista.pro%2Fenigma2.php%3Fusername%3D5519997591002%26password%3D52066400%26type%3Dget_live_streams%26cat_id%3D230&amp;mode=2&amp;name=CANAIS+%7C+ESPORTES+%28PPV%29&amp;iconimage=D%3A%5CKODI+PORTABLE%5CKODI+20+JOB%5CKodi%5Cportable_data%5Caddons%5Cplugin.video.sstv%5Cicon.png&amp;description=&quot;,return)</favourite>
    <favourite name="CANAIS | ESPORTES EUROPA" thumb="image://D%3a%5cKODI%20PORTABLE%5cKODI%2020%20JOB%5cKodi%5cportable_data%5caddons%5cplugin.video.sstv%5cicon.png/" fanart="image://D%3a%5cKODI%20PORTABLE%5cKODI%2020%20JOB%5cKodi%5cportable_data%5caddons%5cplugin.video.sstv%5cfanart.jpg/">ActivateWindow(videos,&quot;plugin://plugin.video.sstv/?url=http%3A%2F%2Fassista.pro%2Fenigma2.php%3Fusername%3D5519997591002%26password%3D52066400%26type%3Dget_live_streams%26cat_id%3D257&amp;mode=2&amp;name=CANAIS+%7C+ESPORTES+EUROPA&amp;iconimage=D%3A%5CKODI+PORTABLE%5CKODI+20+JOB%5CKodi%5Cportable_data%5Caddons%5Cplugin.video.sstv%5Cicon.png&amp;description=&quot;,return)</favourite>
    <favourite name="CANAIS | ESPORTES LATAM" thumb="image://D%3a%5cKODI%20PORTABLE%5cKODI%2020%20JOB%5cKodi%5cportable_data%5caddons%5cplugin.video.sstv%5cicon.png/" fanart="image://D%3a%5cKODI%20PORTABLE%5cKODI%2020%20JOB%5cKodi%5cportable_data%5caddons%5cplugin.video.sstv%5cfanart.jpg/">ActivateWindow(videos,&quot;plugin://plugin.video.sstv/?url=http%3A%2F%2Fassista.pro%2Fenigma2.php%3Fusername%3D5519997591002%26password%3D52066400%26type%3Dget_live_streams%26cat_id%3D4188&amp;mode=2&amp;name=CANAIS+%7C+ESPORTES+LATAM&amp;iconimage=D%3A%5CKODI+PORTABLE%5CKODI+20+JOB%5CKodi%5Cportable_data%5Caddons%5Cplugin.video.sstv%5Cicon.png&amp;description=&quot;,return)</favourite>
    <favourite name="CANAIS | ESPORTES" thumb="image://D%3a%5cKODI%20PORTABLE%5cKODI%2020%20JOB%5cKodi%5cportable_data%5caddons%5cplugin.video.sstv%5cicon.png/" fanart="image://D%3a%5cKODI%20PORTABLE%5cKODI%2020%20JOB%5cKodi%5cportable_data%5caddons%5cplugin.video.sstv%5cfanart.jpg/">ActivateWindow(videos,&quot;plugin://plugin.video.sstv/?url=http%3A%2F%2Fassista.pro%2Fenigma2.php%3Fusername%3D5519997591002%26password%3D52066400%26type%3Dget_live_streams%26cat_id%3D231&amp;mode=2&amp;name=CANAIS+%7C+ESPORTES&amp;iconimage=D%3A%5CKODI+PORTABLE%5CKODI+20+JOB%5CKodi%5Cportable_data%5Caddons%5Cplugin.video.sstv%5Cicon.png&amp;description=&quot;,return)</favourite>
    <favourite name="CANAIS | FILMES E SÉRIES" thumb="image://D%3a%5cKODI%20PORTABLE%5cKODI%2020%20JOB%5cKodi%5cportable_data%5caddons%5cplugin.video.sstv%5cicon.png/" fanart="image://D%3a%5cKODI%20PORTABLE%5cKODI%2020%20JOB%5cKodi%5cportable_data%5caddons%5cplugin.video.sstv%5cfanart.jpg/">ActivateWindow(videos,&quot;plugin://plugin.video.sstv/?url=http%3A%2F%2Fassista.pro%2Fenigma2.php%3Fusername%3D5519997591002%26password%3D52066400%26type%3Dget_live_streams%26cat_id%3D245&amp;mode=2&amp;name=CANAIS+%7C+FILMES+E+S%C3%89RIES&amp;iconimage=D%3A%5CKODI+PORTABLE%5CKODI+20+JOB%5CKodi%5Cportable_data%5Caddons%5Cplugin.video.sstv%5Cicon.png&amp;description=&quot;,return)</favourite>
    <favourite name="CANAIS | GLOBO" thumb="image://D%3a%5cKODI%20PORTABLE%5cKODI%2020%20JOB%5cKodi%5cportable_data%5caddons%5cplugin.video.sstv%5cicon.png/" fanart="image://D%3a%5cKODI%20PORTABLE%5cKODI%2020%20JOB%5cKodi%5cportable_data%5caddons%5cplugin.video.sstv%5cfanart.jpg/">ActivateWindow(videos,&quot;plugin://plugin.video.sstv/?url=http%3A%2F%2Fassista.pro%2Fenigma2.php%3Fusername%3D5519997591002%26password%3D52066400%26type%3Dget_live_streams%26cat_id%3D232&amp;mode=2&amp;name=CANAIS+%7C+GLOBO&amp;iconimage=D%3A%5CKODI+PORTABLE%5CKODI+20+JOB%5CKodi%5Cportable_data%5Caddons%5Cplugin.video.sstv%5Cicon.png&amp;description=&quot;,return)</favourite>
    <favourite name="CANAIS | H265" thumb="image://D%3a%5cKODI%20PORTABLE%5cKODI%2020%20JOB%5cKodi%5cportable_data%5caddons%5cplugin.video.sstv%5cicon.png/" fanart="image://D%3a%5cKODI%20PORTABLE%5cKODI%2020%20JOB%5cKodi%5cportable_data%5caddons%5cplugin.video.sstv%5cfanart.jpg/">ActivateWindow(videos,&quot;plugin://plugin.video.sstv/?url=http%3A%2F%2Fassista.pro%2Fenigma2.php%3Fusername%3D5519997591002%26password%3D52066400%26type%3Dget_live_streams%26cat_id%3D248&amp;mode=2&amp;name=CANAIS+%7C+H265&amp;iconimage=D%3A%5CKODI+PORTABLE%5CKODI+20+JOB%5CKodi%5Cportable_data%5Caddons%5Cplugin.video.sstv%5Cicon.png&amp;description=&quot;,return)</favourite>
    <favourite name="CANAIS | HBO MAX CHAMPIONS LEAGUE" thumb="image://D%3a%5cKODI%20PORTABLE%5cKODI%2020%20JOB%5cKodi%5cportable_data%5caddons%5cplugin.video.sstv%5cicon.png/" fanart="image://D%3a%5cKODI%20PORTABLE%5cKODI%2020%20JOB%5cKodi%5cportable_data%5caddons%5cplugin.video.sstv%5cfanart.jpg/">ActivateWindow(videos,&quot;plugin://plugin.video.sstv/?url=http%3A%2F%2Fassista.pro%2Fenigma2.php%3Fusername%3D5519997591002%26password%3D52066400%26type%3Dget_live_streams%26cat_id%3D4192&amp;mode=2&amp;name=CANAIS+%7C+HBO+MAX+CHAMPIONS+LEAGUE&amp;iconimage=D%3A%5CKODI+PORTABLE%5CKODI+20+JOB%5CKodi%5Cportable_data%5Caddons%5Cplugin.video.sstv%5Cicon.png&amp;description=&quot;,return)</favourite>
    <favourite name="CANAIS | HBO" thumb="image://D%3a%5cKODI%20PORTABLE%5cKODI%2020%20JOB%5cKodi%5cportable_data%5caddons%5cplugin.video.sstv%5cicon.png/" fanart="image://D%3a%5cKODI%20PORTABLE%5cKODI%2020%20JOB%5cKodi%5cportable_data%5caddons%5cplugin.video.sstv%5cfanart.jpg/">ActivateWindow(videos,&quot;plugin://plugin.video.sstv/?url=http%3A%2F%2Fassista.pro%2Fenigma2.php%3Fusername%3D5519997591002%26password%3D52066400%26type%3Dget_live_streams%26cat_id%3D246&amp;mode=2&amp;name=CANAIS+%7C+HBO&amp;iconimage=D%3A%5CKODI+PORTABLE%5CKODI+20+JOB%5CKodi%5Cportable_data%5Caddons%5Cplugin.video.sstv%5Cicon.png&amp;description=&quot;,return)</favourite>
    <favourite name="CANAIS | INFANTIL" thumb="image://D%3a%5cKODI%20PORTABLE%5cKODI%2020%20JOB%5cKodi%5cportable_data%5caddons%5cplugin.video.sstv%5cicon.png/" fanart="image://D%3a%5cKODI%20PORTABLE%5cKODI%2020%20JOB%5cKodi%5cportable_data%5caddons%5cplugin.video.sstv%5cfanart.jpg/">ActivateWindow(videos,&quot;plugin://plugin.video.sstv/?url=http%3A%2F%2Fassista.pro%2Fenigma2.php%3Fusername%3D5519997591002%26password%3D52066400%26type%3Dget_live_streams%26cat_id%3D233&amp;mode=2&amp;name=CANAIS+%7C+INFANTIL&amp;iconimage=D%3A%5CKODI+PORTABLE%5CKODI+20+JOB%5CKodi%5Cportable_data%5Caddons%5Cplugin.video.sstv%5Cicon.png&amp;description=&quot;,return)</favourite>
    <favourite name="CANAIS | NOTICIAS" thumb="image://D%3a%5cKODI%20PORTABLE%5cKODI%2020%20JOB%5cKodi%5cportable_data%5caddons%5cplugin.video.sstv%5cicon.png/" fanart="image://D%3a%5cKODI%20PORTABLE%5cKODI%2020%20JOB%5cKodi%5cportable_data%5caddons%5cplugin.video.sstv%5cfanart.jpg/">ActivateWindow(videos,&quot;plugin://plugin.video.sstv/?url=http%3A%2F%2Fassista.pro%2Fenigma2.php%3Fusername%3D5519997591002%26password%3D52066400%26type%3Dget_live_streams%26cat_id%3D236&amp;mode=2&amp;name=CANAIS+%7C+NOTICIAS&amp;iconimage=D%3A%5CKODI+PORTABLE%5CKODI+20+JOB%5CKodi%5Cportable_data%5Caddons%5Cplugin.video.sstv%5Cicon.png&amp;description=&quot;,return)</favourite>
    <favourite name="CANAIS | PARAMOUNT +" thumb="image://D%3a%5cKODI%20PORTABLE%5cKODI%2020%20JOB%5cKodi%5cportable_data%5caddons%5cplugin.video.sstv%5cicon.png/" fanart="image://D%3a%5cKODI%20PORTABLE%5cKODI%2020%20JOB%5cKodi%5cportable_data%5caddons%5cplugin.video.sstv%5cfanart.jpg/">ActivateWindow(videos,&quot;plugin://plugin.video.sstv/?url=http%3A%2F%2Fassista.pro%2Fenigma2.php%3Fusername%3D5519997591002%26password%3D52066400%26type%3Dget_live_streams%26cat_id%3D227&amp;mode=2&amp;name=CANAIS+%7C+PARAMOUNT+%2B&amp;iconimage=D%3A%5CKODI+PORTABLE%5CKODI+20+JOB%5CKodi%5Cportable_data%5Caddons%5Cplugin.video.sstv%5Cicon.png&amp;description=&quot;,return)</favourite>
    <favourite name="CANAIS | PLUTO TV" thumb="image://D%3a%5cKODI%20PORTABLE%5cKODI%2020%20JOB%5cKodi%5cportable_data%5caddons%5cplugin.video.sstv%5cicon.png/" fanart="image://D%3a%5cKODI%20PORTABLE%5cKODI%2020%20JOB%5cKodi%5cportable_data%5caddons%5cplugin.video.sstv%5cfanart.jpg/">ActivateWindow(videos,&quot;plugin://plugin.video.sstv/?url=http%3A%2F%2Fassista.pro%2Fenigma2.php%3Fusername%3D5519997591002%26password%3D52066400%26type%3Dget_live_streams%26cat_id%3D249&amp;mode=2&amp;name=CANAIS+%7C+PLUTO+TV&amp;iconimage=D%3A%5CKODI+PORTABLE%5CKODI+20+JOB%5CKodi%5Cportable_data%5Caddons%5Cplugin.video.sstv%5Cicon.png&amp;description=&quot;,return)</favourite>
    <favourite name="CANAIS | PREMIERE" thumb="image://D%3a%5cKODI%20PORTABLE%5cKODI%2020%20JOB%5cKodi%5cportable_data%5caddons%5cplugin.video.sstv%5cicon.png/" fanart="image://D%3a%5cKODI%20PORTABLE%5cKODI%2020%20JOB%5cKodi%5cportable_data%5caddons%5cplugin.video.sstv%5cfanart.jpg/">ActivateWindow(videos,&quot;plugin://plugin.video.sstv/?url=http%3A%2F%2Fassista.pro%2Fenigma2.php%3Fusername%3D5519997591002%26password%3D52066400%26type%3Dget_live_streams%26cat_id%3D237&amp;mode=2&amp;name=CANAIS+%7C+PREMIERE&amp;iconimage=D%3A%5CKODI+PORTABLE%5CKODI+20+JOB%5CKodi%5Cportable_data%5Caddons%5Cplugin.video.sstv%5Cicon.png&amp;description=&quot;,return)</favourite>
    <favourite name="CANAIS | PRIME VIDEO" thumb="image://D%3a%5cKODI%20PORTABLE%5cKODI%2020%20JOB%5cKodi%5cportable_data%5caddons%5cplugin.video.sstv%5cicon.png/" fanart="image://D%3a%5cKODI%20PORTABLE%5cKODI%2020%20JOB%5cKodi%5cportable_data%5caddons%5cplugin.video.sstv%5cfanart.jpg/">ActivateWindow(videos,&quot;plugin://plugin.video.sstv/?url=http%3A%2F%2Fassista.pro%2Fenigma2.php%3Fusername%3D5519997591002%26password%3D52066400%26type%3Dget_live_streams%26cat_id%3D4194&amp;mode=2&amp;name=CANAIS+%7C+PRIME+VIDEO&amp;iconimage=D%3A%5CKODI+PORTABLE%5CKODI+20+JOB%5CKodi%5Cportable_data%5Caddons%5Cplugin.video.sstv%5Cicon.png&amp;description=&quot;,return)</favourite>
    <favourite name="CANAIS | REALITY SHOW" thumb="image://D%3a%5cKODI%20PORTABLE%5cKODI%2020%20JOB%5cKodi%5cportable_data%5caddons%5cplugin.video.sstv%5cicon.png/" fanart="image://D%3a%5cKODI%20PORTABLE%5cKODI%2020%20JOB%5cKodi%5cportable_data%5caddons%5cplugin.video.sstv%5cfanart.jpg/">ActivateWindow(videos,&quot;plugin://plugin.video.sstv/?url=http%3A%2F%2Fassista.pro%2Fenigma2.php%3Fusername%3D5519997591002%26password%3D52066400%26type%3Dget_live_streams%26cat_id%3D223&amp;mode=2&amp;name=CANAIS+%7C+REALITY+SHOW&amp;iconimage=D%3A%5CKODI+PORTABLE%5CKODI+20+JOB%5CKodi%5Cportable_data%5Caddons%5Cplugin.video.sstv%5Cicon.png&amp;description=&quot;,return)</favourite>
    <favourite name="CANAIS | RECORD" thumb="image://D%3a%5cKODI%20PORTABLE%5cKODI%2020%20JOB%5cKodi%5cportable_data%5caddons%5cplugin.video.sstv%5cicon.png/" fanart="image://D%3a%5cKODI%20PORTABLE%5cKODI%2020%20JOB%5cKodi%5cportable_data%5caddons%5cplugin.video.sstv%5cfanart.jpg/">ActivateWindow(videos,&quot;plugin://plugin.video.sstv/?url=http%3A%2F%2Fassista.pro%2Fenigma2.php%3Fusername%3D5519997591002%26password%3D52066400%26type%3Dget_live_streams%26cat_id%3D239&amp;mode=2&amp;name=CANAIS+%7C+RECORD&amp;iconimage=D%3A%5CKODI+PORTABLE%5CKODI+20+JOB%5CKodi%5Cportable_data%5Caddons%5Cplugin.video.sstv%5Cicon.png&amp;description=&quot;,return)</favourite>
    <favourite name="CANAIS | RELIGIOSOS" thumb="image://D%3a%5cKODI%20PORTABLE%5cKODI%2020%20JOB%5cKodi%5cportable_data%5caddons%5cplugin.video.sstv%5cicon.png/" fanart="image://D%3a%5cKODI%20PORTABLE%5cKODI%2020%20JOB%5cKodi%5cportable_data%5caddons%5cplugin.video.sstv%5cfanart.jpg/">ActivateWindow(videos,&quot;plugin://plugin.video.sstv/?url=http%3A%2F%2Fassista.pro%2Fenigma2.php%3Fusername%3D5519997591002%26password%3D52066400%26type%3Dget_live_streams%26cat_id%3D240&amp;mode=2&amp;name=CANAIS+%7C+RELIGIOSOS&amp;iconimage=D%3A%5CKODI+PORTABLE%5CKODI+20+JOB%5CKodi%5Cportable_data%5Caddons%5Cplugin.video.sstv%5Cicon.png&amp;description=&quot;,return)</favourite>
    <favourite name="CANAIS | RÁDIOS" thumb="image://D%3a%5cKODI%20PORTABLE%5cKODI%2020%20JOB%5cKodi%5cportable_data%5caddons%5cplugin.video.sstv%5cicon.png/" fanart="image://D%3a%5cKODI%20PORTABLE%5cKODI%2020%20JOB%5cKodi%5cportable_data%5caddons%5cplugin.video.sstv%5cfanart.jpg/">ActivateWindow(videos,&quot;plugin://plugin.video.sstv/?url=http%3A%2F%2Fassista.pro%2Fenigma2.php%3Fusername%3D5519997591002%26password%3D52066400%26type%3Dget_live_streams%26cat_id%3D238&amp;mode=2&amp;name=CANAIS+%7C+R%C3%81DIOS&amp;iconimage=D%3A%5CKODI+PORTABLE%5CKODI+20+JOB%5CKodi%5Cportable_data%5Caddons%5Cplugin.video.sstv%5Cicon.png&amp;description=&quot;,return)</favourite>
    <favourite name="CANAIS | SBT" thumb="image://D%3a%5cKODI%20PORTABLE%5cKODI%2020%20JOB%5cKodi%5cportable_data%5caddons%5cplugin.video.sstv%5cicon.png/" fanart="image://D%3a%5cKODI%20PORTABLE%5cKODI%2020%20JOB%5cKodi%5cportable_data%5caddons%5cplugin.video.sstv%5cfanart.jpg/">ActivateWindow(videos,&quot;plugin://plugin.video.sstv/?url=http%3A%2F%2Fassista.pro%2Fenigma2.php%3Fusername%3D5519997591002%26password%3D52066400%26type%3Dget_live_streams%26cat_id%3D4179&amp;mode=2&amp;name=CANAIS+%7C+SBT&amp;iconimage=D%3A%5CKODI+PORTABLE%5CKODI+20+JOB%5CKodi%5Cportable_data%5Caddons%5Cplugin.video.sstv%5Cicon.png&amp;description=&quot;,return)</favourite>
    <favourite name="CANAIS | SKY PLAY" thumb="image://D%3a%5cKODI%20PORTABLE%5cKODI%2020%20JOB%5cKodi%5cportable_data%5caddons%5cplugin.video.sstv%5cicon.png/" fanart="image://D%3a%5cKODI%20PORTABLE%5cKODI%2020%20JOB%5cKodi%5cportable_data%5caddons%5cplugin.video.sstv%5cfanart.jpg/">ActivateWindow(videos,&quot;plugin://plugin.video.sstv/?url=http%3A%2F%2Fassista.pro%2Fenigma2.php%3Fusername%3D5519997591002%26password%3D52066400%26type%3Dget_live_streams%26cat_id%3D226&amp;mode=2&amp;name=CANAIS+%7C+SKY+PLAY&amp;iconimage=D%3A%5CKODI+PORTABLE%5CKODI+20+JOB%5CKodi%5Cportable_data%5Caddons%5Cplugin.video.sstv%5Cicon.png&amp;description=&quot;,return)</favourite>
    <favourite name="CANAIS | SPORTV" thumb="image://D%3a%5cKODI%20PORTABLE%5cKODI%2020%20JOB%5cKodi%5cportable_data%5caddons%5cplugin.video.sstv%5cicon.png/" fanart="image://D%3a%5cKODI%20PORTABLE%5cKODI%2020%20JOB%5cKodi%5cportable_data%5caddons%5cplugin.video.sstv%5cfanart.jpg/">ActivateWindow(videos,&quot;plugin://plugin.video.sstv/?url=http%3A%2F%2Fassista.pro%2Fenigma2.php%3Fusername%3D5519997591002%26password%3D52066400%26type%3Dget_live_streams%26cat_id%3D241&amp;mode=2&amp;name=CANAIS+%7C+SPORTV&amp;iconimage=D%3A%5CKODI+PORTABLE%5CKODI+20+JOB%5CKodi%5Cportable_data%5Caddons%5Cplugin.video.sstv%5Cicon.png&amp;description=&quot;,return)</favourite>
    <favourite name="CANAIS | TELECINE" thumb="image://D%3a%5cKODI%20PORTABLE%5cKODI%2020%20JOB%5cKodi%5cportable_data%5caddons%5cplugin.video.sstv%5cicon.png/" fanart="image://D%3a%5cKODI%20PORTABLE%5cKODI%2020%20JOB%5cKodi%5cportable_data%5caddons%5cplugin.video.sstv%5cfanart.jpg/">ActivateWindow(videos,&quot;plugin://plugin.video.sstv/?url=http%3A%2F%2Fassista.pro%2Fenigma2.php%3Fusername%3D5519997591002%26password%3D52066400%26type%3Dget_live_streams%26cat_id%3D242&amp;mode=2&amp;name=CANAIS+%7C+TELECINE&amp;iconimage=D%3A%5CKODI+PORTABLE%5CKODI+20+JOB%5CKodi%5Cportable_data%5Caddons%5Cplugin.video.sstv%5Cicon.png&amp;description=&quot;,return)</favourite>
    <favourite name="CANAIS | VARIEDADES" thumb="image://D%3a%5cKODI%20PORTABLE%5cKODI%2020%20JOB%5cKodi%5cportable_data%5caddons%5cplugin.video.sstv%5cicon.png/" fanart="image://D%3a%5cKODI%20PORTABLE%5cKODI%2020%20JOB%5cKodi%5cportable_data%5caddons%5cplugin.video.sstv%5cfanart.jpg/">ActivateWindow(videos,&quot;plugin://plugin.video.sstv/?url=http%3A%2F%2Fassista.pro%2Fenigma2.php%3Fusername%3D5519997591002%26password%3D52066400%26type%3Dget_live_streams%26cat_id%3D243&amp;mode=2&amp;name=CANAIS+%7C+VARIEDADES&amp;iconimage=D%3A%5CKODI+PORTABLE%5CKODI+20+JOB%5CKodi%5Cportable_data%5Caddons%5Cplugin.video.sstv%5Cicon.png&amp;description=&quot;,return)</favourite>
    <favourite name="CANAIS | XXX ADULTOS" thumb="image://D%3a%5cKODI%20PORTABLE%5cKODI%2020%20JOB%5cKodi%5cportable_data%5caddons%5cplugin.video.sstv%5cicon.png/" fanart="image://D%3a%5cKODI%20PORTABLE%5cKODI%2020%20JOB%5cKodi%5cportable_data%5caddons%5cplugin.video.sstv%5cfanart.jpg/">ActivateWindow(videos,&quot;plugin://plugin.video.sstv/?url=http%3A%2F%2Fassista.pro%2Fenigma2.php%3Fusername%3D5519997591002%26password%3D52066400%26type%3Dget_live_streams%26cat_id%3D244&amp;mode=2&amp;name=CANAIS+%7C+XXX+ADULTOS&amp;iconimage=D%3A%5CKODI+PORTABLE%5CKODI+20+JOB%5CKodi%5Cportable_data%5Caddons%5Cplugin.video.sstv%5Cicon.png&amp;description=&quot;,return)</favourite>
</favourites>




http://assista.pro:80/get.php?username=5519997591002&password=52066400&type=m3u&output=ts	Active	23/07/2022 15:17:08	06/05/2023 19:36:40	0	1	2	"m3u8","ts","rtmp"


http://assista.pro:80/get.php?username=0333686557&password=Vilamariante1&type=m3u&output=ts	Active	22/08/2022 07:06:15	22/08/2024 07:06:15	0	2	2	"m3u8","ts","rtmp"	
http://assista.pro:80/get.php?username=18572367819&password=Pand@B202&type=m3u&output=ts	Active	01/08/2021 20:54:47	01/01/0001 00:00:00	0	1	2	"m3u8","ts","rtmp"	
http://assista.pro:80/get.php?username=2769275907&password=79477001&type=m3u&output=ts	Active	13/11/2021 11:59:32	28/12/2025 06:12:18	0	1	2	"m3u8","ts","rtmp"	
http://assista.pro:80/get.php?username=447707803677&password=56044986&type=m3u&output=ts	Active	26/07/2021 16:24:42	04/05/2023 16:11:00	0	0	2	"m3u8","ts","rtmp"	
http://assista.pro:80/get.php?username=4894275387&password=73907845&type=m3u&output=ts	Active	02/04/2020 15:35:46	04/05/2023 22:15:46	0	1	2	"m3u8","ts","rtmp"	
http://assista.pro:80/get.php?username=5511950508899&password=10041857&type=m3u&output=ts	Active	09/02/2019 20:04:55	14/02/2024 13:11:01	0	0	2	"m3u8","ts","rtmp"	
http://assista.pro:80/get.php?username=5511964482528&password=Saopaulo1605&type=m3u&output=ts	Active	31/03/2023 15:30:10	01/05/2023 15:30:10	0	0	2	"m3u8","ts","rtmp"	
http://assista.pro:80/get.php?username=5511967931394&password=27602812&type=m3u&output=ts	Active	30/04/2022 18:33:53	01/06/2023 17:05:30	0	0	2	"m3u8","ts","rtmp"	
http://assista.pro:80/get.php?username=5511970947432&password=19778816&type=m3u&output=ts	Active	04/09/2020 01:51:27	03/09/2024 23:00:00	0	0	2	"m3u8","ts","rtmp"	
http://assista.pro:80/get.php?username=5511972935828&password=44995959&type=m3u&output=ts	Active	10/06/2022 10:43:04	10/05/2023 16:43:04	0	0	2	"m3u8","ts","rtmp"	
http://assista.pro:80/get.php?username=5511975792266&password=25466411&type=m3u&output=ts	Active	26/11/2021 10:07:16	28/12/2025 06:12:18	0	0	2	"m3u8","ts","rtmp"	
http://assista.pro:80/get.php?username=5511985089465&password=25282898&type=m3u&output=ts	Active	04/01/2021 14:08:35	26/05/2023 02:59:00	0	0	2	"m3u8","ts","rtmp"	
http://assista.pro:80/get.php?username=5511985609093&password=90532322&type=m3u&output=ts	Active	07/09/2021 22:11:37	13/05/2023 21:53:13	0	0	1	"m3u8","ts","rtmp"	
http://assista.pro:80/get.php?username=5511995398496&password=966140221&type=m3u&output=ts	Active	03/07/2021 00:24:57	13/08/2023 02:00:00	0	0	1	"m3u8","ts","rtmp"	
http://assista.pro:80/get.php?username=5511996193646&password=77839873&type=m3u&output=ts	Active	16/11/2022 22:04:19	23/05/2023 18:33:30	0	2	2	"m3u8","ts","rtmp"	
http://assista.pro:80/get.php?username=5513982279492&password=31887140&type=m3u&output=ts	Active	10/07/2022 00:00:00	10/05/2023 00:00:00	0	2	2	"m3u8","ts","rtmp"	
http://assista.pro:80/get.php?username=5515997329498&password=61014694&type=m3u&output=ts	Active	10/06/2022 21:25:19	22/05/2023 03:00:00	0	0	2	"m3u8","ts","rtmp"	
	
http://assista.pro:80/get.php?username=5521971632777&password=42739269&type=m3u&output=ts	Active	02/12/2022 15:36:44	03/06/2023 16:52:19	0	3	2	"m3u8","ts","rtmp"	
http://assista.pro:80/get.php?username=5521979560650&password=25607580&type=m3u&output=ts	Active	16/08/2022 00:29:46	17/05/2023 19:20:56	0	0	2	"m3u8","ts","rtmp"	
http://assista.pro:80/get.php?username=5521980348202&password=74643936&type=m3u&output=ts	Active	19/01/2038 03:14:07	28/05/2023 03:00:00	0	0	2	"m3u8","ts","rtmp"	
http://assista.pro:80/get.php?username=5521982716128&password=13335644&type=m3u&output=ts	Active	07/06/2022 21:12:32	22/05/2023 03:00:00	0	2	2	"m3u8","ts","rtmp"	
http://assista.pro:80/get.php?username=5521984575061&password=81100769&type=m3u&output=ts	Active	16/12/2020 22:55:28	01/05/2023 12:51:09	0	1	2	"m3u8","ts","rtmp"	
http://assista.pro:80/get.php?username=5527988492446&password=37592011&type=m3u&output=ts	Active	25/02/2022 15:57:54	26/05/2023 12:50:31	0	2	2	"m3u8","ts","rtmp"	
http://assista.pro:80/get.php?username=5527995251640&password=TLsqh7&type=m3u&output=ts	Active	26/10/2022 14:06:37	28/06/2023 22:02:11	0	1	2	"m3u8","ts","rtmp"	
http://assista.pro:80/get.php?username=5527998959914&password=67380762&type=m3u&output=ts	Active	08/07/2022 23:41:37	22/05/2023 03:00:00	0	0	2	"m3u8","ts","rtmp"	
http://assista.pro:80/get.php?username=5528999773199&password=94596866&type=m3u&output=ts	Active	18/06/2022 02:19:58	18/06/2023 02:19:58	0	0	2	"m3u8","ts","rtmp"	
http://assista.pro:80/get.php?username=554184769286&password=13566704&type=m3u&output=ts	Active	17/09/2022 02:00:53	17/06/2023 02:00:53	0	1	1	"m3u8","ts","rtmp"	
http://assista.pro:80/get.php?username=554499257839&password=17289724&type=m3u&output=ts	Active	25/05/2022 23:42:04	27/05/2023 21:16:42	0	0	2	"m3u8","ts","rtmp"	
http://assista.pro:80/get.php?username=554699329323&password=85695019&type=m3u&output=ts	Active	03/04/2022 17:44:34	04/05/2023 21:37:15	0	1	2	"m3u8","ts","rtmp"	
http://assista.pro:80/get.php?username=554888216776&password=37044515&type=m3u&output=ts	Active	15/05/2021 15:13:06	20/11/2023 11:27:21	0	0	1	"m3u8","ts","rtmp"	
http://assista.pro:80/get.php?username=555496499281&password=57526725&type=m3u&output=ts	Active	24/02/2021 23:22:34	15/05/2023 22:00:25	0	2	1	"m3u8","ts","rtmp"	
http://assista.pro:80/get.php?username=556493264911&password=78271278&type=m3u&output=ts	Active	03/05/2022 00:18:55	01/01/0001 00:00:00	0	1	2	"m3u8","ts","rtmp"	
http://assista.pro:80/get.php?username=556792328104&password=20990421&type=m3u&output=ts	Active	19/09/2022 15:27:15	23/07/2023 17:28:10	0	1	1	"m3u8","ts","rtmp"	
http://assista.pro:80/get.php?username=558387000885&password=68888726&type=m3u&output=ts	Active	06/05/2020 00:58:59	20/05/2023 22:46:56	0	0	4	"m3u8","ts","rtmp"	
http://assista.pro:80/get.php?username=558599659266&password=84078742&type=m3u&output=ts	Active	30/03/2022 23:53:15	30/07/2023 23:53:15	0	1	2	"m3u8","ts","rtmp"	
http://assista.pro:80/get.php?username=558788655930&password=88549504&type=m3u&output=ts	Active	29/04/2022 16:50:55	01/05/2023 23:26:47	0	1	2	"m3u8","ts","rtmp"	
http://assista.pro:80/get.php?username=5594991563702&password=39942644&type=m3u&output=ts	Active	07/01/2022 12:02:31	28/12/2025 06:12:18	0	0	1	"m3u8","ts","rtmp"	
http://assista.pro:80/get.php?username=8259870123&password=34978628&type=m3u&output=ts	Active	28/07/2022 00:54:57	23/07/2023 00:54:00	0	0	2	"m3u8","ts","rtmp"