<favourites>
    <favourite name=" CANAIS | CAMPEONATOS REGIONAIS" thumb="image://D%3a%5cKODI%20PORTABLE%5cKODI%2020%20JOB%5cKodi%5cportable_data%5caddons%5cplugin.video.sstv%5cicon.png/" fanart="image://D%3a%5cKODI%20PORTABLE%5cKODI%2020%20JOB%5cKodi%5cportable_data%5caddons%5cplugin.video.sstv%5cfanart.jpg/">ActivateWindow(videos,&quot;plugin://plugin.video.sstv/?url=http%3A%2F%2Fpainel.xcui.top%2Fenigma2.php%3Fusername%3DEdson9366%26password%3DEsn9636%26type%3Dget_live_streams%26cat_id%3D1772&amp;mode=2&amp;name=+CANAIS+%7C+CAMPEONATOS+REGIONAIS&amp;iconimage=D%3A%5CKODI+PORTABLE%5CKODI+20+JOB%5CKodi%5Cportable_data%5Caddons%5Cplugin.video.sstv%5Cicon.png&amp;description=&quot;,return)</favourite>
    <favourite name="24H | BABY" thumb="image://D%3a%5cKODI%20PORTABLE%5cKODI%2020%20JOB%5cKodi%5cportable_data%5caddons%5cplugin.video.sstv%5cicon.png/" fanart="image://D%3a%5cKODI%20PORTABLE%5cKODI%2020%20JOB%5cKodi%5cportable_data%5caddons%5cplugin.video.sstv%5cfanart.jpg/">ActivateWindow(videos,&quot;plugin://plugin.video.sstv/?url=http%3A%2F%2Fpainel.xcui.top%2Fenigma2.php%3Fusername%3DEdson9366%26password%3DEsn9636%26type%3Dget_live_streams%26cat_id%3D541&amp;mode=2&amp;name=24H+%7C+BABY&amp;iconimage=D%3A%5CKODI+PORTABLE%5CKODI+20+JOB%5CKodi%5Cportable_data%5Caddons%5Cplugin.video.sstv%5Cicon.png&amp;description=&quot;,return)</favourite>
    <favourite name="24H | CINE PREMIUM" thumb="image://D%3a%5cKODI%20PORTABLE%5cKODI%2020%20JOB%5cKodi%5cportable_data%5caddons%5cplugin.video.sstv%5cicon.png/" fanart="image://D%3a%5cKODI%20PORTABLE%5cKODI%2020%20JOB%5cKodi%5cportable_data%5caddons%5cplugin.video.sstv%5cfanart.jpg/">ActivateWindow(videos,&quot;plugin://plugin.video.sstv/?url=http%3A%2F%2Fpainel.xcui.top%2Fenigma2.php%3Fusername%3DEdson9366%26password%3DEsn9636%26type%3Dget_live_streams%26cat_id%3D772&amp;mode=2&amp;name=24H+%7C+CINE+PREMIUM&amp;iconimage=D%3A%5CKODI+PORTABLE%5CKODI+20+JOB%5CKodi%5Cportable_data%5Caddons%5Cplugin.video.sstv%5Cicon.png&amp;description=&quot;,return)</favourite>
    <favourite name="24H | CINE SKY" thumb="image://D%3a%5cKODI%20PORTABLE%5cKODI%2020%20JOB%5cKodi%5cportable_data%5caddons%5cplugin.video.sstv%5cicon.png/" fanart="image://D%3a%5cKODI%20PORTABLE%5cKODI%2020%20JOB%5cKodi%5cportable_data%5caddons%5cplugin.video.sstv%5cfanart.jpg/">ActivateWindow(videos,&quot;plugin://plugin.video.sstv/?url=http%3A%2F%2Fpainel.xcui.top%2Fenigma2.php%3Fusername%3DEdson9366%26password%3DEsn9636%26type%3Dget_live_streams%26cat_id%3D1267&amp;mode=2&amp;name=24H+%7C+CINE+SKY&amp;iconimage=D%3A%5CKODI+PORTABLE%5CKODI+20+JOB%5CKodi%5Cportable_data%5Caddons%5Cplugin.video.sstv%5Cicon.png&amp;description=&quot;,return)</favourite>
    <favourite name="24H | CLIPES" thumb="image://D%3a%5cKODI%20PORTABLE%5cKODI%2020%20JOB%5cKodi%5cportable_data%5caddons%5cplugin.video.sstv%5cicon.png/" fanart="image://D%3a%5cKODI%20PORTABLE%5cKODI%2020%20JOB%5cKodi%5cportable_data%5caddons%5cplugin.video.sstv%5cfanart.jpg/">ActivateWindow(videos,&quot;plugin://plugin.video.sstv/?url=http%3A%2F%2Fpainel.xcui.top%2Fenigma2.php%3Fusername%3DEdson9366%26password%3DEsn9636%26type%3Dget_live_streams%26cat_id%3D1771&amp;mode=2&amp;name=24H+%7C+CLIPES&amp;iconimage=D%3A%5CKODI+PORTABLE%5CKODI+20+JOB%5CKodi%5Cportable_data%5Caddons%5Cplugin.video.sstv%5Cicon.png&amp;description=&quot;,return)</favourite>
    <favourite name="24H | DESENHOS" thumb="image://D%3a%5cKODI%20PORTABLE%5cKODI%2020%20JOB%5cKodi%5cportable_data%5caddons%5cplugin.video.sstv%5cicon.png/" fanart="image://D%3a%5cKODI%20PORTABLE%5cKODI%2020%20JOB%5cKodi%5cportable_data%5caddons%5cplugin.video.sstv%5cfanart.jpg/">ActivateWindow(videos,&quot;plugin://plugin.video.sstv/?url=http%3A%2F%2Fpainel.xcui.top%2Fenigma2.php%3Fusername%3DEdson9366%26password%3DEsn9636%26type%3Dget_live_streams%26cat_id%3D138&amp;mode=2&amp;name=24H+%7C+DESENHOS&amp;iconimage=D%3A%5CKODI+PORTABLE%5CKODI+20+JOB%5CKodi%5Cportable_data%5Caddons%5Cplugin.video.sstv%5Cicon.png&amp;description=&quot;,return)</favourite>
    <favourite name="24H | FILMES" thumb="image://D%3a%5cKODI%20PORTABLE%5cKODI%2020%20JOB%5cKodi%5cportable_data%5caddons%5cplugin.video.sstv%5cicon.png/" fanart="image://D%3a%5cKODI%20PORTABLE%5cKODI%2020%20JOB%5cKodi%5cportable_data%5caddons%5cplugin.video.sstv%5cfanart.jpg/">ActivateWindow(videos,&quot;plugin://plugin.video.sstv/?url=http%3A%2F%2Fpainel.xcui.top%2Fenigma2.php%3Fusername%3DEdson9366%26password%3DEsn9636%26type%3Dget_live_streams%26cat_id%3D1777&amp;mode=2&amp;name=24H+%7C+FILMES&amp;iconimage=D%3A%5CKODI+PORTABLE%5CKODI+20+JOB%5CKodi%5Cportable_data%5Caddons%5Cplugin.video.sstv%5Cicon.png&amp;description=&quot;,return)</favourite>
    <favourite name="24H | MUSICAS" thumb="image://D%3a%5cKODI%20PORTABLE%5cKODI%2020%20JOB%5cKodi%5cportable_data%5caddons%5cplugin.video.sstv%5cicon.png/" fanart="image://D%3a%5cKODI%20PORTABLE%5cKODI%2020%20JOB%5cKodi%5cportable_data%5caddons%5cplugin.video.sstv%5cfanart.jpg/">ActivateWindow(videos,&quot;plugin://plugin.video.sstv/?url=http%3A%2F%2Fpainel.xcui.top%2Fenigma2.php%3Fusername%3DEdson9366%26password%3DEsn9636%26type%3Dget_live_streams%26cat_id%3D1778&amp;mode=2&amp;name=24H+%7C+MUSICAS&amp;iconimage=D%3A%5CKODI+PORTABLE%5CKODI+20+JOB%5CKodi%5Cportable_data%5Caddons%5Cplugin.video.sstv%5Cicon.png&amp;description=&quot;,return)</favourite>
    <favourite name="24H | PROGRAMAS" thumb="image://D%3a%5cKODI%20PORTABLE%5cKODI%2020%20JOB%5cKodi%5cportable_data%5caddons%5cplugin.video.sstv%5cicon.png/" fanart="image://D%3a%5cKODI%20PORTABLE%5cKODI%2020%20JOB%5cKodi%5cportable_data%5caddons%5cplugin.video.sstv%5cfanart.jpg/">ActivateWindow(videos,&quot;plugin://plugin.video.sstv/?url=http%3A%2F%2Fpainel.xcui.top%2Fenigma2.php%3Fusername%3DEdson9366%26password%3DEsn9636%26type%3Dget_live_streams%26cat_id%3D857&amp;mode=2&amp;name=24H+%7C+PROGRAMAS&amp;iconimage=D%3A%5CKODI+PORTABLE%5CKODI+20+JOB%5CKodi%5Cportable_data%5Caddons%5Cplugin.video.sstv%5Cicon.png&amp;description=&quot;,return)</favourite>
    <favourite name="24H | SERIES" thumb="image://D%3a%5cKODI%20PORTABLE%5cKODI%2020%20JOB%5cKodi%5cportable_data%5caddons%5cplugin.video.sstv%5cicon.png/" fanart="image://D%3a%5cKODI%20PORTABLE%5cKODI%2020%20JOB%5cKodi%5cportable_data%5caddons%5cplugin.video.sstv%5cfanart.jpg/">ActivateWindow(videos,&quot;plugin://plugin.video.sstv/?url=http%3A%2F%2Fpainel.xcui.top%2Fenigma2.php%3Fusername%3DEdson9366%26password%3DEsn9636%26type%3Dget_live_streams%26cat_id%3D730&amp;mode=2&amp;name=24H+%7C+SERIES&amp;iconimage=D%3A%5CKODI+PORTABLE%5CKODI+20+JOB%5CKodi%5Cportable_data%5Caddons%5Cplugin.video.sstv%5Cicon.png&amp;description=&quot;,return)</favourite>
    <favourite name="All" thumb="image://D%3a%5cKODI%20PORTABLE%5cKODI%2020%20JOB%5cKodi%5cportable_data%5caddons%5cplugin.video.sstv%5cicon.png/" fanart="image://D%3a%5cKODI%20PORTABLE%5cKODI%2020%20JOB%5cKodi%5cportable_data%5caddons%5cplugin.video.sstv%5cfanart.jpg/">ActivateWindow(videos,&quot;plugin://plugin.video.sstv/?url=http%3A%2F%2Fpainel.xcui.top%2Fenigma2.php%3Fusername%3DEdson9366%26password%3DEsn9636%26type%3Dget_live_streams%26cat_id%3D0&amp;mode=2&amp;name=All&amp;iconimage=D%3A%5CKODI+PORTABLE%5CKODI+20+JOB%5CKodi%5Cportable_data%5Caddons%5Cplugin.video.sstv%5Cicon.png&amp;description=&quot;,return)</favourite>
    <favourite name="CANAIS | 4K*" thumb="image://D%3a%5cKODI%20PORTABLE%5cKODI%2020%20JOB%5cKodi%5cportable_data%5caddons%5cplugin.video.sstv%5cicon.png/" fanart="image://D%3a%5cKODI%20PORTABLE%5cKODI%2020%20JOB%5cKodi%5cportable_data%5caddons%5cplugin.video.sstv%5cfanart.jpg/">ActivateWindow(videos,&quot;plugin://plugin.video.sstv/?url=http%3A%2F%2Fpainel.xcui.top%2Fenigma2.php%3Fusername%3DEdson9366%26password%3DEsn9636%26type%3Dget_live_streams%26cat_id%3D1112&amp;mode=2&amp;name=CANAIS+%7C+4K%2A&amp;iconimage=D%3A%5CKODI+PORTABLE%5CKODI+20+JOB%5CKodi%5Cportable_data%5Caddons%5Cplugin.video.sstv%5Cicon.png&amp;description=&quot;,return)</favourite>
    <favourite name="CANAIS | ABERTOS" thumb="image://D%3a%5cKODI%20PORTABLE%5cKODI%2020%20JOB%5cKodi%5cportable_data%5caddons%5cplugin.video.sstv%5cicon.png/" fanart="image://D%3a%5cKODI%20PORTABLE%5cKODI%2020%20JOB%5cKodi%5cportable_data%5caddons%5cplugin.video.sstv%5cfanart.jpg/">ActivateWindow(videos,&quot;plugin://plugin.video.sstv/?url=http%3A%2F%2Fpainel.xcui.top%2Fenigma2.php%3Fusername%3DEdson9366%26password%3DEsn9636%26type%3Dget_live_streams%26cat_id%3D316&amp;mode=2&amp;name=CANAIS+%7C+ABERTOS&amp;iconimage=D%3A%5CKODI+PORTABLE%5CKODI+20+JOB%5CKodi%5Cportable_data%5Caddons%5Cplugin.video.sstv%5Cicon.png&amp;description=&quot;,return)</favourite>
    <favourite name="CANAIS | DOCUMENTÁRIO" thumb="image://D%3a%5cKODI%20PORTABLE%5cKODI%2020%20JOB%5cKodi%5cportable_data%5caddons%5cplugin.video.sstv%5cicon.png/" fanart="image://D%3a%5cKODI%20PORTABLE%5cKODI%2020%20JOB%5cKodi%5cportable_data%5caddons%5cplugin.video.sstv%5cfanart.jpg/">ActivateWindow(videos,&quot;plugin://plugin.video.sstv/?url=http%3A%2F%2Fpainel.xcui.top%2Fenigma2.php%3Fusername%3DEdson9366%26password%3DEsn9636%26type%3Dget_live_streams%26cat_id%3D324&amp;mode=2&amp;name=CANAIS+%7C+DOCUMENT%C3%81RIO&amp;iconimage=D%3A%5CKODI+PORTABLE%5CKODI+20+JOB%5CKodi%5Cportable_data%5Caddons%5Cplugin.video.sstv%5Cicon.png&amp;description=&quot;,return)</favourite>
    <favourite name="CANAIS | ESPN / FOX SPORTS" thumb="image://D%3a%5cKODI%20PORTABLE%5cKODI%2020%20JOB%5cKodi%5cportable_data%5caddons%5cplugin.video.sstv%5cicon.png/" fanart="image://D%3a%5cKODI%20PORTABLE%5cKODI%2020%20JOB%5cKodi%5cportable_data%5caddons%5cplugin.video.sstv%5cfanart.jpg/">ActivateWindow(videos,&quot;plugin://plugin.video.sstv/?url=http%3A%2F%2Fpainel.xcui.top%2Fenigma2.php%3Fusername%3DEdson9366%26password%3DEsn9636%26type%3Dget_live_streams%26cat_id%3D1439&amp;mode=2&amp;name=CANAIS+%7C+ESPN+%2F+FOX+SPORTS&amp;iconimage=D%3A%5CKODI+PORTABLE%5CKODI+20+JOB%5CKodi%5Cportable_data%5Caddons%5Cplugin.video.sstv%5Cicon.png&amp;description=&quot;,return)</favourite>
    <favourite name="CANAIS | ESPORTES" thumb="image://D%3a%5cKODI%20PORTABLE%5cKODI%2020%20JOB%5cKodi%5cportable_data%5caddons%5cplugin.video.sstv%5cicon.png/" fanart="image://D%3a%5cKODI%20PORTABLE%5cKODI%2020%20JOB%5cKodi%5cportable_data%5caddons%5cplugin.video.sstv%5cfanart.jpg/">ActivateWindow(videos,&quot;plugin://plugin.video.sstv/?url=http%3A%2F%2Fpainel.xcui.top%2Fenigma2.php%3Fusername%3DEdson9366%26password%3DEsn9636%26type%3Dget_live_streams%26cat_id%3D450&amp;mode=2&amp;name=CANAIS+%7C+ESPORTES&amp;iconimage=D%3A%5CKODI+PORTABLE%5CKODI+20+JOB%5CKodi%5Cportable_data%5Caddons%5Cplugin.video.sstv%5Cicon.png&amp;description=&quot;,return)</favourite>
    <favourite name="CANAIS | FILMES E SÉRIES" thumb="image://D%3a%5cKODI%20PORTABLE%5cKODI%2020%20JOB%5cKodi%5cportable_data%5caddons%5cplugin.video.sstv%5cicon.png/" fanart="image://D%3a%5cKODI%20PORTABLE%5cKODI%2020%20JOB%5cKodi%5cportable_data%5caddons%5cplugin.video.sstv%5cfanart.jpg/">ActivateWindow(videos,&quot;plugin://plugin.video.sstv/?url=http%3A%2F%2Fpainel.xcui.top%2Fenigma2.php%3Fusername%3DEdson9366%26password%3DEsn9636%26type%3Dget_live_streams%26cat_id%3D319&amp;mode=2&amp;name=CANAIS+%7C+FILMES+E+S%C3%89RIES&amp;iconimage=D%3A%5CKODI+PORTABLE%5CKODI+20+JOB%5CKodi%5Cportable_data%5Caddons%5Cplugin.video.sstv%5Cicon.png&amp;description=&quot;,return)</favourite>
    <favourite name="CANAIS | GLOBO" thumb="image://D%3a%5cKODI%20PORTABLE%5cKODI%2020%20JOB%5cKodi%5cportable_data%5caddons%5cplugin.video.sstv%5cicon.png/" fanart="image://D%3a%5cKODI%20PORTABLE%5cKODI%2020%20JOB%5cKodi%5cportable_data%5caddons%5cplugin.video.sstv%5cfanart.jpg/">ActivateWindow(videos,&quot;plugin://plugin.video.sstv/?url=http%3A%2F%2Fpainel.xcui.top%2Fenigma2.php%3Fusername%3DEdson9366%26password%3DEsn9636%26type%3Dget_live_streams%26cat_id%3D311&amp;mode=2&amp;name=CANAIS+%7C+GLOBO&amp;iconimage=D%3A%5CKODI+PORTABLE%5CKODI+20+JOB%5CKodi%5Cportable_data%5Caddons%5Cplugin.video.sstv%5Cicon.png&amp;description=&quot;,return)</favourite>
    <favourite name="CANAIS | INFANTIL" thumb="image://D%3a%5cKODI%20PORTABLE%5cKODI%2020%20JOB%5cKodi%5cportable_data%5caddons%5cplugin.video.sstv%5cicon.png/" fanart="image://D%3a%5cKODI%20PORTABLE%5cKODI%2020%20JOB%5cKodi%5cportable_data%5caddons%5cplugin.video.sstv%5cfanart.jpg/">ActivateWindow(videos,&quot;plugin://plugin.video.sstv/?url=http%3A%2F%2Fpainel.xcui.top%2Fenigma2.php%3Fusername%3DEdson9366%26password%3DEsn9636%26type%3Dget_live_streams%26cat_id%3D326&amp;mode=2&amp;name=CANAIS+%7C+INFANTIL&amp;iconimage=D%3A%5CKODI+PORTABLE%5CKODI+20+JOB%5CKodi%5Cportable_data%5Caddons%5Cplugin.video.sstv%5Cicon.png&amp;description=&quot;,return)</favourite>
    <favourite name="CANAIS | INTERNACIONAIS" thumb="image://D%3a%5cKODI%20PORTABLE%5cKODI%2020%20JOB%5cKodi%5cportable_data%5caddons%5cplugin.video.sstv%5cicon.png/" fanart="image://D%3a%5cKODI%20PORTABLE%5cKODI%2020%20JOB%5cKodi%5cportable_data%5caddons%5cplugin.video.sstv%5cfanart.jpg/">ActivateWindow(videos,&quot;plugin://plugin.video.sstv/?url=http%3A%2F%2Fpainel.xcui.top%2Fenigma2.php%3Fusername%3DEdson9366%26password%3DEsn9636%26type%3Dget_live_streams%26cat_id%3D1776&amp;mode=2&amp;name=CANAIS+%7C+INTERNACIONAIS&amp;iconimage=D%3A%5CKODI+PORTABLE%5CKODI+20+JOB%5CKodi%5Cportable_data%5Caddons%5Cplugin.video.sstv%5Cicon.png&amp;description=&quot;,return)</favourite>
    <favourite name="CANAIS | LEGENDADOS" thumb="image://D%3a%5cKODI%20PORTABLE%5cKODI%2020%20JOB%5cKodi%5cportable_data%5caddons%5cplugin.video.sstv%5cicon.png/" fanart="image://D%3a%5cKODI%20PORTABLE%5cKODI%2020%20JOB%5cKodi%5cportable_data%5caddons%5cplugin.video.sstv%5cfanart.jpg/">ActivateWindow(videos,&quot;plugin://plugin.video.sstv/?url=http%3A%2F%2Fpainel.xcui.top%2Fenigma2.php%3Fusername%3DEdson9366%26password%3DEsn9636%26type%3Dget_live_streams%26cat_id%3D686&amp;mode=2&amp;name=CANAIS+%7C+LEGENDADOS&amp;iconimage=D%3A%5CKODI+PORTABLE%5CKODI+20+JOB%5CKodi%5Cportable_data%5Caddons%5Cplugin.video.sstv%5Cicon.png&amp;description=&quot;,return)</favourite>
    <favourite name="CANAIS | MUSICAS" thumb="image://D%3a%5cKODI%20PORTABLE%5cKODI%2020%20JOB%5cKodi%5cportable_data%5caddons%5cplugin.video.sstv%5cicon.png/" fanart="image://D%3a%5cKODI%20PORTABLE%5cKODI%2020%20JOB%5cKodi%5cportable_data%5caddons%5cplugin.video.sstv%5cfanart.jpg/">ActivateWindow(videos,&quot;plugin://plugin.video.sstv/?url=http%3A%2F%2Fpainel.xcui.top%2Fenigma2.php%3Fusername%3DEdson9366%26password%3DEsn9636%26type%3Dget_live_streams%26cat_id%3D354&amp;mode=2&amp;name=CANAIS+%7C+MUSICAS&amp;iconimage=D%3A%5CKODI+PORTABLE%5CKODI+20+JOB%5CKodi%5Cportable_data%5Caddons%5Cplugin.video.sstv%5Cicon.png&amp;description=&quot;,return)</favourite>
    <favourite name="CANAIS | NOTICIAS" thumb="image://D%3a%5cKODI%20PORTABLE%5cKODI%2020%20JOB%5cKodi%5cportable_data%5caddons%5cplugin.video.sstv%5cicon.png/" fanart="image://D%3a%5cKODI%20PORTABLE%5cKODI%2020%20JOB%5cKodi%5cportable_data%5caddons%5cplugin.video.sstv%5cfanart.jpg/">ActivateWindow(videos,&quot;plugin://plugin.video.sstv/?url=http%3A%2F%2Fpainel.xcui.top%2Fenigma2.php%3Fusername%3DEdson9366%26password%3DEsn9636%26type%3Dget_live_streams%26cat_id%3D330&amp;mode=2&amp;name=CANAIS+%7C+NOTICIAS&amp;iconimage=D%3A%5CKODI+PORTABLE%5CKODI+20+JOB%5CKodi%5Cportable_data%5Caddons%5Cplugin.video.sstv%5Cicon.png&amp;description=&quot;,return)</favourite>
    <favourite name="CANAIS | PLUTO TV" thumb="image://D%3a%5cKODI%20PORTABLE%5cKODI%2020%20JOB%5cKodi%5cportable_data%5caddons%5cplugin.video.sstv%5cicon.png/" fanart="image://D%3a%5cKODI%20PORTABLE%5cKODI%2020%20JOB%5cKodi%5cportable_data%5caddons%5cplugin.video.sstv%5cfanart.jpg/">ActivateWindow(videos,&quot;plugin://plugin.video.sstv/?url=http%3A%2F%2Fpainel.xcui.top%2Fenigma2.php%3Fusername%3DEdson9366%26password%3DEsn9636%26type%3Dget_live_streams%26cat_id%3D1147&amp;mode=2&amp;name=CANAIS+%7C+PLUTO+TV&amp;iconimage=D%3A%5CKODI+PORTABLE%5CKODI+20+JOB%5CKodi%5Cportable_data%5Caddons%5Cplugin.video.sstv%5Cicon.png&amp;description=&quot;,return)</favourite>
    <favourite name="CANAIS | PPV CONMEBOL" thumb="image://D%3a%5cKODI%20PORTABLE%5cKODI%2020%20JOB%5cKodi%5cportable_data%5caddons%5cplugin.video.sstv%5cicon.png/" fanart="image://D%3a%5cKODI%20PORTABLE%5cKODI%2020%20JOB%5cKodi%5cportable_data%5caddons%5cplugin.video.sstv%5cfanart.jpg/">ActivateWindow(videos,&quot;plugin://plugin.video.sstv/?url=http%3A%2F%2Fpainel.xcui.top%2Fenigma2.php%3Fusername%3DEdson9366%26password%3DEsn9636%26type%3Dget_live_streams%26cat_id%3D1443&amp;mode=2&amp;name=CANAIS+%7C+PPV+CONMEBOL&amp;iconimage=D%3A%5CKODI+PORTABLE%5CKODI+20+JOB%5CKodi%5Cportable_data%5Caddons%5Cplugin.video.sstv%5Cicon.png&amp;description=&quot;,return)</favourite>
    <favourite name="CANAIS | PPV HBO MAX" thumb="image://D%3a%5cKODI%20PORTABLE%5cKODI%2020%20JOB%5cKodi%5cportable_data%5caddons%5cplugin.video.sstv%5cicon.png/" fanart="image://D%3a%5cKODI%20PORTABLE%5cKODI%2020%20JOB%5cKodi%5cportable_data%5caddons%5cplugin.video.sstv%5cfanart.jpg/">ActivateWindow(videos,&quot;plugin://plugin.video.sstv/?url=http%3A%2F%2Fpainel.xcui.top%2Fenigma2.php%3Fusername%3DEdson9366%26password%3DEsn9636%26type%3Dget_live_streams%26cat_id%3D1441&amp;mode=2&amp;name=CANAIS+%7C+PPV+HBO+MAX&amp;iconimage=D%3A%5CKODI+PORTABLE%5CKODI+20+JOB%5CKodi%5Cportable_data%5Caddons%5Cplugin.video.sstv%5Cicon.png&amp;description=&quot;,return)</favourite>
    <favourite name="CANAIS | PPV SPORTS" thumb="image://D%3a%5cKODI%20PORTABLE%5cKODI%2020%20JOB%5cKodi%5cportable_data%5caddons%5cplugin.video.sstv%5cicon.png/" fanart="image://D%3a%5cKODI%20PORTABLE%5cKODI%2020%20JOB%5cKodi%5cportable_data%5caddons%5cplugin.video.sstv%5cfanart.jpg/">ActivateWindow(videos,&quot;plugin://plugin.video.sstv/?url=http%3A%2F%2Fpainel.xcui.top%2Fenigma2.php%3Fusername%3DEdson9366%26password%3DEsn9636%26type%3Dget_live_streams%26cat_id%3D544&amp;mode=2&amp;name=CANAIS+%7C+PPV+SPORTS&amp;iconimage=D%3A%5CKODI+PORTABLE%5CKODI+20+JOB%5CKodi%5Cportable_data%5Caddons%5Cplugin.video.sstv%5Cicon.png&amp;description=&quot;,return)</favourite>
    <favourite name="CANAIS | PPV STAR+" thumb="image://D%3a%5cKODI%20PORTABLE%5cKODI%2020%20JOB%5cKodi%5cportable_data%5caddons%5cplugin.video.sstv%5cicon.png/" fanart="image://D%3a%5cKODI%20PORTABLE%5cKODI%2020%20JOB%5cKodi%5cportable_data%5caddons%5cplugin.video.sstv%5cfanart.jpg/">ActivateWindow(videos,&quot;plugin://plugin.video.sstv/?url=http%3A%2F%2Fpainel.xcui.top%2Fenigma2.php%3Fusername%3DEdson9366%26password%3DEsn9636%26type%3Dget_live_streams%26cat_id%3D1440&amp;mode=2&amp;name=CANAIS+%7C+PPV+STAR%2B&amp;iconimage=D%3A%5CKODI+PORTABLE%5CKODI+20+JOB%5CKodi%5Cportable_data%5Caddons%5Cplugin.video.sstv%5Cicon.png&amp;description=&quot;,return)</favourite>
    <favourite name="CANAIS | PPV WORLD SPORTS" thumb="image://D%3a%5cKODI%20PORTABLE%5cKODI%2020%20JOB%5cKodi%5cportable_data%5caddons%5cplugin.video.sstv%5cicon.png/" fanart="image://D%3a%5cKODI%20PORTABLE%5cKODI%2020%20JOB%5cKodi%5cportable_data%5caddons%5cplugin.video.sstv%5cfanart.jpg/">ActivateWindow(videos,&quot;plugin://plugin.video.sstv/?url=http%3A%2F%2Fpainel.xcui.top%2Fenigma2.php%3Fusername%3DEdson9366%26password%3DEsn9636%26type%3Dget_live_streams%26cat_id%3D1544&amp;mode=2&amp;name=CANAIS+%7C+PPV+WORLD+SPORTS&amp;iconimage=D%3A%5CKODI+PORTABLE%5CKODI+20+JOB%5CKodi%5Cportable_data%5Caddons%5Cplugin.video.sstv%5Cicon.png&amp;description=&quot;,return)</favourite>
    <favourite name="CANAIS | PREMIERE" thumb="image://D%3a%5cKODI%20PORTABLE%5cKODI%2020%20JOB%5cKodi%5cportable_data%5caddons%5cplugin.video.sstv%5cicon.png/" fanart="image://D%3a%5cKODI%20PORTABLE%5cKODI%2020%20JOB%5cKodi%5cportable_data%5caddons%5cplugin.video.sstv%5cfanart.jpg/">ActivateWindow(videos,&quot;plugin://plugin.video.sstv/?url=http%3A%2F%2Fpainel.xcui.top%2Fenigma2.php%3Fusername%3DEdson9366%26password%3DEsn9636%26type%3Dget_live_streams%26cat_id%3D329&amp;mode=2&amp;name=CANAIS+%7C+PREMIERE&amp;iconimage=D%3A%5CKODI+PORTABLE%5CKODI+20+JOB%5CKodi%5Cportable_data%5Caddons%5Cplugin.video.sstv%5Cicon.png&amp;description=&quot;,return)</favourite>
    <favourite name="CANAIS | REALITY" thumb="image://D%3a%5cKODI%20PORTABLE%5cKODI%2020%20JOB%5cKodi%5cportable_data%5caddons%5cplugin.video.sstv%5cicon.png/" fanart="image://D%3a%5cKODI%20PORTABLE%5cKODI%2020%20JOB%5cKodi%5cportable_data%5caddons%5cplugin.video.sstv%5cfanart.jpg/">ActivateWindow(videos,&quot;plugin://plugin.video.sstv/?url=http%3A%2F%2Fpainel.xcui.top%2Fenigma2.php%3Fusername%3DEdson9366%26password%3DEsn9636%26type%3Dget_live_streams%26cat_id%3D1438&amp;mode=2&amp;name=CANAIS+%7C+REALITY&amp;iconimage=D%3A%5CKODI+PORTABLE%5CKODI+20+JOB%5CKodi%5Cportable_data%5Caddons%5Cplugin.video.sstv%5Cicon.png&amp;description=&quot;,return)</favourite>
    <favourite name="CANAIS | RECORD" thumb="image://D%3a%5cKODI%20PORTABLE%5cKODI%2020%20JOB%5cKodi%5cportable_data%5caddons%5cplugin.video.sstv%5cicon.png/" fanart="image://D%3a%5cKODI%20PORTABLE%5cKODI%2020%20JOB%5cKodi%5cportable_data%5caddons%5cplugin.video.sstv%5cfanart.jpg/">ActivateWindow(videos,&quot;plugin://plugin.video.sstv/?url=http%3A%2F%2Fpainel.xcui.top%2Fenigma2.php%3Fusername%3DEdson9366%26password%3DEsn9636%26type%3Dget_live_streams%26cat_id%3D513&amp;mode=2&amp;name=CANAIS+%7C+RECORD&amp;iconimage=D%3A%5CKODI+PORTABLE%5CKODI+20+JOB%5CKodi%5Cportable_data%5Caddons%5Cplugin.video.sstv%5Cicon.png&amp;description=&quot;,return)</favourite>
    <favourite name="CANAIS | REDE HBO" thumb="image://D%3a%5cKODI%20PORTABLE%5cKODI%2020%20JOB%5cKodi%5cportable_data%5caddons%5cplugin.video.sstv%5cicon.png/" fanart="image://D%3a%5cKODI%20PORTABLE%5cKODI%2020%20JOB%5cKodi%5cportable_data%5caddons%5cplugin.video.sstv%5cfanart.jpg/">ActivateWindow(videos,&quot;plugin://plugin.video.sstv/?url=http%3A%2F%2Fpainel.xcui.top%2Fenigma2.php%3Fusername%3DEdson9366%26password%3DEsn9636%26type%3Dget_live_streams%26cat_id%3D318&amp;mode=2&amp;name=CANAIS+%7C+REDE+HBO&amp;iconimage=D%3A%5CKODI+PORTABLE%5CKODI+20+JOB%5CKodi%5Cportable_data%5Caddons%5Cplugin.video.sstv%5Cicon.png&amp;description=&quot;,return)</favourite>
    <favourite name="CANAIS | REDE TELECINE" thumb="image://D%3a%5cKODI%20PORTABLE%5cKODI%2020%20JOB%5cKodi%5cportable_data%5caddons%5cplugin.video.sstv%5cicon.png/" fanart="image://D%3a%5cKODI%20PORTABLE%5cKODI%2020%20JOB%5cKodi%5cportable_data%5caddons%5cplugin.video.sstv%5cfanart.jpg/">ActivateWindow(videos,&quot;plugin://plugin.video.sstv/?url=http%3A%2F%2Fpainel.xcui.top%2Fenigma2.php%3Fusername%3DEdson9366%26password%3DEsn9636%26type%3Dget_live_streams%26cat_id%3D334&amp;mode=2&amp;name=CANAIS+%7C+REDE+TELECINE&amp;iconimage=D%3A%5CKODI+PORTABLE%5CKODI+20+JOB%5CKodi%5Cportable_data%5Caddons%5Cplugin.video.sstv%5Cicon.png&amp;description=&quot;,return)</favourite>
    <favourite name="CANAIS | RELIGIOSOS" thumb="image://D%3a%5cKODI%20PORTABLE%5cKODI%2020%20JOB%5cKodi%5cportable_data%5caddons%5cplugin.video.sstv%5cicon.png/" fanart="image://D%3a%5cKODI%20PORTABLE%5cKODI%2020%20JOB%5cKodi%5cportable_data%5caddons%5cplugin.video.sstv%5cfanart.jpg/">ActivateWindow(videos,&quot;plugin://plugin.video.sstv/?url=http%3A%2F%2Fpainel.xcui.top%2Fenigma2.php%3Fusername%3DEdson9366%26password%3DEsn9636%26type%3Dget_live_streams%26cat_id%3D322&amp;mode=2&amp;name=CANAIS+%7C+RELIGIOSOS&amp;iconimage=D%3A%5CKODI+PORTABLE%5CKODI+20+JOB%5CKodi%5Cportable_data%5Caddons%5Cplugin.video.sstv%5Cicon.png&amp;description=&quot;,return)</favourite>
    <favourite name="CANAIS | RÁDIO" thumb="image://D%3a%5cKODI%20PORTABLE%5cKODI%2020%20JOB%5cKodi%5cportable_data%5caddons%5cplugin.video.sstv%5cicon.png/" fanart="image://D%3a%5cKODI%20PORTABLE%5cKODI%2020%20JOB%5cKodi%5cportable_data%5caddons%5cplugin.video.sstv%5cfanart.jpg/">ActivateWindow(videos,&quot;plugin://plugin.video.sstv/?url=http%3A%2F%2Fpainel.xcui.top%2Fenigma2.php%3Fusername%3DEdson9366%26password%3DEsn9636%26type%3Dget_live_streams%26cat_id%3D301&amp;mode=2&amp;name=CANAIS+%7C+R%C3%81DIO&amp;iconimage=D%3A%5CKODI+PORTABLE%5CKODI+20+JOB%5CKodi%5Cportable_data%5Caddons%5Cplugin.video.sstv%5Cicon.png&amp;description=&quot;,return)</favourite>
    <favourite name="CANAIS | VARIEDADES" thumb="image://D%3a%5cKODI%20PORTABLE%5cKODI%2020%20JOB%5cKodi%5cportable_data%5caddons%5cplugin.video.sstv%5cicon.png/" fanart="image://D%3a%5cKODI%20PORTABLE%5cKODI%2020%20JOB%5cKodi%5cportable_data%5caddons%5cplugin.video.sstv%5cfanart.jpg/">ActivateWindow(videos,&quot;plugin://plugin.video.sstv/?url=http%3A%2F%2Fpainel.xcui.top%2Fenigma2.php%3Fusername%3DEdson9366%26password%3DEsn9636%26type%3Dget_live_streams%26cat_id%3D336&amp;mode=2&amp;name=CANAIS+%7C+VARIEDADES&amp;iconimage=D%3A%5CKODI+PORTABLE%5CKODI+20+JOB%5CKodi%5Cportable_data%5Caddons%5Cplugin.video.sstv%5Cicon.png&amp;description=&quot;,return)</favourite>
    <favourite name="INFORMATIVOS" thumb="image://D%3a%5cKODI%20PORTABLE%5cKODI%2020%20JOB%5cKodi%5cportable_data%5caddons%5cplugin.video.sstv%5cicon.png/" fanart="image://D%3a%5cKODI%20PORTABLE%5cKODI%2020%20JOB%5cKodi%5cportable_data%5caddons%5cplugin.video.sstv%5cfanart.jpg/">ActivateWindow(videos,&quot;plugin://plugin.video.sstv/?url=http%3A%2F%2Fpainel.xcui.top%2Fenigma2.php%3Fusername%3DEdson9366%26password%3DEsn9636%26type%3Dget_live_streams%26cat_id%3D1780&amp;mode=2&amp;name=INFORMATIVOS&amp;iconimage=D%3A%5CKODI+PORTABLE%5CKODI+20+JOB%5CKodi%5Cportable_data%5Caddons%5Cplugin.video.sstv%5Cicon.png&amp;description=&quot;,return)</favourite>
</favourites>



*http://painel.xcui.top:80/get.php?username=Edson9366&password=Esn9636&type=m3u&output=ts	Active	04/09/2020 22:37:10	10/06/2023 13:19:10	0	0	2	"m3u8","ts"	

http://painel.xcui.top:80/get.php?username=Edson9366&password=Esn9636&type=m3u&output=ts	Active	06/05/2022 22:26:20	11/08/2023 00:20:34	0	0	2	"m3u8","ts"	
http://painel.xcui.top:80/get.php?username=AdemirFernandes&password=AF417010&type=m3u&output=ts	Active	26/11/2019 16:44:10	01/01/0001 00:00:00	0	0	2	"m3u8","ts"	
http://painel.xcui.top:80/get.php?username=cesarmelo&password=37999242593&type=m3u&output=ts	Active	03/09/2022 02:18:13	02/10/2023 02:18:00	0	1	2	"m3u8","ts"	
http://painel.xcui.top:80/get.php?username=caiorios&password=71987713093&type=m3u&output=ts	Active	12/03/2022 20:01:13	18/08/2023 01:43:04	0	0	2	"m3u8","ts"	
http://painel.xcui.top:80/get.php?username=Guilherme4728&password=21995104728&type=m3u&output=ts	Active	25/06/2022 20:24:21	26/08/2023 13:59:03	0	0	2	"m3u8","ts"	
http://painel.xcui.top:80/get.php?username=jqjigw9x&password=ulg84hn1&type=m3u&output=ts	Active	21/09/2022 00:58:38	24/09/2023 22:12:35	0	0	2	"m3u8","ts"	
http://painel.xcui.top:80/get.php?username=Inacia10&password=Inacia2019&type=m3u&output=ts	Active	25/06/2018 20:49:36	11/06/2024 21:00:00	0	0	2	"m3u8","ts"	
http://painel.xcui.top:80/get.php?username=ronaldo3519748&password=38691639&type=m3u&output=ts	Active	10/01/2023 19:44:15	16/02/2024 17:47:41	0	0	2	"m3u8","ts"	
http://painel.xcui.top:80/get.php?username=matrix&password=12996642937&type=m3u&output=ts	Active	20/09/2022 12:52:29	30/11/2023 00:00:00	0	1	2	"m3u8","ts"	