<favourites>
    <favourite name="ABERTOS & OUTROS" thumb="https://cdn-icons-png.flaticon.com/512/550/550486.png" fanart="https://wallpapercave.com/wp/wp7762287.jpg">ActivateWindow(videos,&quot;plugin://plugin.video.predator.portal/?url=http%3A%2F%2Fucsxiptv.com%3A8080%2Fenigma2.php%3Fusername%3DConectv%26password%3DMDUsayxr395f776hb3d6%26type%3Dget_live_streams%26cat_id%3D7&amp;mode=2&amp;name=ABERTOS+%26+OUTROS&amp;iconimage=D%3A%5CKODI+PORTABLE%5CKODI+20+JOB%5CKodi%5Cportable_data%5Caddons%5Cplugin.video.predator.portal%5Cicon.png&amp;description=&quot;,return)</favourite>
    <favourite name="CANAIS 24H" thumb="https://cdn-icons-png.flaticon.com/512/237/237205.png" fanart="https://wallpapercave.com/wp/wp7762287.jpg">ActivateWindow(videos,&quot;plugin://plugin.video.predator.portal/?url=http%3A%2F%2Fucsxiptv.com%3A8080%2Fenigma2.php%3Fusername%3DConectv%26password%3DMDUsayxr395f776hb3d6%26type%3Dget_live_streams%26cat_id%3D13&amp;mode=2&amp;name=CANAIS+24H&amp;iconimage=D%3A%5CKODI+PORTABLE%5CKODI+20+JOB%5CKodi%5Cportable_data%5Caddons%5Cplugin.video.predator.portal%5Cicon.png&amp;description=&quot;,return)</favourite>
    <favourite name="CANAIS GLOBO" thumb="https://cdn.mitvstatic.com/channels/globo_m.jpg" fanart="https://wallpapercave.com/wp/wp7762287.jpg">ActivateWindow(videos,&quot;plugin://plugin.video.predator.portal/?url=http%3A%2F%2Fucsxiptv.com%3A8080%2Fenigma2.php%3Fusername%3DConectv%26password%3DMDUsayxr395f776hb3d6%26type%3Dget_live_streams%26cat_id%3D5&amp;mode=2&amp;name=CANAIS+GLOBO&amp;iconimage=D%3A%5CKODI+PORTABLE%5CKODI+20+JOB%5CKodi%5Cportable_data%5Caddons%5Cplugin.video.predator.portal%5Cicon.png&amp;description=&quot;,return)</favourite>
    <favourite name="CINEFLIX" thumb="https://cinefreak.com.br/wp-content/uploads/2013/01/cineflix_twitter_logo.jpg" fanart="https://wallpapercave.com/wp/wp7762287.jpg">ActivateWindow(videos,&quot;plugin://plugin.video.predator.portal/?url=http%3A%2F%2Fucsxiptv.com%3A8080%2Fenigma2.php%3Fusername%3DConectv%26password%3DMDUsayxr395f776hb3d6%26type%3Dget_live_streams%26cat_id%3D105&amp;mode=2&amp;name=CINEFLIX&amp;iconimage=D%3A%5CKODI+PORTABLE%5CKODI+20+JOB%5CKodi%5Cportable_data%5Caddons%5Cplugin.video.predator.portal%5Cicon.png&amp;description=&quot;,return)</favourite>
    <favourite name="DOCUMENTÁRIOS" thumb="https://cdn-icons-png.flaticon.com/512/5190/5190261.png" fanart="https://wallpapercave.com/wp/wp7762287.jpg">ActivateWindow(videos,&quot;plugin://plugin.video.predator.portal/?url=http%3A%2F%2Fucsxiptv.com%3A8080%2Fenigma2.php%3Fusername%3DConectv%26password%3DMDUsayxr395f776hb3d6%26type%3Dget_live_streams%26cat_id%3D12&amp;mode=2&amp;name=DOCUMENT%C3%81RIOS&amp;iconimage=D%3A%5CKODI+PORTABLE%5CKODI+20+JOB%5CKodi%5Cportable_data%5Caddons%5Cplugin.video.predator.portal%5Cicon.png&amp;description=&quot;,return)</favourite>
    <favourite name="ESPORTES | PREMIERES" thumb="https://cdn-icons-png.flaticon.com/512/2040/2040742.png" fanart="https://wallpapercave.com/wp/wp7762287.jpg">ActivateWindow(videos,&quot;plugin://plugin.video.predator.portal/?url=http%3A%2F%2Fucsxiptv.com%3A8080%2Fenigma2.php%3Fusername%3DConectv%26password%3DMDUsayxr395f776hb3d6%26type%3Dget_live_streams%26cat_id%3D11&amp;mode=2&amp;name=ESPORTES+%7C+PREMIERES&amp;iconimage=D%3A%5CKODI+PORTABLE%5CKODI+20+JOB%5CKodi%5Cportable_data%5Caddons%5Cplugin.video.predator.portal%5Cicon.png&amp;description=&quot;,return)</favourite>
    <favourite name="ESPORTES" thumb="https://cdn-icons-png.flaticon.com/512/4163/4163684.png" fanart="https://wallpapercave.com/wp/wp7762287.jpg">ActivateWindow(videos,&quot;plugin://plugin.video.predator.portal/?url=http%3A%2F%2Fucsxiptv.com%3A8080%2Fenigma2.php%3Fusername%3DConectv%26password%3DMDUsayxr395f776hb3d6%26type%3Dget_live_streams%26cat_id%3D10&amp;mode=2&amp;name=ESPORTES&amp;iconimage=D%3A%5CKODI+PORTABLE%5CKODI+20+JOB%5CKodi%5Cportable_data%5Caddons%5Cplugin.video.predator.portal%5Cicon.png&amp;description=&quot;,return)</favourite>
    <favourite name="FILMES & SÉRIES" thumb="https://filmesnseries.files.wordpress.com/2017/08/cropped-cropped-filmes-and-series1.png" fanart="https://wallpapercave.com/wp/wp7762287.jpg">ActivateWindow(videos,&quot;plugin://plugin.video.predator.portal/?url=http%3A%2F%2Fucsxiptv.com%3A8080%2Fenigma2.php%3Fusername%3DConectv%26password%3DMDUsayxr395f776hb3d6%26type%3Dget_live_streams%26cat_id%3D3&amp;mode=2&amp;name=FILMES+%26+S%C3%89RIES&amp;iconimage=D%3A%5CKODI+PORTABLE%5CKODI+20+JOB%5CKodi%5Cportable_data%5Caddons%5Cplugin.video.predator.portal%5Cicon.png&amp;description=&quot;,return)</favourite>
    <favourite name="INFANTIS" thumb="https://cdn-icons-png.flaticon.com/512/2061/2061107.png" fanart="https://wallpapercave.com/wp/wp7762287.jpg">ActivateWindow(videos,&quot;plugin://plugin.video.predator.portal/?url=http%3A%2F%2Fucsxiptv.com%3A8080%2Fenigma2.php%3Fusername%3DConectv%26password%3DMDUsayxr395f776hb3d6%26type%3Dget_live_streams%26cat_id%3D6&amp;mode=2&amp;name=INFANTIS&amp;iconimage=D%3A%5CKODI+PORTABLE%5CKODI+20+JOB%5CKodi%5Cportable_data%5Caddons%5Cplugin.video.predator.portal%5Cicon.png&amp;description=&quot;,return)</favourite>
    <favourite name="NOTÍCIAS" thumb="https://cdn-icons-png.flaticon.com/512/1169/1169140.png" fanart="https://wallpapercave.com/wp/wp7762287.jpg">ActivateWindow(videos,&quot;plugin://plugin.video.predator.portal/?url=http%3A%2F%2Fucsxiptv.com%3A8080%2Fenigma2.php%3Fusername%3DConectv%26password%3DMDUsayxr395f776hb3d6%26type%3Dget_live_streams%26cat_id%3D8&amp;mode=2&amp;name=NOT%C3%8DCIAS&amp;iconimage=D%3A%5CKODI+PORTABLE%5CKODI+20+JOB%5CKodi%5Cportable_data%5Caddons%5Cplugin.video.predator.portal%5Cicon.png&amp;description=&quot;,return)</favourite>
    <favourite name="PLUTO TV" thumb="https://image.apktoy.com/img/5c/tv.pluto.android/icon.png" fanart="https://wallpapercave.com/wp/wp7762287.jpg">ActivateWindow(videos,&quot;plugin://plugin.video.predator.portal/?url=http%3A%2F%2Fucsxiptv.com%3A8080%2Fenigma2.php%3Fusername%3DConectv%26password%3DMDUsayxr395f776hb3d6%26type%3Dget_live_streams%26cat_id%3D101&amp;mode=2&amp;name=PLUTO+TV&amp;iconimage=D%3A%5CKODI+PORTABLE%5CKODI+20+JOB%5CKodi%5Cportable_data%5Caddons%5Cplugin.video.predator.portal%5Cicon.png&amp;description=&quot;,return)</favourite>
    <favourite name="RELIGIOSOS" thumb="https://cdn-icons-png.flaticon.com/512/5783/5783726.png" fanart="https://wallpapercave.com/wp/wp7762287.jpg">ActivateWindow(videos,&quot;plugin://plugin.video.predator.portal/?url=http%3A%2F%2Fucsxiptv.com%3A8080%2Fenigma2.php%3Fusername%3DConectv%26password%3DMDUsayxr395f776hb3d6%26type%3Dget_live_streams%26cat_id%3D9&amp;mode=2&amp;name=RELIGIOSOS&amp;iconimage=D%3A%5CKODI+PORTABLE%5CKODI+20+JOB%5CKodi%5Cportable_data%5Caddons%5Cplugin.video.predator.portal%5Cicon.png&amp;description=&quot;,return)</favourite>
    <favourite name="VARIEDADES" thumb="https://cdn-icons-png.flaticon.com/512/2286/2286682.png" fanart="https://wallpapercave.com/wp/wp7762287.jpg">ActivateWindow(videos,&quot;plugin://plugin.video.predator.portal/?url=http%3A%2F%2Fucsxiptv.com%3A8080%2Fenigma2.php%3Fusername%3DConectv%26password%3DMDUsayxr395f776hb3d6%26type%3Dget_live_streams%26cat_id%3D4&amp;mode=2&amp;name=VARIEDADES&amp;iconimage=D%3A%5CKODI+PORTABLE%5CKODI+20+JOB%5CKodi%5Cportable_data%5Caddons%5Cplugin.video.predator.portal%5Cicon.png&amp;description=&quot;,return)</favourite>
</favourites>