<favourites>
    
    <favourite name="01 ●≡ CHRONOSTV  |  f4mTester" thumb="https://encrypted-tbn0.gstatic.com/images?q=tbn:ANd9GcRJ3JDbCTZfUlcFhi7kB01-Y_Lqy3lwJx-QTx8R8vGvwOaTqEDbx2uxA4RxAdF1A8Wymh8&usqp=CAU" fanart="https://reisnet.in/wp-content/uploads/2023/02/nettverk.jpg">ActivateWindow(videos,&quot;plugin://plugin.video.twoaddons/?url=https%3A%2F%2Fgist.githubusercontent.com%2Fspina777%2F9923d15e660f5ac921804b7287da2644%2Fraw%2Fa8d08a8d184ad277f8b9519b3f2be8cf2a9efe72%2F000000&amp;mode=1&amp;name=%5BB%5D%5BCOLOR+blue%5D%E2%97%8F%E2%89%A1+%5B%2FCOLOR%5D+%5BCOLOR+white%5D+SERVIDOR+13+%7C+%5BCOLOR+red%5D+spina%5B%2FCOLOR%5D%5BCOLOR+orange%5Dbr%5B%2FCOLOR%5D%5B%2FB%5D&amp;fanart=http%3A%2F%2Froger1964.antaeus.feralhosting.com%2FMedia%2FPainel%2Fneotvfanart.jpg&quot;,return)</favourite>
	<favourite name="02 ●≡ CHRONOSTV  |  f4mTester" thumb="https://encrypted-tbn0.gstatic.com/images?q=tbn:ANd9GcRJ3JDbCTZfUlcFhi7kB01-Y_Lqy3lwJx-QTx8R8vGvwOaTqEDbx2uxA4RxAdF1A8Wymh8&usqp=CAU" fanart="https://reisnet.in/wp-content/uploads/2023/02/nettverk.jpg">ActivateWindow(videos,&quot;plugin://plugin.video.twoaddons/?url=https%3A%2F%2Fgist.githubusercontent.com%2Fspina777%2F9923d15e660f5ac921804b7287da2644%2Fraw%2F8007ca3929ccb3e0da7034ba2e956e9c77396cbd%2F000000&amp;mode=1&amp;name=%5BB%5D%5BCOLOR+blue%5D%E2%97%8F%E2%89%A1+%5B%2FCOLOR%5D+%5BCOLOR+white%5D+SERVIDOR+13+%7C+%5BCOLOR+red%5D+spina%5B%2FCOLOR%5D%5BCOLOR+orange%5Dbr%5B%2FCOLOR%5D%5B%2FB%5D&amp;fanart=http%3A%2F%2Froger1964.antaeus.feralhosting.com%2FMedia%2FPainel%2Fneotvfanart.jpg&quot;,return)</favourite>
	<favourite name="03 ●≡ CHRONOSTV  |  f4mTester" thumb="https://encrypted-tbn0.gstatic.com/images?q=tbn:ANd9GcRJ3JDbCTZfUlcFhi7kB01-Y_Lqy3lwJx-QTx8R8vGvwOaTqEDbx2uxA4RxAdF1A8Wymh8&usqp=CAU" fanart="https://reisnet.in/wp-content/uploads/2023/02/nettverk.jpg">ActivateWindow(videos,&quot;plugin://plugin.video.twoaddons/?url=https%3A%2F%2Fgist.githubusercontent.com%2Fspina777%2F9923d15e660f5ac921804b7287da2644%2Fraw%2F3564587b34c509aec08645db750b188873a769ea%2F000000&amp;mode=1&amp;name=%5BB%5D%5BCOLOR+blue%5D%E2%97%8F%E2%89%A1+%5B%2FCOLOR%5D+%5BCOLOR+white%5D+SERVIDOR+13+%7C+%5BCOLOR+red%5D+spina%5B%2FCOLOR%5D%5BCOLOR+orange%5Dbr%5B%2FCOLOR%5D%5B%2FB%5D&amp;fanart=http%3A%2F%2Froger1964.antaeus.feralhosting.com%2FMedia%2FPainel%2Fneotvfanart.jpg&quot;,return)</favourite>
	<favourite name="04 ●≡ CHRONOSTV  |  f4mTester" thumb="https://encrypted-tbn0.gstatic.com/images?q=tbn:ANd9GcRJ3JDbCTZfUlcFhi7kB01-Y_Lqy3lwJx-QTx8R8vGvwOaTqEDbx2uxA4RxAdF1A8Wymh8&usqp=CAU" fanart="https://reisnet.in/wp-content/uploads/2023/02/nettverk.jpg">ActivateWindow(videos,&quot;plugin://plugin.video.twoaddons/?url=https%3A%2F%2Fgist.githubusercontent.com%2Fspina777%2F9923d15e660f5ac921804b7287da2644%2Fraw%2F3564587b34c509aec08645db750b188873a769ea%2F000000&amp;mode=1&amp;name=%5BB%5D%5BCOLOR+blue%5D%E2%97%8F%E2%89%A1+%5B%2FCOLOR%5D+%5BCOLOR+white%5D+SERVIDOR+13+%7C+%5BCOLOR+red%5D+spina%5B%2FCOLOR%5D%5BCOLOR+orange%5Dbr%5B%2FCOLOR%5D%5B%2FB%5D&amp;fanart=http%3A%2F%2Froger1964.antaeus.feralhosting.com%2FMedia%2FPainel%2Fneotvfanart.jpg&quot;,return)</favourite>
	<favourite name="05 ●≡ CHRONOSTV  |  f4mTester" thumb="https://encrypted-tbn0.gstatic.com/images?q=tbn:ANd9GcRJ3JDbCTZfUlcFhi7kB01-Y_Lqy3lwJx-QTx8R8vGvwOaTqEDbx2uxA4RxAdF1A8Wymh8&usqp=CAU" fanart="https://reisnet.in/wp-content/uploads/2023/02/nettverk.jpg">ActivateWindow(videos,&quot;plugin://plugin.video.twoaddons/?url=https%3A%2F%2Fgist.githubusercontent.com%2Fspin4%2F37c694b28f39a2470f0ccbb1e875d700%2Fraw%2F28b0e8ec29e3cbe1963eee49ceae815945bb2658%2Foooo&amp;mode=1&amp;name=%5BB%5D%5BCOLOR+blue%5D%E2%97%8F%E2%89%A1+%5B%2FCOLOR%5D+%5BCOLOR+white%5D+SERVIDOR+13+%7C+%5BCOLOR+red%5D+spina%5B%2FCOLOR%5D%5BCOLOR+orange%5Dbr%5B%2FCOLOR%5D%5B%2FB%5D&amp;fanart=http%3A%2F%2Froger1964.antaeus.feralhosting.com%2FMedia%2FPainel%2Fneotvfanart.jpg&quot;,return)</favourite>
	
	
	
</favourites>




*01- http://dns.p2.wtf:80/get.php?username=Silquarto&password=Asdf1234&type=m3u&output=ts	Active	20/12/2020 21:54:22	17/09/2023 01:26:00	0	16	1	"m3u8","ts","rtmp"	
https://gist.githubusercontent.com/spina777/9923d15e660f5ac921804b7287da2644/raw/a8d08a8d184ad277f8b9519b3f2be8cf2a9efe72/000000
*02- http://dns.p2.wtf/get.php?username=5678bam3aa&password=8w5xgpli6g&type=m3u&output=ts	Active	27/03/2022 00:30:56	08/09/2023 20:16:06	0	1	1	"m3u8","ts"	
https://gist.githubusercontent.com/spina777/9923d15e660f5ac921804b7287da2644/raw/8007ca3929ccb3e0da7034ba2e956e9c77396cbd/000000
*03- http://chronostv.com:80/get.php?username=3kw09zkx&password=u62ux3x2&type=m3u&output=ts	Active	11/06/2022 18:52:59	26/09/2023 15:18:22	0	1	1	"m3u8","ts"	
https://gist.githubusercontent.com/spina777/9923d15e660f5ac921804b7287da2644/raw/3564587b34c509aec08645db750b188873a769ea/000000
*04- http://chronostv.com:80/get.php?username=q7swscbpcn&password=suj5nkhv3w&type=m3u&output=ts	Active	14/02/2022 22:00:31	26/08/2023 21:25:25	0	1	1	"m3u8","ts"	
https://gist.githubusercontent.com/spina777/9923d15e660f5ac921804b7287da2644/raw/3564587b34c509aec08645db750b188873a769ea/000000
*05- http://dns.p2.wtf:8080/get.php?username=rpkmho7j&password=x1giut7g&type=m3u&output=ts	Active	08/06/2022 13:53:26	13/06/2023 00:49:58	0	21	1	"m3u8","ts"
https://gist.githubusercontent.com/spin4/37c694b28f39a2470f0ccbb1e875d700/raw/28b0e8ec29e3cbe1963eee49ceae815945bb2658/oooo







http://dns.p2.wtf:80/get.php?username=q7swscbpcn&password=suj5nkhv3w&type=m3u&output=ts	Active	14/02/2022 22:00:31	26/08/2023 21:25:25	0	1	1	"m3u8","ts"	
http://chronostv.com:80/get.php?username=bx7sx2ah&password=39r9u3fb&type=m3u&output=ts	Active	06/06/2022 22:49:14	14/09/2023 18:54:22	0	1	1	"m3u8","ts"	
http://dns.p2.wtf:80/get.php?username=p8uvbzcr&password=0cpkxd30&type=m3u&output=ts	Active	13/06/2022 19:05:00	24/09/2023 12:59:51	0	1	1	"m3u8","ts"	
http://chronostv.com:80/get.php?username=7nfu38a3&password=4wobxquv&type=m3u&output=ts	Active	11/06/2022 03:57:42	12/09/2023 20:56:33	0	1	1	"m3u8","ts"	
http://dns.p2.wtf:80/get.php?username=pckfit&password=gowbia&type=m3u&output=ts	Active	10/06/2020 00:13:09	18/09/2023 18:48:39	0	1	1	"m3u8","ts","rtmp"	
http://dns.p2.wtf:80/get.php?username=key8vkgtac&password=ft5xfuc6bv&type=m3u&output=ts	Active	30/01/2022 18:31:10	05/09/2023 17:38:25	0	0	1	"m3u8","ts"	
http://chronostv.com:80/get.php?username=9zjjo38vys&password=b8b93zxoqm&type=m3u&output=ts	Active	16/03/2022 19:22:10	16/09/2023 22:24:15	0	0	1	"m3u8","ts"	
http://chronostv.com:80/get.php?username=ypmrgu4o&password=pekmpytz&type=m3u&output=ts	Active	08/06/2022 11:47:16	09/09/2023 17:43:18	0	0	1	"m3u8","ts"	
http://dns.p2.wtf:8080/get.php?username=soywp64r&password=1532ux2i&type=m3u&output=ts	Active	20/04/2022 21:45:16	20/09/2023 23:39:44	0	0	1	"m3u8","ts"	
http://chronostv.com:80/get.php?username=key8vkgtac&password=ft5xfuc6bv&type=m3u&output=ts	Active	30/01/2022 18:31:10	05/09/2023 17:38:25	0	0	1	"m3u8","ts"	
http://chronostv.com:80/get.php?username=hhi4xszd&password=aowvgqk6&type=m3u&output=ts	Active	05/06/2022 15:15:38	10/09/2023 22:57:14	0	0	1	"m3u8","ts"	
http://dns.p2.wtf:8080/get.php?username=hhi4xszd&password=aowvgqk6&type=m3u&output=ts	Active	05/06/2022 15:15:38	10/09/2023 22:57:14	0	0	1	"m3u8","ts"	