<favourites>
    <favourite name="4K (UHD)" thumb="image://D%3a%5cKODI%20PORTABLE%5cKODI%2020%20JOB%5cKodi%5cportable_data%5caddons%5cplugin.video.sstv%5cicon.png/" fanart="image://D%3a%5cKODI%20PORTABLE%5cKODI%2020%20JOB%5cKodi%5cportable_data%5caddons%5cplugin.video.sstv%5cfanart.jpg/">ActivateWindow(videos,&quot;plugin://plugin.video.sstv/?url=http%3A%2F%2Fcdn.rtyh.xyz%2Fenigma2.php%3Fusername%3Dhxd56jhb%26password%3D7gu0abab%26type%3Dget_live_streams%26cat_id%3D348&amp;mode=2&amp;name=4K+%28UHD%29&amp;iconimage=D%3A%5CKODI+PORTABLE%5CKODI+20+JOB%5CKodi%5Cportable_data%5Caddons%5Cplugin.video.sstv%5Cicon.png&amp;description=&quot;,return)</favourite>
    <favourite name="A GRANDE CONQUISTA - REALITY" thumb="image://D%3a%5cKODI%20PORTABLE%5cKODI%2020%20JOB%5cKodi%5cportable_data%5caddons%5cplugin.video.sstv%5cicon.png/" fanart="image://D%3a%5cKODI%20PORTABLE%5cKODI%2020%20JOB%5cKodi%5cportable_data%5caddons%5cplugin.video.sstv%5cfanart.jpg/">ActivateWindow(videos,&quot;plugin://plugin.video.sstv/?url=http%3A%2F%2Fcdn.rtyh.xyz%2Fenigma2.php%3Fusername%3Dhxd56jhb%26password%3D7gu0abab%26type%3Dget_live_streams%26cat_id%3D1282&amp;mode=2&amp;name=A+GRANDE+CONQUISTA+-+REALITY&amp;iconimage=D%3A%5CKODI+PORTABLE%5CKODI+20+JOB%5CKodi%5Cportable_data%5Caddons%5Cplugin.video.sstv%5Cicon.png&amp;description=&quot;,return)</favourite>
    <favourite name="ABERTOS" thumb="image://D%3a%5cKODI%20PORTABLE%5cKODI%2020%20JOB%5cKodi%5cportable_data%5caddons%5cplugin.video.sstv%5cicon.png/" fanart="image://D%3a%5cKODI%20PORTABLE%5cKODI%2020%20JOB%5cKodi%5cportable_data%5caddons%5cplugin.video.sstv%5cfanart.jpg/">ActivateWindow(videos,&quot;plugin://plugin.video.sstv/?url=http%3A%2F%2Fcdn.rtyh.xyz%2Fenigma2.php%3Fusername%3Dhxd56jhb%26password%3D7gu0abab%26type%3Dget_live_streams%26cat_id%3D31&amp;mode=2&amp;name=ABERTOS&amp;iconimage=D%3A%5CKODI+PORTABLE%5CKODI+20+JOB%5CKodi%5Cportable_data%5Caddons%5Cplugin.video.sstv%5Cicon.png&amp;description=&quot;,return)</favourite>
    <favourite name="ALEMANHA" thumb="image://D%3a%5cKODI%20PORTABLE%5cKODI%2020%20JOB%5cKodi%5cportable_data%5caddons%5cplugin.video.sstv%5cicon.png/" fanart="image://D%3a%5cKODI%20PORTABLE%5cKODI%2020%20JOB%5cKodi%5cportable_data%5caddons%5cplugin.video.sstv%5cfanart.jpg/">ActivateWindow(videos,&quot;plugin://plugin.video.sstv/?url=http%3A%2F%2Fcdn.rtyh.xyz%2Fenigma2.php%3Fusername%3Dhxd56jhb%26password%3D7gu0abab%26type%3Dget_live_streams%26cat_id%3D338&amp;mode=2&amp;name=ALEMANHA&amp;iconimage=D%3A%5CKODI+PORTABLE%5CKODI+20+JOB%5CKodi%5Cportable_data%5Caddons%5Cplugin.video.sstv%5Cicon.png&amp;description=&quot;,return)</favourite>
    <favourite name="All" thumb="image://D%3a%5cKODI%20PORTABLE%5cKODI%2020%20JOB%5cKodi%5cportable_data%5caddons%5cplugin.video.sstv%5cicon.png/" fanart="image://D%3a%5cKODI%20PORTABLE%5cKODI%2020%20JOB%5cKodi%5cportable_data%5caddons%5cplugin.video.sstv%5cfanart.jpg/">ActivateWindow(videos,&quot;plugin://plugin.video.sstv/?url=http%3A%2F%2Fcdn.rtyh.xyz%2Fenigma2.php%3Fusername%3Dhxd56jhb%26password%3D7gu0abab%26type%3Dget_live_streams%26cat_id%3D0&amp;mode=2&amp;name=All&amp;iconimage=D%3A%5CKODI+PORTABLE%5CKODI+20+JOB%5CKodi%5Cportable_data%5Caddons%5Cplugin.video.sstv%5Cicon.png&amp;description=&quot;,return)</favourite>
    <favourite name="CAMERAS AO VIVO" thumb="image://D%3a%5cKODI%20PORTABLE%5cKODI%2020%20JOB%5cKodi%5cportable_data%5caddons%5cplugin.video.sstv%5cicon.png/" fanart="image://D%3a%5cKODI%20PORTABLE%5cKODI%2020%20JOB%5cKodi%5cportable_data%5caddons%5cplugin.video.sstv%5cfanart.jpg/">ActivateWindow(videos,&quot;plugin://plugin.video.sstv/?url=http%3A%2F%2Fcdn.rtyh.xyz%2Fenigma2.php%3Fusername%3Dhxd56jhb%26password%3D7gu0abab%26type%3Dget_live_streams%26cat_id%3D1283&amp;mode=2&amp;name=CAMERAS+AO+VIVO&amp;iconimage=D%3A%5CKODI+PORTABLE%5CKODI+20+JOB%5CKodi%5Cportable_data%5Caddons%5Cplugin.video.sstv%5Cicon.png&amp;description=&quot;,return)</favourite>
    <favourite name="CAMPEONATOS ESTADUAIS" thumb="image://D%3a%5cKODI%20PORTABLE%5cKODI%2020%20JOB%5cKodi%5cportable_data%5caddons%5cplugin.video.sstv%5cicon.png/" fanart="image://D%3a%5cKODI%20PORTABLE%5cKODI%2020%20JOB%5cKodi%5cportable_data%5caddons%5cplugin.video.sstv%5cfanart.jpg/">ActivateWindow(videos,&quot;plugin://plugin.video.sstv/?url=http%3A%2F%2Fcdn.rtyh.xyz%2Fenigma2.php%3Fusername%3Dhxd56jhb%26password%3D7gu0abab%26type%3Dget_live_streams%26cat_id%3D1281&amp;mode=2&amp;name=CAMPEONATOS+ESTADUAIS&amp;iconimage=D%3A%5CKODI+PORTABLE%5CKODI+20+JOB%5CKodi%5Cportable_data%5Caddons%5Cplugin.video.sstv%5Cicon.png&amp;description=&quot;,return)</favourite>
    <favourite name="CINE SKY / CINEFLIX / URBAN" thumb="image://D%3a%5cKODI%20PORTABLE%5cKODI%2020%20JOB%5cKodi%5cportable_data%5caddons%5cplugin.video.sstv%5cicon.png/" fanart="image://D%3a%5cKODI%20PORTABLE%5cKODI%2020%20JOB%5cKodi%5cportable_data%5caddons%5cplugin.video.sstv%5cfanart.jpg/">ActivateWindow(videos,&quot;plugin://plugin.video.sstv/?url=http%3A%2F%2Fcdn.rtyh.xyz%2Fenigma2.php%3Fusername%3Dhxd56jhb%26password%3D7gu0abab%26type%3Dget_live_streams%26cat_id%3D44&amp;mode=2&amp;name=CINE+SKY+%2F+CINEFLIX+%2F+URBAN&amp;iconimage=D%3A%5CKODI+PORTABLE%5CKODI+20+JOB%5CKodi%5Cportable_data%5Caddons%5Cplugin.video.sstv%5Cicon.png&amp;description=&quot;,return)</favourite>
    <favourite name="CLIPES 24H" thumb="image://D%3a%5cKODI%20PORTABLE%5cKODI%2020%20JOB%5cKodi%5cportable_data%5caddons%5cplugin.video.sstv%5cicon.png/" fanart="image://D%3a%5cKODI%20PORTABLE%5cKODI%2020%20JOB%5cKodi%5cportable_data%5caddons%5cplugin.video.sstv%5cfanart.jpg/">ActivateWindow(videos,&quot;plugin://plugin.video.sstv/?url=http%3A%2F%2Fcdn.rtyh.xyz%2Fenigma2.php%3Fusername%3Dhxd56jhb%26password%3D7gu0abab%26type%3Dget_live_streams%26cat_id%3D357&amp;mode=2&amp;name=CLIPES+24H&amp;iconimage=D%3A%5CKODI+PORTABLE%5CKODI+20+JOB%5CKodi%5Cportable_data%5Caddons%5Cplugin.video.sstv%5Cicon.png&amp;description=&quot;,return)</favourite>
    <favourite name="CONMEBOL/PARAMOUNT/PRIME VIDEO" thumb="image://D%3a%5cKODI%20PORTABLE%5cKODI%2020%20JOB%5cKodi%5cportable_data%5caddons%5cplugin.video.sstv%5cicon.png/" fanart="image://D%3a%5cKODI%20PORTABLE%5cKODI%2020%20JOB%5cKodi%5cportable_data%5caddons%5cplugin.video.sstv%5cfanart.jpg/">ActivateWindow(videos,&quot;plugin://plugin.video.sstv/?url=http%3A%2F%2Fcdn.rtyh.xyz%2Fenigma2.php%3Fusername%3Dhxd56jhb%26password%3D7gu0abab%26type%3Dget_live_streams%26cat_id%3D1277&amp;mode=2&amp;name=CONMEBOL%2FPARAMOUNT%2FPRIME+VIDEO&amp;iconimage=D%3A%5CKODI+PORTABLE%5CKODI+20+JOB%5CKodi%5Cportable_data%5Caddons%5Cplugin.video.sstv%5Cicon.png&amp;description=&quot;,return)</favourite>
    <favourite name="DAZN / ELEVEN SPORTS" thumb="image://D%3a%5cKODI%20PORTABLE%5cKODI%2020%20JOB%5cKodi%5cportable_data%5caddons%5cplugin.video.sstv%5cicon.png/" fanart="image://D%3a%5cKODI%20PORTABLE%5cKODI%2020%20JOB%5cKodi%5cportable_data%5caddons%5cplugin.video.sstv%5cfanart.jpg/">ActivateWindow(videos,&quot;plugin://plugin.video.sstv/?url=http%3A%2F%2Fcdn.rtyh.xyz%2Fenigma2.php%3Fusername%3Dhxd56jhb%26password%3D7gu0abab%26type%3Dget_live_streams%26cat_id%3D1276&amp;mode=2&amp;name=DAZN+%2F+ELEVEN+SPORTS&amp;iconimage=D%3A%5CKODI+PORTABLE%5CKODI+20+JOB%5CKodi%5Cportable_data%5Caddons%5Cplugin.video.sstv%5Cicon.png&amp;description=&quot;,return)</favourite>
    <favourite name="DESENHOS 24 H" thumb="image://D%3a%5cKODI%20PORTABLE%5cKODI%2020%20JOB%5cKodi%5cportable_data%5caddons%5cplugin.video.sstv%5cicon.png/" fanart="image://D%3a%5cKODI%20PORTABLE%5cKODI%2020%20JOB%5cKodi%5cportable_data%5caddons%5cplugin.video.sstv%5cfanart.jpg/">ActivateWindow(videos,&quot;plugin://plugin.video.sstv/?url=http%3A%2F%2Fcdn.rtyh.xyz%2Fenigma2.php%3Fusername%3Dhxd56jhb%26password%3D7gu0abab%26type%3Dget_live_streams%26cat_id%3D55&amp;mode=2&amp;name=DESENHOS+24+H&amp;iconimage=D%3A%5CKODI+PORTABLE%5CKODI+20+JOB%5CKodi%5Cportable_data%5Caddons%5Cplugin.video.sstv%5Cicon.png&amp;description=&quot;,return)</favourite>
    <favourite name="DISCOVERY" thumb="image://D%3a%5cKODI%20PORTABLE%5cKODI%2020%20JOB%5cKodi%5cportable_data%5caddons%5cplugin.video.sstv%5cicon.png/" fanart="image://D%3a%5cKODI%20PORTABLE%5cKODI%2020%20JOB%5cKodi%5cportable_data%5caddons%5cplugin.video.sstv%5cfanart.jpg/">ActivateWindow(videos,&quot;plugin://plugin.video.sstv/?url=http%3A%2F%2Fcdn.rtyh.xyz%2Fenigma2.php%3Fusername%3Dhxd56jhb%26password%3D7gu0abab%26type%3Dget_live_streams%26cat_id%3D47&amp;mode=2&amp;name=DISCOVERY&amp;iconimage=D%3A%5CKODI+PORTABLE%5CKODI+20+JOB%5CKodi%5Cportable_data%5Caddons%5Cplugin.video.sstv%5Cicon.png&amp;description=&quot;,return)</favourite>
    <favourite name="DOCUMENTARIOS" thumb="image://D%3a%5cKODI%20PORTABLE%5cKODI%2020%20JOB%5cKodi%5cportable_data%5caddons%5cplugin.video.sstv%5cicon.png/" fanart="image://D%3a%5cKODI%20PORTABLE%5cKODI%2020%20JOB%5cKodi%5cportable_data%5caddons%5cplugin.video.sstv%5cfanart.jpg/">ActivateWindow(videos,&quot;plugin://plugin.video.sstv/?url=http%3A%2F%2Fcdn.rtyh.xyz%2Fenigma2.php%3Fusername%3Dhxd56jhb%26password%3D7gu0abab%26type%3Dget_live_streams%26cat_id%3D48&amp;mode=2&amp;name=DOCUMENTARIOS&amp;iconimage=D%3A%5CKODI+PORTABLE%5CKODI+20+JOB%5CKodi%5Cportable_data%5Caddons%5Cplugin.video.sstv%5Cicon.png&amp;description=&quot;,return)</favourite>
    <favourite name="ESPANHA" thumb="image://D%3a%5cKODI%20PORTABLE%5cKODI%2020%20JOB%5cKodi%5cportable_data%5caddons%5cplugin.video.sstv%5cicon.png/" fanart="image://D%3a%5cKODI%20PORTABLE%5cKODI%2020%20JOB%5cKodi%5cportable_data%5caddons%5cplugin.video.sstv%5cfanart.jpg/">ActivateWindow(videos,&quot;plugin://plugin.video.sstv/?url=http%3A%2F%2Fcdn.rtyh.xyz%2Fenigma2.php%3Fusername%3Dhxd56jhb%26password%3D7gu0abab%26type%3Dget_live_streams%26cat_id%3D333&amp;mode=2&amp;name=ESPANHA&amp;iconimage=D%3A%5CKODI+PORTABLE%5CKODI+20+JOB%5CKodi%5Cportable_data%5Caddons%5Cplugin.video.sstv%5Cicon.png&amp;description=&quot;,return)</favourite>
    <favourite name="ESPN" thumb="image://D%3a%5cKODI%20PORTABLE%5cKODI%2020%20JOB%5cKodi%5cportable_data%5caddons%5cplugin.video.sstv%5cicon.png/" fanart="image://D%3a%5cKODI%20PORTABLE%5cKODI%2020%20JOB%5cKodi%5cportable_data%5caddons%5cplugin.video.sstv%5cfanart.jpg/">ActivateWindow(videos,&quot;plugin://plugin.video.sstv/?url=http%3A%2F%2Fcdn.rtyh.xyz%2Fenigma2.php%3Fusername%3Dhxd56jhb%26password%3D7gu0abab%26type%3Dget_live_streams%26cat_id%3D38&amp;mode=2&amp;name=ESPN&amp;iconimage=D%3A%5CKODI+PORTABLE%5CKODI+20+JOB%5CKodi%5Cportable_data%5Caddons%5Cplugin.video.sstv%5Cicon.png&amp;description=&quot;,return)</favourite>
    <favourite name="ESPORTES INTERNACIONAIS" thumb="image://D%3a%5cKODI%20PORTABLE%5cKODI%2020%20JOB%5cKodi%5cportable_data%5caddons%5cplugin.video.sstv%5cicon.png/" fanart="image://D%3a%5cKODI%20PORTABLE%5cKODI%2020%20JOB%5cKodi%5cportable_data%5caddons%5cplugin.video.sstv%5cfanart.jpg/">ActivateWindow(videos,&quot;plugin://plugin.video.sstv/?url=http%3A%2F%2Fcdn.rtyh.xyz%2Fenigma2.php%3Fusername%3Dhxd56jhb%26password%3D7gu0abab%26type%3Dget_live_streams%26cat_id%3D342&amp;mode=2&amp;name=ESPORTES+INTERNACIONAIS&amp;iconimage=D%3A%5CKODI+PORTABLE%5CKODI+20+JOB%5CKodi%5Cportable_data%5Caddons%5Cplugin.video.sstv%5Cicon.png&amp;description=&quot;,return)</favourite>
    <favourite name="ESPORTES" thumb="image://D%3a%5cKODI%20PORTABLE%5cKODI%2020%20JOB%5cKodi%5cportable_data%5caddons%5cplugin.video.sstv%5cicon.png/" fanart="image://D%3a%5cKODI%20PORTABLE%5cKODI%2020%20JOB%5cKodi%5cportable_data%5caddons%5cplugin.video.sstv%5cfanart.jpg/">ActivateWindow(videos,&quot;plugin://plugin.video.sstv/?url=http%3A%2F%2Fcdn.rtyh.xyz%2Fenigma2.php%3Fusername%3Dhxd56jhb%26password%3D7gu0abab%26type%3Dget_live_streams%26cat_id%3D39&amp;mode=2&amp;name=ESPORTES&amp;iconimage=D%3A%5CKODI+PORTABLE%5CKODI+20+JOB%5CKodi%5Cportable_data%5Caddons%5Cplugin.video.sstv%5Cicon.png&amp;description=&quot;,return)</favourite>
    <favourite name="FILMES E SERIES" thumb="image://D%3a%5cKODI%20PORTABLE%5cKODI%2020%20JOB%5cKodi%5cportable_data%5caddons%5cplugin.video.sstv%5cicon.png/" fanart="image://D%3a%5cKODI%20PORTABLE%5cKODI%2020%20JOB%5cKodi%5cportable_data%5caddons%5cplugin.video.sstv%5cfanart.jpg/">ActivateWindow(videos,&quot;plugin://plugin.video.sstv/?url=http%3A%2F%2Fcdn.rtyh.xyz%2Fenigma2.php%3Fusername%3Dhxd56jhb%26password%3D7gu0abab%26type%3Dget_live_streams%26cat_id%3D41&amp;mode=2&amp;name=FILMES+E+SERIES&amp;iconimage=D%3A%5CKODI+PORTABLE%5CKODI+20+JOB%5CKodi%5Cportable_data%5Caddons%5Cplugin.video.sstv%5Cicon.png&amp;description=&quot;,return)</favourite>
    <favourite name="FRANÇA" thumb="image://D%3a%5cKODI%20PORTABLE%5cKODI%2020%20JOB%5cKodi%5cportable_data%5caddons%5cplugin.video.sstv%5cicon.png/" fanart="image://D%3a%5cKODI%20PORTABLE%5cKODI%2020%20JOB%5cKodi%5cportable_data%5caddons%5cplugin.video.sstv%5cfanart.jpg/">ActivateWindow(videos,&quot;plugin://plugin.video.sstv/?url=http%3A%2F%2Fcdn.rtyh.xyz%2Fenigma2.php%3Fusername%3Dhxd56jhb%26password%3D7gu0abab%26type%3Dget_live_streams%26cat_id%3D337&amp;mode=2&amp;name=FRAN%C3%87A&amp;iconimage=D%3A%5CKODI+PORTABLE%5CKODI+20+JOB%5CKodi%5Cportable_data%5Caddons%5Cplugin.video.sstv%5Cicon.png&amp;description=&quot;,return)</favourite>
    <favourite name="GLOBOS" thumb="image://D%3a%5cKODI%20PORTABLE%5cKODI%2020%20JOB%5cKodi%5cportable_data%5caddons%5cplugin.video.sstv%5cicon.png/" fanart="image://D%3a%5cKODI%20PORTABLE%5cKODI%2020%20JOB%5cKodi%5cportable_data%5caddons%5cplugin.video.sstv%5cfanart.jpg/">ActivateWindow(videos,&quot;plugin://plugin.video.sstv/?url=http%3A%2F%2Fcdn.rtyh.xyz%2Fenigma2.php%3Fusername%3Dhxd56jhb%26password%3D7gu0abab%26type%3Dget_live_streams%26cat_id%3D329&amp;mode=2&amp;name=GLOBOS&amp;iconimage=D%3A%5CKODI+PORTABLE%5CKODI+20+JOB%5CKodi%5Cportable_data%5Caddons%5Cplugin.video.sstv%5Cicon.png&amp;description=&quot;,return)</favourite>
    <favourite name="H265" thumb="image://D%3a%5cKODI%20PORTABLE%5cKODI%2020%20JOB%5cKodi%5cportable_data%5caddons%5cplugin.video.sstv%5cicon.png/" fanart="image://D%3a%5cKODI%20PORTABLE%5cKODI%2020%20JOB%5cKodi%5cportable_data%5caddons%5cplugin.video.sstv%5cfanart.jpg/">ActivateWindow(videos,&quot;plugin://plugin.video.sstv/?url=http%3A%2F%2Fcdn.rtyh.xyz%2Fenigma2.php%3Fusername%3Dhxd56jhb%26password%3D7gu0abab%26type%3Dget_live_streams%26cat_id%3D481&amp;mode=2&amp;name=H265&amp;iconimage=D%3A%5CKODI+PORTABLE%5CKODI+20+JOB%5CKodi%5Cportable_data%5Caddons%5Cplugin.video.sstv%5Cicon.png&amp;description=&quot;,return)</favourite>
    <favourite name="HBO" thumb="image://D%3a%5cKODI%20PORTABLE%5cKODI%2020%20JOB%5cKodi%5cportable_data%5caddons%5cplugin.video.sstv%5cicon.png/" fanart="image://D%3a%5cKODI%20PORTABLE%5cKODI%2020%20JOB%5cKodi%5cportable_data%5caddons%5cplugin.video.sstv%5cfanart.jpg/">ActivateWindow(videos,&quot;plugin://plugin.video.sstv/?url=http%3A%2F%2Fcdn.rtyh.xyz%2Fenigma2.php%3Fusername%3Dhxd56jhb%26password%3D7gu0abab%26type%3Dget_live_streams%26cat_id%3D42&amp;mode=2&amp;name=HBO&amp;iconimage=D%3A%5CKODI+PORTABLE%5CKODI+20+JOB%5CKodi%5Cportable_data%5Caddons%5Cplugin.video.sstv%5Cicon.png&amp;description=&quot;,return)</favourite>
    <favourite name="INFANTIL" thumb="image://D%3a%5cKODI%20PORTABLE%5cKODI%2020%20JOB%5cKodi%5cportable_data%5caddons%5cplugin.video.sstv%5cicon.png/" fanart="image://D%3a%5cKODI%20PORTABLE%5cKODI%2020%20JOB%5cKodi%5cportable_data%5caddons%5cplugin.video.sstv%5cfanart.jpg/">ActivateWindow(videos,&quot;plugin://plugin.video.sstv/?url=http%3A%2F%2Fcdn.rtyh.xyz%2Fenigma2.php%3Fusername%3Dhxd56jhb%26password%3D7gu0abab%26type%3Dget_live_streams%26cat_id%3D51&amp;mode=2&amp;name=INFANTIL&amp;iconimage=D%3A%5CKODI+PORTABLE%5CKODI+20+JOB%5CKodi%5Cportable_data%5Caddons%5Cplugin.video.sstv%5Cicon.png&amp;description=&quot;,return)</favourite>
    <favourite name="ITÁLIA" thumb="image://D%3a%5cKODI%20PORTABLE%5cKODI%2020%20JOB%5cKodi%5cportable_data%5caddons%5cplugin.video.sstv%5cicon.png/" fanart="image://D%3a%5cKODI%20PORTABLE%5cKODI%2020%20JOB%5cKodi%5cportable_data%5caddons%5cplugin.video.sstv%5cfanart.jpg/">ActivateWindow(videos,&quot;plugin://plugin.video.sstv/?url=http%3A%2F%2Fcdn.rtyh.xyz%2Fenigma2.php%3Fusername%3Dhxd56jhb%26password%3D7gu0abab%26type%3Dget_live_streams%26cat_id%3D336&amp;mode=2&amp;name=IT%C3%81LIA&amp;iconimage=D%3A%5CKODI+PORTABLE%5CKODI+20+JOB%5CKodi%5Cportable_data%5Caddons%5Cplugin.video.sstv%5Cicon.png&amp;description=&quot;,return)</favourite>
    <favourite name="LATINOS" thumb="image://D%3a%5cKODI%20PORTABLE%5cKODI%2020%20JOB%5cKodi%5cportable_data%5caddons%5cplugin.video.sstv%5cicon.png/" fanart="image://D%3a%5cKODI%20PORTABLE%5cKODI%2020%20JOB%5cKodi%5cportable_data%5caddons%5cplugin.video.sstv%5cfanart.jpg/">ActivateWindow(videos,&quot;plugin://plugin.video.sstv/?url=http%3A%2F%2Fcdn.rtyh.xyz%2Fenigma2.php%3Fusername%3Dhxd56jhb%26password%3D7gu0abab%26type%3Dget_live_streams%26cat_id%3D335&amp;mode=2&amp;name=LATINOS&amp;iconimage=D%3A%5CKODI+PORTABLE%5CKODI+20+JOB%5CKodi%5Cportable_data%5Caddons%5Cplugin.video.sstv%5Cicon.png&amp;description=&quot;,return)</favourite>
    <favourite name="LEGENDADOS" thumb="image://D%3a%5cKODI%20PORTABLE%5cKODI%2020%20JOB%5cKodi%5cportable_data%5caddons%5cplugin.video.sstv%5cicon.png/" fanart="image://D%3a%5cKODI%20PORTABLE%5cKODI%2020%20JOB%5cKodi%5cportable_data%5caddons%5cplugin.video.sstv%5cfanart.jpg/">ActivateWindow(videos,&quot;plugin://plugin.video.sstv/?url=http%3A%2F%2Fcdn.rtyh.xyz%2Fenigma2.php%3Fusername%3Dhxd56jhb%26password%3D7gu0abab%26type%3Dget_live_streams%26cat_id%3D45&amp;mode=2&amp;name=LEGENDADOS&amp;iconimage=D%3A%5CKODI+PORTABLE%5CKODI+20+JOB%5CKodi%5Cportable_data%5Caddons%5Cplugin.video.sstv%5Cicon.png&amp;description=&quot;,return)</favourite>
    <favourite name="MUSICA" thumb="image://D%3a%5cKODI%20PORTABLE%5cKODI%2020%20JOB%5cKodi%5cportable_data%5caddons%5cplugin.video.sstv%5cicon.png/" fanart="image://D%3a%5cKODI%20PORTABLE%5cKODI%2020%20JOB%5cKodi%5cportable_data%5caddons%5cplugin.video.sstv%5cfanart.jpg/">ActivateWindow(videos,&quot;plugin://plugin.video.sstv/?url=http%3A%2F%2Fcdn.rtyh.xyz%2Fenigma2.php%3Fusername%3Dhxd56jhb%26password%3D7gu0abab%26type%3Dget_live_streams%26cat_id%3D52&amp;mode=2&amp;name=MUSICA&amp;iconimage=D%3A%5CKODI+PORTABLE%5CKODI+20+JOB%5CKodi%5Cportable_data%5Caddons%5Cplugin.video.sstv%5Cicon.png&amp;description=&quot;,return)</favourite>
    <favourite name="NBA LEAGUE PASS" thumb="image://D%3a%5cKODI%20PORTABLE%5cKODI%2020%20JOB%5cKodi%5cportable_data%5caddons%5cplugin.video.sstv%5cicon.png/" fanart="image://D%3a%5cKODI%20PORTABLE%5cKODI%2020%20JOB%5cKodi%5cportable_data%5caddons%5cplugin.video.sstv%5cfanart.jpg/">ActivateWindow(videos,&quot;plugin://plugin.video.sstv/?url=http%3A%2F%2Fcdn.rtyh.xyz%2Fenigma2.php%3Fusername%3Dhxd56jhb%26password%3D7gu0abab%26type%3Dget_live_streams%26cat_id%3D1278&amp;mode=2&amp;name=NBA+LEAGUE+PASS&amp;iconimage=D%3A%5CKODI+PORTABLE%5CKODI+20+JOB%5CKodi%5Cportable_data%5Caddons%5Cplugin.video.sstv%5Cicon.png&amp;description=&quot;,return)</favourite>
    <favourite name="NOTICIAS" thumb="image://D%3a%5cKODI%20PORTABLE%5cKODI%2020%20JOB%5cKodi%5cportable_data%5caddons%5cplugin.video.sstv%5cicon.png/" fanart="image://D%3a%5cKODI%20PORTABLE%5cKODI%2020%20JOB%5cKodi%5cportable_data%5caddons%5cplugin.video.sstv%5cfanart.jpg/">ActivateWindow(videos,&quot;plugin://plugin.video.sstv/?url=http%3A%2F%2Fcdn.rtyh.xyz%2Fenigma2.php%3Fusername%3Dhxd56jhb%26password%3D7gu0abab%26type%3Dget_live_streams%26cat_id%3D49&amp;mode=2&amp;name=NOTICIAS&amp;iconimage=D%3A%5CKODI+PORTABLE%5CKODI+20+JOB%5CKodi%5Cportable_data%5Caddons%5Cplugin.video.sstv%5Cicon.png&amp;description=&quot;,return)</favourite>
    <favourite name="PAY-PER-VIEW" thumb="image://D%3a%5cKODI%20PORTABLE%5cKODI%2020%20JOB%5cKodi%5cportable_data%5caddons%5cplugin.video.sstv%5cicon.png/" fanart="image://D%3a%5cKODI%20PORTABLE%5cKODI%2020%20JOB%5cKodi%5cportable_data%5caddons%5cplugin.video.sstv%5cfanart.jpg/">ActivateWindow(videos,&quot;plugin://plugin.video.sstv/?url=http%3A%2F%2Fcdn.rtyh.xyz%2Fenigma2.php%3Fusername%3Dhxd56jhb%26password%3D7gu0abab%26type%3Dget_live_streams%26cat_id%3D642&amp;mode=2&amp;name=PAY-PER-VIEW&amp;iconimage=D%3A%5CKODI+PORTABLE%5CKODI+20+JOB%5CKodi%5Cportable_data%5Caddons%5Cplugin.video.sstv%5Cicon.png&amp;description=&quot;,return)</favourite>
    <favourite name="PLUTO TV" thumb="image://D%3a%5cKODI%20PORTABLE%5cKODI%2020%20JOB%5cKodi%5cportable_data%5caddons%5cplugin.video.sstv%5cicon.png/" fanart="image://D%3a%5cKODI%20PORTABLE%5cKODI%2020%20JOB%5cKodi%5cportable_data%5caddons%5cplugin.video.sstv%5cfanart.jpg/">ActivateWindow(videos,&quot;plugin://plugin.video.sstv/?url=http%3A%2F%2Fcdn.rtyh.xyz%2Fenigma2.php%3Fusername%3Dhxd56jhb%26password%3D7gu0abab%26type%3Dget_live_streams%26cat_id%3D1284&amp;mode=2&amp;name=PLUTO+TV&amp;iconimage=D%3A%5CKODI+PORTABLE%5CKODI+20+JOB%5CKodi%5Cportable_data%5Caddons%5Cplugin.video.sstv%5Cicon.png&amp;description=&quot;,return)</favourite>
    <favourite name="PORTUGAL" thumb="image://D%3a%5cKODI%20PORTABLE%5cKODI%2020%20JOB%5cKodi%5cportable_data%5caddons%5cplugin.video.sstv%5cicon.png/" fanart="image://D%3a%5cKODI%20PORTABLE%5cKODI%2020%20JOB%5cKodi%5cportable_data%5caddons%5cplugin.video.sstv%5cfanart.jpg/">ActivateWindow(videos,&quot;plugin://plugin.video.sstv/?url=http%3A%2F%2Fcdn.rtyh.xyz%2Fenigma2.php%3Fusername%3Dhxd56jhb%26password%3D7gu0abab%26type%3Dget_live_streams%26cat_id%3D179&amp;mode=2&amp;name=PORTUGAL&amp;iconimage=D%3A%5CKODI+PORTABLE%5CKODI+20+JOB%5CKodi%5Cportable_data%5Caddons%5Cplugin.video.sstv%5Cicon.png&amp;description=&quot;,return)</favourite>
    <favourite name="PREMIERE FC" thumb="image://D%3a%5cKODI%20PORTABLE%5cKODI%2020%20JOB%5cKodi%5cportable_data%5caddons%5cplugin.video.sstv%5cicon.png/" fanart="image://D%3a%5cKODI%20PORTABLE%5cKODI%2020%20JOB%5cKodi%5cportable_data%5caddons%5cplugin.video.sstv%5cfanart.jpg/">ActivateWindow(videos,&quot;plugin://plugin.video.sstv/?url=http%3A%2F%2Fcdn.rtyh.xyz%2Fenigma2.php%3Fusername%3Dhxd56jhb%26password%3D7gu0abab%26type%3Dget_live_streams%26cat_id%3D36&amp;mode=2&amp;name=PREMIERE+FC&amp;iconimage=D%3A%5CKODI+PORTABLE%5CKODI+20+JOB%5CKodi%5Cportable_data%5Caddons%5Cplugin.video.sstv%5Cicon.png&amp;description=&quot;,return)</favourite>
    <favourite name="PT: DESPORTO " thumb="image://D%3a%5cKODI%20PORTABLE%5cKODI%2020%20JOB%5cKodi%5cportable_data%5caddons%5cplugin.video.sstv%5cicon.png/" fanart="image://D%3a%5cKODI%20PORTABLE%5cKODI%2020%20JOB%5cKodi%5cportable_data%5caddons%5cplugin.video.sstv%5cfanart.jpg/">ActivateWindow(videos,&quot;plugin://plugin.video.sstv/?url=http%3A%2F%2Fcdn.rtyh.xyz%2Fenigma2.php%3Fusername%3Dhxd56jhb%26password%3D7gu0abab%26type%3Dget_live_streams%26cat_id%3D1222&amp;mode=2&amp;name=PT%3A+DESPORTO+&amp;iconimage=D%3A%5CKODI+PORTABLE%5CKODI+20+JOB%5CKodi%5Cportable_data%5Caddons%5Cplugin.video.sstv%5Cicon.png&amp;description=&quot;,return)</favourite>
    <favourite name="PT: FILMES E SERIES" thumb="image://D%3a%5cKODI%20PORTABLE%5cKODI%2020%20JOB%5cKodi%5cportable_data%5caddons%5cplugin.video.sstv%5cicon.png/" fanart="image://D%3a%5cKODI%20PORTABLE%5cKODI%2020%20JOB%5cKodi%5cportable_data%5caddons%5cplugin.video.sstv%5cfanart.jpg/">ActivateWindow(videos,&quot;plugin://plugin.video.sstv/?url=http%3A%2F%2Fcdn.rtyh.xyz%2Fenigma2.php%3Fusername%3Dhxd56jhb%26password%3D7gu0abab%26type%3Dget_live_streams%26cat_id%3D1223&amp;mode=2&amp;name=PT%3A+FILMES+E+SERIES&amp;iconimage=D%3A%5CKODI+PORTABLE%5CKODI+20+JOB%5CKodi%5Cportable_data%5Caddons%5Cplugin.video.sstv%5Cicon.png&amp;description=&quot;,return)</favourite>
    <favourite name="PT: INFANTIL" thumb="image://D%3a%5cKODI%20PORTABLE%5cKODI%2020%20JOB%5cKodi%5cportable_data%5caddons%5cplugin.video.sstv%5cicon.png/" fanart="image://D%3a%5cKODI%20PORTABLE%5cKODI%2020%20JOB%5cKodi%5cportable_data%5caddons%5cplugin.video.sstv%5cfanart.jpg/">ActivateWindow(videos,&quot;plugin://plugin.video.sstv/?url=http%3A%2F%2Fcdn.rtyh.xyz%2Fenigma2.php%3Fusername%3Dhxd56jhb%26password%3D7gu0abab%26type%3Dget_live_streams%26cat_id%3D1224&amp;mode=2&amp;name=PT%3A+INFANTIL&amp;iconimage=D%3A%5CKODI+PORTABLE%5CKODI+20+JOB%5CKodi%5Cportable_data%5Caddons%5Cplugin.video.sstv%5Cicon.png&amp;description=&quot;,return)</favourite>
    <favourite name="RADIO" thumb="image://D%3a%5cKODI%20PORTABLE%5cKODI%2020%20JOB%5cKodi%5cportable_data%5caddons%5cplugin.video.sstv%5cicon.png/" fanart="image://D%3a%5cKODI%20PORTABLE%5cKODI%2020%20JOB%5cKodi%5cportable_data%5caddons%5cplugin.video.sstv%5cfanart.jpg/">ActivateWindow(videos,&quot;plugin://plugin.video.sstv/?url=http%3A%2F%2Fcdn.rtyh.xyz%2Fenigma2.php%3Fusername%3Dhxd56jhb%26password%3D7gu0abab%26type%3Dget_live_streams%26cat_id%3D1247&amp;mode=2&amp;name=RADIO&amp;iconimage=D%3A%5CKODI+PORTABLE%5CKODI+20+JOB%5CKodi%5Cportable_data%5Caddons%5Cplugin.video.sstv%5Cicon.png&amp;description=&quot;,return)</favourite>
    <favourite name="RECORD" thumb="image://D%3a%5cKODI%20PORTABLE%5cKODI%2020%20JOB%5cKodi%5cportable_data%5caddons%5cplugin.video.sstv%5cicon.png/" fanart="image://D%3a%5cKODI%20PORTABLE%5cKODI%2020%20JOB%5cKodi%5cportable_data%5caddons%5cplugin.video.sstv%5cfanart.jpg/">ActivateWindow(videos,&quot;plugin://plugin.video.sstv/?url=http%3A%2F%2Fcdn.rtyh.xyz%2Fenigma2.php%3Fusername%3Dhxd56jhb%26password%3D7gu0abab%26type%3Dget_live_streams%26cat_id%3D33&amp;mode=2&amp;name=RECORD&amp;iconimage=D%3A%5CKODI+PORTABLE%5CKODI+20+JOB%5CKodi%5Cportable_data%5Caddons%5Cplugin.video.sstv%5Cicon.png&amp;description=&quot;,return)</favourite>
    <favourite name="REINO UNIDO" thumb="image://D%3a%5cKODI%20PORTABLE%5cKODI%2020%20JOB%5cKodi%5cportable_data%5caddons%5cplugin.video.sstv%5cicon.png/" fanart="image://D%3a%5cKODI%20PORTABLE%5cKODI%2020%20JOB%5cKodi%5cportable_data%5caddons%5cplugin.video.sstv%5cfanart.jpg/">ActivateWindow(videos,&quot;plugin://plugin.video.sstv/?url=http%3A%2F%2Fcdn.rtyh.xyz%2Fenigma2.php%3Fusername%3Dhxd56jhb%26password%3D7gu0abab%26type%3Dget_live_streams%26cat_id%3D1271&amp;mode=2&amp;name=REINO+UNIDO&amp;iconimage=D%3A%5CKODI+PORTABLE%5CKODI+20+JOB%5CKodi%5Cportable_data%5Caddons%5Cplugin.video.sstv%5Cicon.png&amp;description=&quot;,return)</favourite>
    <favourite name="RELIGIOSOS" thumb="image://D%3a%5cKODI%20PORTABLE%5cKODI%2020%20JOB%5cKodi%5cportable_data%5caddons%5cplugin.video.sstv%5cicon.png/" fanart="image://D%3a%5cKODI%20PORTABLE%5cKODI%2020%20JOB%5cKodi%5cportable_data%5caddons%5cplugin.video.sstv%5cfanart.jpg/">ActivateWindow(videos,&quot;plugin://plugin.video.sstv/?url=http%3A%2F%2Fcdn.rtyh.xyz%2Fenigma2.php%3Fusername%3Dhxd56jhb%26password%3D7gu0abab%26type%3Dget_live_streams%26cat_id%3D53&amp;mode=2&amp;name=RELIGIOSOS&amp;iconimage=D%3A%5CKODI+PORTABLE%5CKODI+20+JOB%5CKodi%5Cportable_data%5Caddons%5Cplugin.video.sstv%5Cicon.png&amp;description=&quot;,return)</favourite>
    <favourite name="SERIES/TV 24 HORAS" thumb="image://D%3a%5cKODI%20PORTABLE%5cKODI%2020%20JOB%5cKodi%5cportable_data%5caddons%5cplugin.video.sstv%5cicon.png/" fanart="image://D%3a%5cKODI%20PORTABLE%5cKODI%2020%20JOB%5cKodi%5cportable_data%5caddons%5cplugin.video.sstv%5cfanart.jpg/">ActivateWindow(videos,&quot;plugin://plugin.video.sstv/?url=http%3A%2F%2Fcdn.rtyh.xyz%2Fenigma2.php%3Fusername%3Dhxd56jhb%26password%3D7gu0abab%26type%3Dget_live_streams%26cat_id%3D56&amp;mode=2&amp;name=SERIES%2FTV+24+HORAS&amp;iconimage=D%3A%5CKODI+PORTABLE%5CKODI+20+JOB%5CKodi%5Cportable_data%5Caddons%5Cplugin.video.sstv%5Cicon.png&amp;description=&quot;,return)</favourite>
    <favourite name="SPORTV" thumb="image://D%3a%5cKODI%20PORTABLE%5cKODI%2020%20JOB%5cKodi%5cportable_data%5caddons%5cplugin.video.sstv%5cicon.png/" fanart="image://D%3a%5cKODI%20PORTABLE%5cKODI%2020%20JOB%5cKodi%5cportable_data%5caddons%5cplugin.video.sstv%5cfanart.jpg/">ActivateWindow(videos,&quot;plugin://plugin.video.sstv/?url=http%3A%2F%2Fcdn.rtyh.xyz%2Fenigma2.php%3Fusername%3Dhxd56jhb%26password%3D7gu0abab%26type%3Dget_live_streams%26cat_id%3D37&amp;mode=2&amp;name=SPORTV&amp;iconimage=D%3A%5CKODI+PORTABLE%5CKODI+20+JOB%5CKodi%5Cportable_data%5Caddons%5Cplugin.video.sstv%5Cicon.png&amp;description=&quot;,return)</favourite>
    <favourite name="STAR+ / HBO MAX / ESTADIO TNT" thumb="image://D%3a%5cKODI%20PORTABLE%5cKODI%2020%20JOB%5cKodi%5cportable_data%5caddons%5cplugin.video.sstv%5cicon.png/" fanart="image://D%3a%5cKODI%20PORTABLE%5cKODI%2020%20JOB%5cKodi%5cportable_data%5caddons%5cplugin.video.sstv%5cfanart.jpg/">ActivateWindow(videos,&quot;plugin://plugin.video.sstv/?url=http%3A%2F%2Fcdn.rtyh.xyz%2Fenigma2.php%3Fusername%3Dhxd56jhb%26password%3D7gu0abab%26type%3Dget_live_streams%26cat_id%3D1261&amp;mode=2&amp;name=STAR%2B+%2F+HBO+MAX+%2F+ESTADIO+TNT&amp;iconimage=D%3A%5CKODI+PORTABLE%5CKODI+20+JOB%5CKodi%5Cportable_data%5Caddons%5Cplugin.video.sstv%5Cicon.png&amp;description=&quot;,return)</favourite>
    <favourite name="STAR" thumb="image://D%3a%5cKODI%20PORTABLE%5cKODI%2020%20JOB%5cKodi%5cportable_data%5caddons%5cplugin.video.sstv%5cicon.png/" fanart="image://D%3a%5cKODI%20PORTABLE%5cKODI%2020%20JOB%5cKodi%5cportable_data%5caddons%5cplugin.video.sstv%5cfanart.jpg/">ActivateWindow(videos,&quot;plugin://plugin.video.sstv/?url=http%3A%2F%2Fcdn.rtyh.xyz%2Fenigma2.php%3Fusername%3Dhxd56jhb%26password%3D7gu0abab%26type%3Dget_live_streams%26cat_id%3D43&amp;mode=2&amp;name=STAR&amp;iconimage=D%3A%5CKODI+PORTABLE%5CKODI+20+JOB%5CKodi%5Cportable_data%5Caddons%5Cplugin.video.sstv%5Cicon.png&amp;description=&quot;,return)</favourite>
    <favourite name="TELECINE" thumb="image://D%3a%5cKODI%20PORTABLE%5cKODI%2020%20JOB%5cKodi%5cportable_data%5caddons%5cplugin.video.sstv%5cicon.png/" fanart="image://D%3a%5cKODI%20PORTABLE%5cKODI%2020%20JOB%5cKodi%5cportable_data%5caddons%5cplugin.video.sstv%5cfanart.jpg/">ActivateWindow(videos,&quot;plugin://plugin.video.sstv/?url=http%3A%2F%2Fcdn.rtyh.xyz%2Fenigma2.php%3Fusername%3Dhxd56jhb%26password%3D7gu0abab%26type%3Dget_live_streams%26cat_id%3D40&amp;mode=2&amp;name=TELECINE&amp;iconimage=D%3A%5CKODI+PORTABLE%5CKODI+20+JOB%5CKodi%5Cportable_data%5Caddons%5Cplugin.video.sstv%5Cicon.png&amp;description=&quot;,return)</favourite>
    <favourite name="USA**" thumb="image://D%3a%5cKODI%20PORTABLE%5cKODI%2020%20JOB%5cKodi%5cportable_data%5caddons%5cplugin.video.sstv%5cicon.png/" fanart="image://D%3a%5cKODI%20PORTABLE%5cKODI%2020%20JOB%5cKodi%5cportable_data%5caddons%5cplugin.video.sstv%5cfanart.jpg/">ActivateWindow(videos,&quot;plugin://plugin.video.sstv/?url=http%3A%2F%2Fcdn.rtyh.xyz%2Fenigma2.php%3Fusername%3Dhxd56jhb%26password%3D7gu0abab%26type%3Dget_live_streams%26cat_id%3D1274&amp;mode=2&amp;name=USA%2A%2A&amp;iconimage=D%3A%5CKODI+PORTABLE%5CKODI+20+JOB%5CKodi%5Cportable_data%5Caddons%5Cplugin.video.sstv%5Cicon.png&amp;description=&quot;,return)</favourite>
    <favourite name="USA*" thumb="image://D%3a%5cKODI%20PORTABLE%5cKODI%2020%20JOB%5cKodi%5cportable_data%5caddons%5cplugin.video.sstv%5cicon.png/" fanart="image://D%3a%5cKODI%20PORTABLE%5cKODI%2020%20JOB%5cKodi%5cportable_data%5caddons%5cplugin.video.sstv%5cfanart.jpg/">ActivateWindow(videos,&quot;plugin://plugin.video.sstv/?url=http%3A%2F%2Fcdn.rtyh.xyz%2Fenigma2.php%3Fusername%3Dhxd56jhb%26password%3D7gu0abab%26type%3Dget_live_streams%26cat_id%3D1266&amp;mode=2&amp;name=USA%2A&amp;iconimage=D%3A%5CKODI+PORTABLE%5CKODI+20+JOB%5CKodi%5Cportable_data%5Caddons%5Cplugin.video.sstv%5Cicon.png&amp;description=&quot;,return)</favourite>
    <favourite name="USA" thumb="image://D%3a%5cKODI%20PORTABLE%5cKODI%2020%20JOB%5cKodi%5cportable_data%5caddons%5cplugin.video.sstv%5cicon.png/" fanart="image://D%3a%5cKODI%20PORTABLE%5cKODI%2020%20JOB%5cKodi%5cportable_data%5caddons%5cplugin.video.sstv%5cfanart.jpg/">ActivateWindow(videos,&quot;plugin://plugin.video.sstv/?url=http%3A%2F%2Fcdn.rtyh.xyz%2Fenigma2.php%3Fusername%3Dhxd56jhb%26password%3D7gu0abab%26type%3Dget_live_streams%26cat_id%3D331&amp;mode=2&amp;name=USA&amp;iconimage=D%3A%5CKODI+PORTABLE%5CKODI+20+JOB%5CKodi%5Cportable_data%5Caddons%5Cplugin.video.sstv%5Cicon.png&amp;description=&quot;,return)</favourite>
    <favourite name="VARIEDADES" thumb="image://D%3a%5cKODI%20PORTABLE%5cKODI%2020%20JOB%5cKodi%5cportable_data%5caddons%5cplugin.video.sstv%5cicon.png/" fanart="image://D%3a%5cKODI%20PORTABLE%5cKODI%2020%20JOB%5cKodi%5cportable_data%5caddons%5cplugin.video.sstv%5cfanart.jpg/">ActivateWindow(videos,&quot;plugin://plugin.video.sstv/?url=http%3A%2F%2Fcdn.rtyh.xyz%2Fenigma2.php%3Fusername%3Dhxd56jhb%26password%3D7gu0abab%26type%3Dget_live_streams%26cat_id%3D50&amp;mode=2&amp;name=VARIEDADES&amp;iconimage=D%3A%5CKODI+PORTABLE%5CKODI+20+JOB%5CKodi%5Cportable_data%5Caddons%5Cplugin.video.sstv%5Cicon.png&amp;description=&quot;,return)</favourite>
    <favourite name="Z+18 ADULTOS" thumb="image://D%3a%5cKODI%20PORTABLE%5cKODI%2020%20JOB%5cKodi%5cportable_data%5caddons%5cplugin.video.sstv%5cicon.png/" fanart="image://D%3a%5cKODI%20PORTABLE%5cKODI%2020%20JOB%5cKodi%5cportable_data%5caddons%5cplugin.video.sstv%5cfanart.jpg/">ActivateWindow(videos,&quot;plugin://plugin.video.sstv/?url=http%3A%2F%2Fcdn.rtyh.xyz%2Fenigma2.php%3Fusername%3Dhxd56jhb%26password%3D7gu0abab%26type%3Dget_live_streams%26cat_id%3D63&amp;mode=2&amp;name=Z%2B18+ADULTOS&amp;iconimage=D%3A%5CKODI+PORTABLE%5CKODI+20+JOB%5CKodi%5Cportable_data%5Caddons%5Cplugin.video.sstv%5Cicon.png&amp;description=&quot;,return)</favourite>
</favourites>




* http://cdn.rtyh.xyz:80/get.php?username=hxd56jhb&password=7gu0abab&type=m3u&output=ts	Active	10/12/2019 01:16:15	27/05/2023 23:00:00	0	1	2	"m3u8","ts"	

http://cdn.rtyh.xyz/get.php?username=28hernani&password=38921228&type=m3u&output=ts	Active	18/02/2022 14:13:23	19/05/2023 22:12:00	0	1	1	"m3u8","ts","rtmp"	
http://cdn.rtyh.xyz/get.php?username=3mceif7b&password=c5pxsgbp&type=m3u&output=ts	Active	22/11/2022 13:03:13	22/05/2023 19:03:13	0	0	1	"m3u8","ts","rtmp"	
http://cdn.rtyh.xyz/get.php?username=analaral&password=23012020&type=m3u&output=ts	Active	26/11/2021 10:05:48	28/12/2025 06:12:18	0	0	1	"m3u8","ts"	
http://cdn.rtyh.xyz/get.php?username=Bigbrother&password=91759311&type=m3u&output=ts	Active	08/08/2021 00:35:39	23/05/2023 02:47:16	0	1	1	"m3u8","ts","rtmp"	
http://cdn.rtyh.xyz/get.php?username=Daividtv&password=g2dvvgk2&type=m3u&output=ts	Active	20/07/2022 17:31:18	20/05/2023 21:14:06	0	0	1	"m3u8","ts","rtmp"	
http://cdn.rtyh.xyz/get.php?username=edgaralves&password=tgpwsrd&type=m3u&output=ts	Active	06/03/2022 18:54:45	24/05/2023 22:30:37	0	1	1	"m3u8","ts"	
http://cdn.rtyh.xyz/get.php?username=flavioh&password=henrique&type=m3u&output=ts	Active	23/05/2020 14:02:23	09/05/2023 00:25:57	0	0	1	"m3u8","ts","rtmp"	
http://cdn.rtyh.xyz/get.php?username=Mario640k&password=77042kg2&type=m3u&output=ts	Active	20/09/2021 12:31:05	25/05/2023 14:38:36	0	0	1	"m3u8","ts"	
http://cdn.rtyh.xyz/get.php?username=prp5c1zr&password=5tnf55xz&type=m3u&output=ts	Active	03/01/2023 18:40:39	03/07/2023 18:40:39	0	0	1	"m3u8","ts"	
http://cdn.rtyh.xyz/get.php?username=rafatv889&password=8486lg63&type=m3u&output=ts	Active	07/06/2022 20:04:15	09/05/2023 20:18:11	0	0	1	"m3u8","ts","rtmp"	
http://cdn.rtyh.xyz/get.php?username=sogramatheus&password=99288576&type=m3u&output=ts	Active	21/05/2019 23:34:16	04/05/2023 09:08:09	0	0	1	"m3u8","ts","rtmp"	
http://cdn.rtyh.xyz:80/get.php?username=01514110032&password=1020Abc&type=m3u&output=ts	Active	09/04/2021 23:49:54	17/05/2023 19:29:53	0	1	1	"m3u8","ts","rtmp"	
http://cdn.rtyh.xyz:80/get.php?username=10983910&password=10938892&type=m3u&output=ts	Active	27/01/2022 14:37:41	28/04/2023 11:19:15	0	0	1	"m3u8","ts"	
http://cdn.rtyh.xyz:80/get.php?username=1194744murillo&password=murillobrtv41&type=m3u&output=ts	Active	02/08/2022 21:38:54	09/05/2023 14:46:04	0	0	1	"m3u8","ts"	
http://cdn.rtyh.xyz:80/get.php?username=1196453barreto&password=barretobrtv41&type=m3u&output=ts	Active	06/12/2021 22:38:21	13/05/2023 18:15:11	0	0	1	"m3u8","ts"	
http://cdn.rtyh.xyz:80/get.php?username=11969969699&password=br11969969699&type=m3u&output=ts	Active	21/05/2022 00:24:59	26/05/2023 00:23:00	0	0	1	"m3u8","ts","rtmp"	
http://cdn.rtyh.xyz:80/get.php?username=1197377vinicius&password=viniciusbrtv41&type=m3u&output=ts	Active	19/11/2022 18:32:05	26/11/2023 18:32:05	0	1	1	"m3u8","ts","rtmp"	
http://cdn.rtyh.xyz:80/get.php?username=1198908julia&password=juliabrtv41&type=m3u&output=ts	Active	08/08/2020 13:30:42	16/05/2023 13:22:36	0	1	1	"m3u8","ts"	
http://cdn.rtyh.xyz:80/get.php?username=1adailton123&password=2peninha456&type=m3u&output=ts	Active	02/09/2022 20:44:06	06/05/2023 14:29:16	0	0	1	"m3u8","ts","rtmp"	
http://cdn.rtyh.xyz:80/get.php?username=1jjnqhxu&password=5s377avh&type=m3u&output=ts	Active	02/04/2022 21:47:11	14/05/2023 20:20:15	0	0	1	"m3u8","ts"	
http://cdn.rtyh.xyz:80/get.php?username=1y18hc1g&password=4cb1zgg8&type=m3u&output=ts	Active	17/09/2022 00:12:24	20/03/2024 00:34:04	0	0	1	"m3u8","ts"	
http://cdn.rtyh.xyz:80/get.php?username=28Eva2Ro&password=hndkn8f9&type=m3u&output=ts	Active	07/03/2022 16:26:05	28/04/2023 16:03:48	0	0	1	"m3u8","ts"	
http://cdn.rtyh.xyz:80/get.php?username=28hernani&password=38921228&type=m3u&output=ts	Active	26/12/2020 20:33:26	20/06/2023 00:31:10	0	1	1	"m3u8","ts","rtmp"	
http://cdn.rtyh.xyz:80/get.php?username=31546513&password=00121231&type=m3u&output=ts	Active	28/12/2021 22:54:39	19/05/2023 23:30:28	0	0	1	"m3u8","ts"	
http://cdn.rtyh.xyz:80/get.php?username=3mceif7b&password=c5pxsgbp&type=m3u&output=ts	Active	30/04/2022 01:28:42	03/06/2023 23:13:55	0	1	1	"m3u8","ts","rtmp"	
http://cdn.rtyh.xyz:80/get.php?username=3romario345&password=7van789&type=m3u&output=ts	Active	24/09/2022 20:00:00	29/04/2023 01:34:30	0	1	1	"m3u8","ts"	
http://cdn.rtyh.xyz:80/get.php?username=41999327531&password=br41999327531&type=m3u&output=ts	Active	16/04/2021 22:32:50	18/09/2023 22:24:51	0	0	1	"m3u8","ts","rtmp"	
http://cdn.rtyh.xyz:80/get.php?username=43999265557&password=br43999265557&type=m3u&output=ts	Active	17/03/2022 14:41:20	17/05/2023 14:41:19	0	1	1	"m3u8","ts","rtmp"	
http://cdn.rtyh.xyz:80/get.php?username=4fernando456&password=7silva789&type=m3u&output=ts	Active	05/06/2022 12:08:06	06/07/2023 16:59:10	0	0	1	"m3u8","ts"	
http://cdn.rtyh.xyz:80/get.php?username=4m5n3iuy&password=t9lx0jq6&type=m3u&output=ts	Active	06/04/2021 23:30:40	15/05/2023 16:49:48	0	1	1	"m3u8","ts"	
http://cdn.rtyh.xyz:80/get.php?username=4yvkm2a8&password=qg836kde&type=m3u&output=ts	Active	13/07/2022 14:57:45	13/10/2023 14:57:45	0	0	1	"m3u8","ts","rtmp"	
http://cdn.rtyh.xyz:80/get.php?username=518286383&password=86282873&type=m3u&output=ts	Active	30/04/2021 16:39:49	04/05/2023 17:45:01	0	0	1	"m3u8","ts","rtmp"	
http://cdn.rtyh.xyz:80/get.php?username=544dr4&password=544dr41&type=m3u&output=ts	Active	08/07/2022 15:49:17	09/05/2023 00:25:02	0	1	1	"m3u8","ts","rtmp"	
http://cdn.rtyh.xyz:80/get.php?username=5491787399u&password=5491787399s&type=m3u&output=ts	Active	27/02/2021 22:01:29	02/05/2023 21:14:26	0	0	1	"m3u8","ts","rtmp"	
http://cdn.rtyh.xyz:80/get.php?username=596293638&password=692973936&type=m3u&output=ts	Active	06/09/2022 01:30:59	06/05/2023 05:30:59	0	0	1	"m3u8","ts","rtmp"	
http://cdn.rtyh.xyz:80/get.php?username=5d8cal5t&password=ej7m4jso&type=m3u&output=ts	Active	30/11/2021 09:27:39	28/12/2025 06:12:18	0	0	1	"m3u8","ts"	
http://cdn.rtyh.xyz:80/get.php?username=65tfa7c7&password=bklgmehe&type=m3u&output=ts	Active	28/09/2022 23:58:33	01/05/2023 23:48:38	0	1	1	"m3u8","ts"	
http://cdn.rtyh.xyz:80/get.php?username=682037619&password=629937381&type=m3u&output=ts	Active	29/10/2022 14:22:24	03/05/2023 15:43:20	0	0	1	"m3u8","ts"	
http://cdn.rtyh.xyz:80/get.php?username=6antonio678&password=2silva234&type=m3u&output=ts	Active	29/05/2022 17:37:20	02/05/2023 00:16:37	0	0	1	"m3u8","ts"	
http://cdn.rtyh.xyz:80/get.php?username=6uph5aqm&password=pmzkn07r&type=m3u&output=ts	Active	30/11/2021 08:45:47	28/12/2025 06:12:18	0	0	1	"m3u8","ts"	
http://cdn.rtyh.xyz:80/get.php?username=80Clau&password=14Sueli&type=m3u&output=ts	Active	13/11/2021 08:41:46	28/12/2025 06:12:18	0	1	1	"m3u8","ts"	
http://cdn.rtyh.xyz:80/get.php?username=836262282&password=i7318268&type=m3u&output=ts	Active	03/05/2022 15:10:19	05/06/2023 17:17:01	0	0	1	"m3u8","ts"	
http://cdn.rtyh.xyz:80/get.php?username=8z3wmrd1&password=4x2vdcr6&type=m3u&output=ts	Active	21/06/2022 17:08:49	24/05/2023 02:16:39	0	0	1	"m3u8","ts"	
http://cdn.rtyh.xyz:80/get.php?username=92628252&password=gtv638252&type=m3u&output=ts	Active	26/07/2021 00:33:22	27/05/2023 23:39:34	0	0	1	"m3u8","ts"	
http://cdn.rtyh.xyz:80/get.php?username=927262822&password=i736282&type=m3u&output=ts	Active	23/06/2022 20:12:52	04/05/2023 19:37:09	0	0	1	"m3u8","ts"	
http://cdn.rtyh.xyz:80/get.php?username=9h6gic99&password=1rashxgp&type=m3u&output=ts	Active	18/04/2022 15:49:10	20/07/2023 13:13:00	0	0	1	"m3u8","ts","rtmp"	
http://cdn.rtyh.xyz:80/get.php?username=Adilson1&password=Iptv2021&type=m3u&output=ts	Active	11/09/2022 18:32:09	12/05/2023 23:48:05	0	0	1	"m3u8","ts"	
http://cdn.rtyh.xyz:80/get.php?username=adilson5543&password=txpqgudl&type=m3u&output=ts	Active	06/05/2021 18:41:25	19/05/2023 16:44:39	0	0	1	"m3u8","ts","rtmp"	
http://cdn.rtyh.xyz:80/get.php?username=admilsoncachoeirinha10&password=1075421a&type=m3u&output=ts	Active	05/08/2022 22:32:24	22/05/2023 03:00:00	0	0	1	"m3u8","ts","rtmp"	
http://cdn.rtyh.xyz:80/get.php?username=Albertogon&password=6hj87du5&type=m3u&output=ts	Active	30/11/2021 09:20:11	28/12/2025 06:12:18	0	0	1	"m3u8","ts","rtmp"	
http://cdn.rtyh.xyz:80/get.php?username=AlessandraAju&password=Alessandra2021BRAJU&type=m3u&output=ts	Active	08/07/2022 21:36:58	17/05/2023 21:59:43	0	1	1	"m3u8","ts","rtmp"	
http://cdn.rtyh.xyz:80/get.php?username=AlexhxW4x&password=zA9a9A&type=m3u&output=ts	Active	15/09/2022 21:57:33	22/05/2023 03:00:00	0	0	1	"m3u8","ts"	
http://cdn.rtyh.xyz:80/get.php?username=AlinedeMoraesReno&password=Amr1394&type=m3u&output=ts	Active	26/11/2021 10:00:13	28/12/2025 06:12:18	0	0	1	"m3u8","ts","rtmp"	
http://cdn.rtyh.xyz:80/get.php?username=aloi21019&password=768lp15e&type=m3u&output=ts	Active	10/05/2022 14:00:18	20/05/2023 00:26:20	0	1	1	"m3u8","ts"	
http://cdn.rtyh.xyz:80/get.php?username=alyssonrosa&password=iptv2021&type=m3u&output=ts	Active	14/06/2022 00:50:55	15/05/2023 20:03:58	0	0	1	"m3u8","ts","rtmp"	
http://cdn.rtyh.xyz:80/get.php?username=amarildoevaristo&password=J829248&type=m3u&output=ts	Active	30/11/2021 08:47:46	28/12/2025 06:12:18	0	0	1	"m3u8","ts"	
http://cdn.rtyh.xyz:80/get.php?username=AnaCandidaJF&password=A1n2a3C4a5&type=m3u&output=ts	Active	30/11/2021 08:48:11	28/12/2025 06:12:18	0	1	1	"m3u8","ts","rtmp"	
http://cdn.rtyh.xyz:80/get.php?username=analaral&password=23012020&type=m3u&output=ts	Active	01/07/2022 16:28:10	15/05/2023 21:09:32	0	0	1	"m3u8","ts"	
http://cdn.rtyh.xyz:80/get.php?username=Andersonfranc&password=3htlm59xh2ks&type=m3u&output=ts	Active	05/09/2022 20:12:31	07/05/2023 16:33:43	0	0	1	"m3u8","ts","rtmp"	
http://cdn.rtyh.xyz:80/get.php?username=andre4188&password=andre6557&type=m3u&output=ts	Active	08/01/2021 00:28:28	04/05/2023 17:50:58	0	0	1	"m3u8","ts","rtmp"	
http://cdn.rtyh.xyz:80/get.php?username=Anto123nio&password=Anto456nio&type=m3u&output=ts	Active	26/07/2022 22:10:33	27/05/2023 18:54:12	0	0	1	"m3u8","ts","rtmp"	
http://cdn.rtyh.xyz:80/get.php?username=Antonio01&password=Marcia01&type=m3u&output=ts	Active	30/11/2021 09:11:22	28/12/2025 06:12:18	0	1	1	"m3u8","ts","rtmp"	
http://cdn.rtyh.xyz:80/get.php?username=antoniocoli&password=Gf54321&type=m3u&output=ts	Active	10/05/2022 21:23:55	11/05/2023 00:23:55	0	0	1	"m3u8","ts","rtmp"	
http://cdn.rtyh.xyz:80/get.php?username=Artemio&password=91759311&type=m3u&output=ts	Active	27/08/2022 13:17:01	03/05/2023 23:25:16	0	1	1	"m3u8","ts","rtmp"	
http://cdn.rtyh.xyz:80/get.php?username=Beto2022&password=47121516dd&type=m3u&output=ts	Expired	21/06/2022 22:50:08	22/05/2023 13:28:56	0	0	1	"m3u8","ts"	
http://cdn.rtyh.xyz:80/get.php?username=BiancaBF&password=BiancaJu&type=m3u&output=ts	Active	27/07/2022 15:52:46	03/05/2023 21:59:21	0	0	1	"m3u8","ts"	
http://cdn.rtyh.xyz:80/get.php?username=Bigbrother&password=91759311&type=m3u&output=ts	Active	28/02/2022 16:06:15	18/01/2024 14:42:31	0	1	1	"m3u8","ts","rtmp"	
http://cdn.rtyh.xyz:80/get.php?username=Bruno0146&password=65370146&type=m3u&output=ts	Active	22/04/2022 19:08:31	23/10/2023 12:48:49	0	0	1	"m3u8","ts","rtmp"	
http://cdn.rtyh.xyz:80/get.php?username=Brunocris1&password=Iptv2021&type=m3u&output=ts	Active	30/07/2022 11:23:31	02/05/2023 15:36:58	0	1	1	"m3u8","ts"	
http://cdn.rtyh.xyz:80/get.php?username=Buguinho23&password=127861&type=m3u&output=ts	Active	28/06/2022 16:27:01	02/05/2023 22:26:33	0	0	1	"m3u8","ts","rtmp"	
http://cdn.rtyh.xyz:80/get.php?username=cardoso46&password=96706225&type=m3u&output=ts	Active	07/02/2022 15:07:11	20/08/2023 13:39:42	0	0	1	"m3u8","ts","rtmp"	
http://cdn.rtyh.xyz:80/get.php?username=carlosferreira11&password=carlosferreira95&type=m3u&output=ts	Active	19/02/2023 20:54:51	19/02/2024 20:54:00	0	0	1	"m3u8","ts","rtmp"	
http://cdn.rtyh.xyz:80/get.php?username=CarlosMoraesPT&password=931047084&type=m3u&output=ts	Active	17/01/2021 00:04:08	22/05/2023 03:00:00	0	0	1	"m3u8","ts","rtmp"	
http://cdn.rtyh.xyz:80/get.php?username=carloss56&password=Sel5656&type=m3u&output=ts	Active	18/06/2022 17:10:48	18/05/2023 21:54:33	0	0	1	"m3u8","ts","rtmp"	
http://cdn.rtyh.xyz:80/get.php?username=CAROLINAROMERO&password=17981627204&type=m3u&output=ts	Active	05/04/2022 01:10:05	05/05/2023 01:10:05	0	0	1	"m3u8","ts"	
http://cdn.rtyh.xyz:80/get.php?username=Cezar01tv&password=hibrido01&type=m3u&output=ts	Active	30/11/2021 08:47:02	28/12/2025 06:12:18	0	2	1	"m3u8","ts","rtmp"	
http://cdn.rtyh.xyz:80/get.php?username=Daividtv&password=g2dvvgk2&type=m3u&output=ts	Active	19/07/2020 01:44:15	25/05/2023 14:57:27	0	0	1	"m3u8","ts","rtmp"	
http://cdn.rtyh.xyz:80/get.php?username=Davi01&password=030113&type=m3u&output=ts	Expired	20/04/2022 18:53:57	07/05/2023 20:20:38	0	0	1	"m3u8","ts","rtmp"	
http://cdn.rtyh.xyz:80/get.php?username=denise&password=999873132&type=m3u&output=ts	Active	14/07/2021 02:10:13	29/04/2023 02:23:39	0	0	1	"m3u8","ts","rtmp"	
http://cdn.rtyh.xyz:80/get.php?username=Diogo25&password=10rwc65j&type=m3u&output=ts	Active	30/11/2022 12:50:25	07/05/2023 17:25:30	0	0	1	"m3u8","ts","rtmp"	
http://cdn.rtyh.xyz:80/get.php?username=Edson2&password=Iptv2022&type=m3u&output=ts	Active	05/12/2020 00:00:00	05/05/2023 00:00:00	0	1	1	"m3u8","ts"	
http://cdn.rtyh.xyz:80/get.php?username=Eduardo07&password=Eduardo007&type=m3u&output=ts	Active	16/12/2020 22:55:28	01/05/2023 12:51:09	0	0	1	"m3u8","ts"	
http://cdn.rtyh.xyz:80/get.php?username=Eduardo2021TV&password=infoboxjf&type=m3u&output=ts	Active	24/08/2021 12:14:52	29/04/2023 00:16:33	0	0	1	"m3u8","ts","rtmp"	
http://cdn.rtyh.xyz:80/get.php?username=eduardocampos&password=campos4385&type=m3u&output=ts	Active	09/03/2022 01:38:13	12/05/2023 20:55:21	0	0	1	"m3u8","ts","rtmp"	
http://cdn.rtyh.xyz:80/get.php?username=edvaldo&password=cav0zmat&type=m3u&output=ts	Active	12/07/2020 20:25:13	17/05/2023 20:03:50	0	0	1	"m3u8","ts","rtmp"	
http://cdn.rtyh.xyz:80/get.php?username=elianeg&password=1960emilly&type=m3u&output=ts	Active	08/06/2022 17:43:21	10/05/2023 17:41:18	0	0	1	"m3u8","ts","rtmp"	
http://cdn.rtyh.xyz:80/get.php?username=Elias2022tv&password=keli2022&type=m3u&output=ts	Active	06/07/2022 14:13:26	10/07/2023 19:28:10	0	0	1	"m3u8","ts"	
http://cdn.rtyh.xyz:80/get.php?username=Ericapys&password=03071983Aba&type=m3u&output=ts	Active	30/01/2021 16:44:05	01/05/2023 22:55:12	0	0	1	"m3u8","ts"	
http://cdn.rtyh.xyz:80/get.php?username=Erlandia&password=4baawm1d&type=m3u&output=ts	Active	30/07/2020 20:19:13	04/05/2023 19:12:43	0	0	1	"m3u8","ts","rtmp"	
http://cdn.rtyh.xyz:80/get.php?username=fbrito&password=0riobg4o&type=m3u&output=ts	Active	29/09/2021 02:38:18	15/05/2023 16:21:09	0	0	1	"m3u8","ts","rtmp"	
http://cdn.rtyh.xyz:80/get.php?username=flavioh&password=henrique&type=m3u&output=ts	Active	05/10/2022 23:27:31	06/05/2023 17:03:16	0	0	1	"m3u8","ts","rtmp"	
http://cdn.rtyh.xyz:80/get.php?username=Fredkim&password=K9gd4bxk2z5&type=m3u&output=ts	Active	02/10/2022 14:38:08	10/05/2023 21:46:26	0	1	1	"m3u8","ts"	
http://cdn.rtyh.xyz:80/get.php?username=g16p4lba&password=qe37fwqs&type=m3u&output=ts	Active	29/08/2022 19:12:52	01/06/2023 13:24:00	0	0	1	"m3u8","ts","rtmp"	
http://cdn.rtyh.xyz:80/get.php?username=GeorgiaTarikian&password=Gt19994723774&type=m3u&output=ts	Active	02/09/2022 23:52:46	02/06/2023 00:11:23	0	0	1	"m3u8","ts"	
http://cdn.rtyh.xyz:80/get.php?username=honorio1&password=honorio21&type=m3u&output=ts	Active	28/04/2022 14:08:59	28/04/2023 14:08:58	0	0	1	"m3u8","ts","rtmp"	
http://cdn.rtyh.xyz:80/get.php?username=humbertof&password=bebetof12&type=m3u&output=ts	Active	27/12/2021 17:19:28	31/12/2023 03:05:00	0	0	1	"m3u8","ts"	

http://cdn.rtyh.xyz:80/get.php?username=IanSomma&password=Somma1982&type=m3u&output=ts	Active	26/09/2022 21:24:58	26/09/2023 21:24:58	0	1	1	"m3u8","ts"	
http://cdn.rtyh.xyz:80/get.php?username=iceqj12d&password=u938qpfm&type=m3u&output=ts	Active	11/03/2022 19:00:18	28/12/2025 06:12:18	0	0	1	"m3u8","ts","rtmp"	
http://cdn.rtyh.xyz:80/get.php?username=Isaacvirgilio&password=pan192220&type=m3u&output=ts	Active	12/08/2022 21:38:10	22/05/2023 01:43:50	0	0	1	"m3u8","ts","rtmp"	
http://cdn.rtyh.xyz:80/get.php?username=janyelsonxv&password=aszew357&type=m3u&output=ts	Active	27/07/2022 23:15:03	28/05/2023 03:15:03	0	0	1	"m3u8","ts"	
http://cdn.rtyh.xyz:80/get.php?username=Japa01&password=@japa2021&type=m3u&output=ts	Active	26/11/2021 10:02:14	28/12/2025 06:12:18	0	0	1	"m3u8","ts","rtmp"	
http://cdn.rtyh.xyz:80/get.php?username=jb95ov9s&password=x3897nlx&type=m3u&output=ts	Active	26/12/2020 20:33:26	20/06/2023 00:31:10	0	0	1	"m3u8","ts","rtmp"	
http://cdn.rtyh.xyz:80/get.php?username=jdt8m6f0&password=01rdypvo&type=m3u&output=ts	Active	27/08/2020 17:38:13	30/04/2023 12:33:21	0	0	1	"m3u8","ts","rtmp"	
http://cdn.rtyh.xyz:80/get.php?username=Joao29&password=684984j&type=m3u&output=ts	Active	30/11/2021 08:48:09	28/12/2025 06:12:18	0	0	1	"m3u8","ts","rtmp"	
http://cdn.rtyh.xyz:80/get.php?username=joaoluis&password=drgsevc&type=m3u&output=ts	Active	13/11/2021 08:41:15	28/12/2025 06:12:18	0	0	2	"m3u8","ts"	
http://cdn.rtyh.xyz:80/get.php?username=kratosant&password=santkrato&type=m3u&output=ts	Active	27/05/2022 19:02:35	29/05/2023 22:01:28	0	0	1	"m3u8","ts","rtmp"	
http://cdn.rtyh.xyz:80/get.php?username=lucas.p&password=zp59619956&type=m3u&output=ts	Active	03/04/2022 17:47:56	11/06/2023 00:37:51	0	0	1	"m3u8","ts","rtmp"	
http://cdn.rtyh.xyz:80/get.php?username=lucas.ribeiro&password=ur14351589&type=m3u&output=ts	Active	18/10/2021 16:37:57	21/10/2023 17:19:36	0	1	1	"m3u8","ts","rtmp"	
http://cdn.rtyh.xyz:80/get.php?username=lucas5273&password=lucas6393&type=m3u&output=ts	Active	16/11/2021 19:41:55	05/05/2023 22:27:39	0	0	1	"m3u8","ts"	
http://cdn.rtyh.xyz:80/get.php?username=Luciana123&password=Gf54321&type=m3u&output=ts	Active	23/09/2021 22:04:56	12/05/2023 17:24:03	0	0	1	"m3u8","ts","rtmp"	
http://cdn.rtyh.xyz:80/get.php?username=luizpaulose&password=190921lu&type=m3u&output=ts	Active	18/05/2022 10:08:27	21/05/2023 11:17:39	0	0	1	"m3u8","ts"	
http://cdn.rtyh.xyz:80/get.php?username=maciel0712&password=04u4mac25&type=m3u&output=ts	Active	14/07/2021 02:10:13	29/04/2023 02:23:39	0	0	1	"m3u8","ts","rtmp"	
http://cdn.rtyh.xyz:80/get.php?username=marcellevianna&password=marcellevianna10&type=m3u&output=ts	Active	13/11/2021 12:02:41	28/12/2025 06:12:18	0	0	1	"m3u8","ts","rtmp"	
http://cdn.rtyh.xyz:80/get.php?username=marcellov2&password=8k2glk81&type=m3u&output=ts	Active	18/03/2023 13:09:46	18/05/2023 14:00:01	0	0	1	"m3u8","ts","rtmp"	
http://cdn.rtyh.xyz:80/get.php?username=MarcioJF&password=M1A2R3C4&type=m3u&output=ts	Active	31/07/2021 01:41:40	07/05/2023 14:21:08	0	0	1	"m3u8","ts","rtmp"	
http://cdn.rtyh.xyz:80/get.php?username=Marisa4739&password=17997354935x&type=m3u&output=ts	Active	17/07/2022 01:33:01	17/06/2023 16:44:05	0	0	1	"m3u8","ts"	
http://cdn.rtyh.xyz:80/get.php?username=marquestia&password=389212324&type=m3u&output=ts	Active	07/01/2023 20:39:01	06/05/2023 00:44:22	0	0	1	"m3u8","ts","rtmp"	
http://cdn.rtyh.xyz:80/get.php?username=matheus28&password=ma400800&type=m3u&output=ts	Active	03/05/2022 16:15:06	06/06/2023 16:04:14	0	0	1	"m3u8","ts"	
http://cdn.rtyh.xyz:80/get.php?username=MatheusOXFRD&password=447496547010Matheus&type=m3u&output=ts	Active	28/02/2022 15:11:40	04/01/2024 12:18:22	0	0	1	"m3u8","ts"	
http://cdn.rtyh.xyz:80/get.php?username=mauro53826&password=mauro64939&type=m3u&output=ts	Active	29/01/2022 01:16:33	02/05/2023 15:45:25	0	0	1	"m3u8","ts","rtmp"	
http://cdn.rtyh.xyz:80/get.php?username=Nildozxcty&password=mjkyuio147&type=m3u&output=ts	Active	30/11/2021 08:48:04	28/12/2025 06:12:18	0	1	1	"m3u8","ts"	
http://cdn.rtyh.xyz:80/get.php?username=rafael1410&password=14rafae10&type=m3u&output=ts	Active	28/05/2022 01:01:11	02/05/2023 02:24:58	0	0	1	"m3u8","ts","rtmp"	
http://cdn.rtyh.xyz:80/get.php?username=Raniel875&password=Leinar578&type=m3u&output=ts	Active	27/10/2022 20:39:01	17/07/2023 23:10:14	0	0	1	"m3u8","ts","rtmp"	
http://cdn.rtyh.xyz:80/get.php?username=RBjorgeRJ&password=RB1410rb&type=m3u&output=ts	Active	07/07/2022 14:11:19	07/07/2023 14:11:19	0	0	1	"m3u8","ts","rtmp"	
http://cdn.rtyh.xyz:80/get.php?username=rmaia&password=rickcb&type=m3u&output=ts	Active	06/01/2022 23:34:11	04/05/2023 15:28:28	0	1	1	"m3u8","ts","rtmp"	
http://cdn.rtyh.xyz:80/get.php?username=Romulo&password=dqbjxts3&type=m3u&output=ts	Active	03/04/2022 18:28:45	03/05/2023 22:28:45	0	0	1	"m3u8","ts","rtmp"	
http://cdn.rtyh.xyz:80/get.php?username=ronaltzxcv&password=awszxc73&type=m3u&output=ts	Active	05/12/2022 17:05:34	05/06/2023 20:05:34	0	0	1	"m3u8","ts"	
http://cdn.rtyh.xyz:80/get.php?username=rosa.araujo&password=ra61569518&type=m3u&output=ts	Active	03/09/2022 21:43:47	10/05/2023 22:50:57	0	0	1	"m3u8","ts","rtmp"	
http://cdn.rtyh.xyz:80/get.php?username=SannyVRBPlay&password=Arthur29&type=m3u&output=ts	Active	29/12/2021 23:39:27	03/05/2023 21:38:29	0	1	1	"m3u8","ts","rtmp"	
http://cdn.rtyh.xyz:80/get.php?username=sergiotv7&password=depieri040792&type=m3u&output=ts	Active	10/09/2022 18:50:29	11/06/2023 02:52:49	0	0	1	"m3u8","ts"	
http://cdn.rtyh.xyz:80/get.php?username=sheilaip031&password=9fxafmoa&type=m3u&output=ts	Active	23/10/2021 21:19:21	26/05/2023 16:23:14	0	1	1	"m3u8","ts","rtmp"	
http://cdn.rtyh.xyz:80/get.php?username=sogramatheus&password=99288576&type=m3u&output=ts	Active	03/01/2021 00:22:03	13/05/2023 23:07:19	0	0	1	"m3u8","ts","rtmp"	
http://cdn.rtyh.xyz:80/get.php?username=soleeluna65&password=michele03&type=m3u&output=ts	Active	29/07/2022 18:06:19	01/05/2023 23:56:05	0	1	1	"m3u8","ts","rtmp"	
http://cdn.rtyh.xyz:80/get.php?username=stefanny2021&password=2021stefanny21&type=m3u&output=ts	Active	04/09/2022 14:09:52	15/05/2023 00:42:25	0	0	1	"m3u8","ts","rtmp"	
http://cdn.rtyh.xyz:80/get.php?username=tiagocristiano2fi&password=pan170420&type=m3u&output=ts	Active	18/12/2021 12:51:41	18/05/2023 13:51:41	0	0	1	"m3u8","ts"	
http://cdn.rtyh.xyz:80/get.php?username=uecv7pro&password=qovy5agk&type=m3u&output=ts	Active	26/07/2021 00:33:22	27/05/2023 23:39:34	0	0	1	"m3u8","ts","rtmp"	
http://cdn.rtyh.xyz:80/get.php?username=vagno7612&password=35645446&type=m3u&output=ts	Active	30/01/2023 01:52:10	05/05/2023 02:53:46	0	0	1	"m3u8","ts","rtmp"	
http://cdn.rtyh.xyz:80/get.php?username=Valdecir1546&password=65371546v&type=m3u&output=ts	Active	05/05/2022 22:54:22	01/05/2023 20:51:51	0	0	1	"m3u8","ts","rtmp"	
http://cdn.rtyh.xyz:80/get.php?username=vanderson97&password=148501&type=m3u&output=ts	Active	17/10/2022 19:19:42	23/05/2023 22:48:05	0	0	1	"m3u8","ts","rtmp"	
http://cdn.rtyh.xyz:80/get.php?username=vantuil&password=i1p2t3v4&type=m3u&output=ts	Active	05/12/2020 00:00:00	05/05/2023 00:00:00	0	1	1	"m3u8","ts","rtmp"	
http://cdn.rtyh.xyz:80/get.php?username=vbwa9yvq&password=2ie28vev&type=m3u&output=ts	Active	09/06/2022 19:25:54	09/06/2023 19:25:54	0	0	1	"m3u8","ts"	
http://cdn.rtyh.xyz:80/get.php?username=wanderson4brTCL&password=jaragua467945&type=m3u&output=ts	Active	10/04/2022 14:52:54	11/05/2023 21:46:17	0	0	1	"m3u8","ts","rtmp"	
http://cdn.rtyh.xyz:80/get.php?username=welingtonmoreira48&password=gbrp5083&type=m3u&output=ts	Active	11/07/2022 20:05:27	21/05/2023 18:39:49	0	0	1	"m3u8","ts","rtmp"	
http://cdn.rtyh.xyz:80/get.php?username=williamipt&password=ipwill6&type=m3u&output=ts	Active	28/11/2021 00:00:00	01/01/0001 00:00:00	0	1	1	"m3u8","ts","rtmp"	
http://cdn.rtyh.xyz:80/get.php?username=yyuo8aew&password=zlpgnq94&type=m3u&output=ts	Active	30/11/2021 08:24:46	28/12/2025 06:12:18	0	0	1	"m3u8","ts","rtmp"	
http://cdn.rtyh.xyz:80/get.php?username=zoi284&password=z719350&type=m3u&output=ts	Active	19/05/2022 16:39:02	26/05/2023 16:39:02	0	0	1	"m3u8","ts","rtmp"	