<favourites>
    <favourite name="ABERTOS" thumb="image://http%3a%2f%2fdns.ulttv.xyz%2fi%2floading.png/" fanart="https://i.pinimg.com/736x/c8/a5/94/c8a594e617150f5e10a66316e3f02e10.jpg">ActivateWindow(videos,&quot;plugin://plugin.video.playlistloader/?name=ABERTOS&amp;url=https%3A%2F%2Fis.gd%2Fpvr33&amp;mode=10&amp;iconimage=http%3A%2F%2Fdns.ulttv.xyz%2Fi%2Floading.png&amp;logos=&amp;epg=http%3A%2F%2Fhkc.one%2Fxmltv.php%3Fusername%3D4sa7fx1gvz%26password%3D3jcf19o0zv&amp;cache=0&amp;uuid=0&amp;index=1&quot;,return)</favourite>
    <favourite name="BBB 2023" thumb="image://http%3a%2f%2fdns.ulttv.xyz%2fi%2fbbb22.png/" fanart="https://i.pinimg.com/736x/c8/a5/94/c8a594e617150f5e10a66316e3f02e10.jpg">ActivateWindow(videos,&quot;plugin://plugin.video.playlistloader/?name=BBB+2023&amp;url=https%3A%2F%2Fis.gd%2Fpvr33&amp;mode=10&amp;iconimage=http%3A%2F%2Fdns.ulttv.xyz%2Fi%2Fbbb22.png&amp;logos=&amp;epg=http%3A%2F%2Fhkc.one%2Fxmltv.php%3Fusername%3D4sa7fx1gvz%26password%3D3jcf19o0zv&amp;cache=0&amp;uuid=0&amp;index=2&quot;,return)</favourite>
    <favourite name="CINE SKY" thumb="image://http%3a%2f%2fdns.ulttv.xyz%2fi%2fcinesky.png/" fanart="https://i.pinimg.com/736x/c8/a5/94/c8a594e617150f5e10a66316e3f02e10.jpg">ActivateWindow(videos,&quot;plugin://plugin.video.playlistloader/?name=CINE+SKY&amp;url=https%3A%2F%2Fis.gd%2Fpvr33&amp;mode=10&amp;iconimage=http%3A%2F%2Fdns.ulttv.xyz%2Fi%2Fcinesky.png&amp;logos=&amp;epg=http%3A%2F%2Fhkc.one%2Fxmltv.php%3Fusername%3D4sa7fx1gvz%26password%3D3jcf19o0zv&amp;cache=0&amp;uuid=0&amp;index=4&quot;,return)</favourite>
    <favourite name="DOCUMENTARIOS" thumb="image://http%3a%2f%2fdns.ulttv.xyz%2fi%2fanimalplanet.png/" fanart="https://i.pinimg.com/736x/c8/a5/94/c8a594e617150f5e10a66316e3f02e10.jpg">ActivateWindow(videos,&quot;plugin://plugin.video.playlistloader/?name=DOCUMENTARIOS&amp;url=https%3A%2F%2Fis.gd%2Fpvr33&amp;mode=10&amp;iconimage=http%3A%2F%2Fdns.ulttv.xyz%2Fi%2Fanimalplanet.png&amp;logos=&amp;epg=http%3A%2F%2Fhkc.one%2Fxmltv.php%3Fusername%3D4sa7fx1gvz%26password%3D3jcf19o0zv&amp;cache=0&amp;uuid=0&amp;index=5&quot;,return)</favourite>
    <favourite name="ENTRETENIMENTO" thumb="image://http%3a%2f%2fdns.ulttv.xyz%2fi%2farte1.png/" fanart="https://i.pinimg.com/736x/c8/a5/94/c8a594e617150f5e10a66316e3f02e10.jpg">ActivateWindow(videos,&quot;plugin://plugin.video.playlistloader/?name=ENTRETENIMENTO&amp;url=https%3A%2F%2Fis.gd%2Fpvr33&amp;mode=10&amp;iconimage=http%3A%2F%2Fdns.ulttv.xyz%2Fi%2Farte1.png&amp;logos=&amp;epg=http%3A%2F%2Fhkc.one%2Fxmltv.php%3Fusername%3D4sa7fx1gvz%26password%3D3jcf19o0zv&amp;cache=0&amp;uuid=0&amp;index=6&quot;,return)</favourite>
    <favourite name="ESPORTES PPV" thumb="image://http%3a%2f%2fdns.ulttv.xyz%2fi%2fhdnfl.png/" fanart="https://i.pinimg.com/736x/c8/a5/94/c8a594e617150f5e10a66316e3f02e10.jpg">ActivateWindow(videos,&quot;plugin://plugin.video.playlistloader/?name=ESPORTES+PPV&amp;url=https%3A%2F%2Fis.gd%2Fpvr33&amp;mode=10&amp;iconimage=http%3A%2F%2Fdns.ulttv.xyz%2Fi%2Fhdnfl.png&amp;logos=&amp;epg=http%3A%2F%2Fhkc.one%2Fxmltv.php%3Fusername%3D4sa7fx1gvz%26password%3D3jcf19o0zv&amp;cache=0&amp;uuid=0&amp;index=8&quot;,return)</favourite>
    <favourite name="ESPORTES" thumb="image://http%3a%2f%2fdns.ulttv.xyz%2fi%2fbandsports.png/" fanart="https://i.pinimg.com/736x/c8/a5/94/c8a594e617150f5e10a66316e3f02e10.jpg">ActivateWindow(videos,&quot;plugin://plugin.video.playlistloader/?name=ESPORTES&amp;url=https%3A%2F%2Fis.gd%2Fpvr33&amp;mode=10&amp;iconimage=http%3A%2F%2Fdns.ulttv.xyz%2Fi%2Fbandsports.png&amp;logos=&amp;epg=http%3A%2F%2Fhkc.one%2Fxmltv.php%3Fusername%3D4sa7fx1gvz%26password%3D3jcf19o0zv&amp;cache=0&amp;uuid=0&amp;index=7&quot;,return)</favourite>
    <favourite name="FILMES & SÉRIES" thumb="image://http%3a%2f%2fdns.ulttv.xyz%2fi%2fae.png/" fanart="https://i.pinimg.com/736x/c8/a5/94/c8a594e617150f5e10a66316e3f02e10.jpg">ActivateWindow(videos,&quot;plugin://plugin.video.playlistloader/?name=FILMES+%26+S%C3%89RIES&amp;url=https%3A%2F%2Fis.gd%2Fpvr33&amp;mode=10&amp;iconimage=http%3A%2F%2Fdns.ulttv.xyz%2Fi%2Fae.png&amp;logos=&amp;epg=http%3A%2F%2Fhkc.one%2Fxmltv.php%3Fusername%3D4sa7fx1gvz%26password%3D3jcf19o0zv&amp;cache=0&amp;uuid=0&amp;index=9&quot;,return)</favourite>
    <favourite name="GLOBO" thumb="image://http%3a%2f%2fdns.ulttv.xyz%2fi%2fgazeta.png/" fanart="https://i.pinimg.com/736x/c8/a5/94/c8a594e617150f5e10a66316e3f02e10.jpg">ActivateWindow(videos,&quot;plugin://plugin.video.playlistloader/?name=GLOBO&amp;url=https%3A%2F%2Fis.gd%2Fpvr33&amp;mode=10&amp;iconimage=http%3A%2F%2Fdns.ulttv.xyz%2Fi%2Fgazeta.png&amp;logos=&amp;epg=http%3A%2F%2Fhkc.one%2Fxmltv.php%3Fusername%3D4sa7fx1gvz%26password%3D3jcf19o0zv&amp;cache=0&amp;uuid=0&amp;index=10&quot;,return)</favourite>
    <favourite name="HBO" thumb="image://http%3a%2f%2fdns.ulttv.xyz%2fi%2fhbo.png/" fanart="https://i.pinimg.com/736x/c8/a5/94/c8a594e617150f5e10a66316e3f02e10.jpg">ActivateWindow(videos,&quot;plugin://plugin.video.playlistloader/?name=HBO&amp;url=https%3A%2F%2Fis.gd%2Fpvr33&amp;mode=10&amp;iconimage=http%3A%2F%2Fdns.ulttv.xyz%2Fi%2Fhbo.png&amp;logos=&amp;epg=http%3A%2F%2Fhkc.one%2Fxmltv.php%3Fusername%3D4sa7fx1gvz%26password%3D3jcf19o0zv&amp;cache=0&amp;uuid=0&amp;index=11&quot;,return)</favourite>
    <favourite name="INFANTIS" thumb="image://http%3a%2f%2fdns.ulttv.xyz%2fi%2fbabytv.png/" fanart="https://i.pinimg.com/736x/c8/a5/94/c8a594e617150f5e10a66316e3f02e10.jpg">ActivateWindow(videos,&quot;plugin://plugin.video.playlistloader/?name=INFANTIS&amp;url=https%3A%2F%2Fis.gd%2Fpvr33&amp;mode=10&amp;iconimage=http%3A%2F%2Fdns.ulttv.xyz%2Fi%2Fbabytv.png&amp;logos=&amp;epg=http%3A%2F%2Fhkc.one%2Fxmltv.php%3Fusername%3D4sa7fx1gvz%26password%3D3jcf19o0zv&amp;cache=0&amp;uuid=0&amp;index=12&quot;,return)</favourite>
    <favourite name="NOTÍCIAS" thumb="image://http%3a%2f%2fdns.ulttv.xyz%2fi%2fbandnews.png/" fanart="https://i.pinimg.com/736x/c8/a5/94/c8a594e617150f5e10a66316e3f02e10.jpg">ActivateWindow(videos,&quot;plugin://plugin.video.playlistloader/?name=NOT%C3%8DCIAS&amp;url=https%3A%2F%2Fis.gd%2Fpvr33&amp;mode=10&amp;iconimage=http%3A%2F%2Fdns.ulttv.xyz%2Fi%2Fbandnews.png&amp;logos=&amp;epg=http%3A%2F%2Fhkc.one%2Fxmltv.php%3Fusername%3D4sa7fx1gvz%26password%3D3jcf19o0zv&amp;cache=0&amp;uuid=0&amp;index=13&quot;,return)</favourite>
    <favourite name="PREMIERE" thumb="image://http%3a%2f%2fdns.ulttv.xyz%2fi%2fpremierefutebolclubes.png/" fanart="https://i.pinimg.com/736x/c8/a5/94/c8a594e617150f5e10a66316e3f02e10.jpg">ActivateWindow(videos,&quot;plugin://plugin.video.playlistloader/?name=PREMIERE&amp;url=https%3A%2F%2Fis.gd%2Fpvr33&amp;mode=10&amp;iconimage=http%3A%2F%2Fdns.ulttv.xyz%2Fi%2Fpremierefutebolclubes.png&amp;logos=&amp;epg=http%3A%2F%2Fhkc.one%2Fxmltv.php%3Fusername%3D4sa7fx1gvz%26password%3D3jcf19o0zv&amp;cache=0&amp;uuid=0&amp;index=14&quot;,return)</favourite>
    <favourite name="RELIGIOSOS" thumb="image://http%3a%2f%2fdns.ulttv.xyz%2fi%2fnovotempo.png/" fanart="https://i.pinimg.com/736x/c8/a5/94/c8a594e617150f5e10a66316e3f02e10.jpg">ActivateWindow(videos,&quot;plugin://plugin.video.playlistloader/?name=RELIGIOSOS&amp;url=https%3A%2F%2Fis.gd%2Fpvr33&amp;mode=10&amp;iconimage=http%3A%2F%2Fdns.ulttv.xyz%2Fi%2Fnovotempo.png&amp;logos=&amp;epg=http%3A%2F%2Fhkc.one%2Fxmltv.php%3Fusername%3D4sa7fx1gvz%26password%3D3jcf19o0zv&amp;cache=0&amp;uuid=0&amp;index=15&quot;,return)</favourite>
    <favourite name="SPORTS WORLD" thumb="image://http%3a%2f%2fdns.ulttv.xyz%2fi%2fbeinsports.png/" fanart="https://i.pinimg.com/736x/c8/a5/94/c8a594e617150f5e10a66316e3f02e10.jpg">ActivateWindow(videos,&quot;plugin://plugin.video.playlistloader/?name=SPORTS+WORLD&amp;url=https%3A%2F%2Fis.gd%2Fpvr33&amp;mode=10&amp;iconimage=http%3A%2F%2Fdns.ulttv.xyz%2Fi%2Fbeinsports.png&amp;logos=&amp;epg=http%3A%2F%2Fhkc.one%2Fxmltv.php%3Fusername%3D4sa7fx1gvz%26password%3D3jcf19o0zv&amp;cache=0&amp;uuid=0&amp;index=16&quot;,return)</favourite>
    <favourite name="TELECINE" thumb="image://http%3a%2f%2fdns.ulttv.xyz%2fi%2ftcaction.png/" fanart="https://i.pinimg.com/736x/c8/a5/94/c8a594e617150f5e10a66316e3f02e10.jpg">ActivateWindow(videos,&quot;plugin://plugin.video.playlistloader/?name=TELECINE&amp;url=https%3A%2F%2Fis.gd%2Fpvr33&amp;mode=10&amp;iconimage=http%3A%2F%2Fdns.ulttv.xyz%2Fi%2Ftcaction.png&amp;logos=&amp;epg=http%3A%2F%2Fhkc.one%2Fxmltv.php%3Fusername%3D4sa7fx1gvz%26password%3D3jcf19o0zv&amp;cache=0&amp;uuid=0&amp;index=17&quot;,return)</favourite>
    <favourite name="VARIEDADES" thumb="image://http%3a%2f%2fdns.ulttv.xyz%2fi%2fmaisglobosat.png/" fanart="https://i.pinimg.com/736x/c8/a5/94/c8a594e617150f5e10a66316e3f02e10.jpg">ActivateWindow(videos,&quot;plugin://plugin.video.playlistloader/?name=VARIEDADES&amp;url=https%3A%2F%2Fis.gd%2Fpvr33&amp;mode=10&amp;iconimage=http%3A%2F%2Fdns.ulttv.xyz%2Fi%2Fmaisglobosat.png&amp;logos=&amp;epg=http%3A%2F%2Fhkc.one%2Fxmltv.php%3Fusername%3D4sa7fx1gvz%26password%3D3jcf19o0zv&amp;cache=0&amp;uuid=0&amp;index=18&quot;,return)</favourite>
</favourites>