<favourites>
    <favourite name="CNN BRASIL" thumb="image://http%3a%2f%2ffanc.tmsimg.com%2fassets%2fs114159_ll_h3_ac.png/" fanart="none">PlayMedia(&quot;plugin://plugin.video.iptvpremium.matrix/?url=http%3A%2F%2Ftv.com.vc%3A80%2FKsVpFvAAaF%2FqEpZPHBP2G%2F107572.m3u8&amp;mode=4&amp;name=CNN+BRASIL&amp;fanart=&amp;iconimage=http%3A%2F%2Ffanc.tmsimg.com%2Fassets%2Fs114159_ll_h3_ac.png&amp;description=&quot;)</favourite>
    <favourite name="Globo News HD" thumb="image://http%3a%2f%2fucsxiptv.com%3a8080%2fimages%2flogos%2f62916a2736a2876d97ef570ef05d7dff.png/" fanart="none">ActivateWindow(videos,&quot;plugin://plugin.video.twoaddons/?url=plugin%3A%2F%2Fplugin.video.f4mTester%2F%3Furl%3Dhttp%253A%252F%252Fucsxiptv.com%253A8080%252Fsilentrixx%252Fteleg8753893445555gv%252F183%257CUser-Agent%253DMozilla%252F5.0%2B%2528Windows%2BNT%2B10.0%253B%2BWin64%253B%2Bx64%2529%2BAppleWebKit%252F537.36%2B%2528KHTML%252C%2Blike%2BGecko%2529%2BChrome%252F79.0.3945.130%2BSafari%252F537.36%26streamtype%3DTSDOWNLOADER%26iconImage%3Dhttp%253A%252F%252Fucsxiptv.com%253A8080%252Fimages%252Flogos%252F62916a2736a2876d97ef570ef05d7dff.png%26name%3DBR%253A%2BGlobo%2BNews%2BHD&amp;mode=12&amp;iconimage=http%3A%2F%2Fucsxiptv.com%3A8080%2Fimages%2Flogos%2F62916a2736a2876d97ef570ef05d7dff.png&quot;,return)</favourite>
    <favourite name="CNN PORTUGAL" thumb="image://DefaultVideo.png/" fanart="none">PlayMedia(&quot;plugin://plugin.video.vavooto/?name=CNN+PORTUGAL&quot;)</favourite>
    <favourite name="SKY TG24" thumb="image://https%3a%2f%2fupload.wikimedia.org%2fwikipedia%2fcommons%2f9%2f91%2fSKY_TG24.png/" fanart="none">PlayMedia(&quot;plugin://plugin.video.twoaddons/?url=plugin%3A%2F%2FLISTASIPTV%2F%3Furl%3Dhttp%253A%252F%252Fiptvtree.net%253A8080%2524doregex%255BVXB%255D283205%26mode%3D16%26name%3Diptvtree%26fanart%3Dhttps%253A%252F%252Fcdn6.aptoide.com%252Fimgs%252F3%252F1%252Fc%252F31c8364300d7ec8acd4a62fb11c76ee6_screen.png%26iconimage%3Dhttps%253A%252F%252Fcdn6.aptoide.com%252Fimgs%252F3%252F1%252Fc%252F31c8364300d7ec8acd4a62fb11c76ee6_screen.png%26subtitle%3D%26description%3Diptvtree%26regex%3D%255B%2527%253Cregex%253E%253Cname%253EVXB%253C%252Fname%253E%253Cexpres%253E%2528.%252A%253F%2529.vxb%253C%252Fexpres%253E%253Cpage%253Ehttps%253A%252F%252Fgist.githubusercontent.com%252Fspinabr%252Fe3a2c45c14439c1fb408377fecbbbca0%252Fraw%252F%253C%252Fpage%253E%253C%252Fregex%253E%2527%255D%26title%3Diptvtree&amp;mode=12&amp;iconimage=https%3A%2F%2Fupload.wikimedia.org%2Fwikipedia%2Fcommons%2F9%2F91%2FSKY_TG24.png&quot;)</favourite>
    <favourite name="TGCOM 24" thumb="image://https%3a%2f%2fwww.ilcentrodemocratico.it%2fwp-content%2fuploads%2f2015%2f02%2fSchermata-05-2456078-alle-16.26.38.png/" fanart="none">PlayMedia(&quot;plugin://plugin.video.twoaddons/?url=plugin%3A%2F%2FLISTASIPTV%2F%3Furl%3Dhttp%253A%252F%252Fiptvtree.net%253A8080%2524doregex%255BVXB%255D1007%26mode%3D16%26name%3Diptvtree%26fanart%3Dhttps%253A%252F%252Fcdn6.aptoide.com%252Fimgs%252F3%252F1%252Fc%252F31c8364300d7ec8acd4a62fb11c76ee6_screen.png%26iconimage%3Dhttps%253A%252F%252Fcdn6.aptoide.com%252Fimgs%252F3%252F1%252Fc%252F31c8364300d7ec8acd4a62fb11c76ee6_screen.png%26subtitle%3D%26description%3Diptvtree%26regex%3D%255B%2527%253Cregex%253E%253Cname%253EVXB%253C%252Fname%253E%253Cexpres%253E%2528.%252A%253F%2529.vxb%253C%252Fexpres%253E%253Cpage%253Ehttps%253A%252F%252Fgist.githubusercontent.com%252Fspinabr%252Fe3a2c45c14439c1fb408377fecbbbca0%252Fraw%252F%253C%252Fpage%253E%253C%252Fregex%253E%2527%255D%26title%3Diptvtree&amp;mode=12&amp;iconimage=https%3A%2F%2Fwww.ilcentrodemocratico.it%2Fwp-content%2Fuploads%2F2015%2F02%2FSchermata-05-2456078-alle-16.26.38.png&quot;)</favourite>
</favourites>