<favourites>
    <favourite name=" PERU" thumb="image://D%3a%5cKODI%20PORTABLE%5cKODI%2020%20JOB%5cKodi%5cportable_data%5caddons%5cplugin.video.sstv%5cicon.png/" fanart="image://D%3a%5cKODI%20PORTABLE%5cKODI%2020%20JOB%5cKodi%5cportable_data%5caddons%5cplugin.video.sstv%5cfanart.jpg/">ActivateWindow(videos,&quot;plugin://plugin.video.sstv/?url=http%3A%2F%2Faxr.life%2Fenigma2.php%3Fusername%3Dmonicaevaristo%26password%3D92743846%26type%3Dget_live_streams%26cat_id%3D249&amp;mode=2&amp;name=+PERU&amp;iconimage=D%3A%5CKODI+PORTABLE%5CKODI+20+JOB%5CKodi%5Cportable_data%5Caddons%5Cplugin.video.sstv%5Cicon.png&amp;description=&quot;,return)</favourite>
    <favourite name="All" thumb="image://D%3a%5cKODI%20PORTABLE%5cKODI%2020%20JOB%5cKodi%5cportable_data%5caddons%5cplugin.video.sstv%5cicon.png/" fanart="image://D%3a%5cKODI%20PORTABLE%5cKODI%2020%20JOB%5cKodi%5cportable_data%5caddons%5cplugin.video.sstv%5cfanart.jpg/">ActivateWindow(videos,&quot;plugin://plugin.video.sstv/?url=http%3A%2F%2Faxr.life%2Fenigma2.php%3Fusername%3Dmonicaevaristo%26password%3D92743846%26type%3Dget_live_streams%26cat_id%3D0&amp;mode=2&amp;name=All&amp;iconimage=D%3A%5CKODI+PORTABLE%5CKODI+20+JOB%5CKodi%5Cportable_data%5Caddons%5Cplugin.video.sstv%5Cicon.png&amp;description=&quot;,return)</favourite>
    <favourite name="ARGENTINA  3" thumb="image://D%3a%5cKODI%20PORTABLE%5cKODI%2020%20JOB%5cKodi%5cportable_data%5caddons%5cplugin.video.sstv%5cicon.png/" fanart="image://D%3a%5cKODI%20PORTABLE%5cKODI%2020%20JOB%5cKodi%5cportable_data%5caddons%5cplugin.video.sstv%5cfanart.jpg/">ActivateWindow(videos,&quot;plugin://plugin.video.sstv/?url=http%3A%2F%2Faxr.life%2Fenigma2.php%3Fusername%3Dmonicaevaristo%26password%3D92743846%26type%3Dget_live_streams%26cat_id%3D7070&amp;mode=2&amp;name=ARGENTINA++3&amp;iconimage=D%3A%5CKODI+PORTABLE%5CKODI+20+JOB%5CKodi%5Cportable_data%5Caddons%5Cplugin.video.sstv%5Cicon.png&amp;description=&quot;,return)</favourite>
    <favourite name="ARGENTINA 1" thumb="image://D%3a%5cKODI%20PORTABLE%5cKODI%2020%20JOB%5cKodi%5cportable_data%5caddons%5cplugin.video.sstv%5cicon.png/" fanart="image://D%3a%5cKODI%20PORTABLE%5cKODI%2020%20JOB%5cKodi%5cportable_data%5caddons%5cplugin.video.sstv%5cfanart.jpg/">ActivateWindow(videos,&quot;plugin://plugin.video.sstv/?url=http%3A%2F%2Faxr.life%2Fenigma2.php%3Fusername%3Dmonicaevaristo%26password%3D92743846%26type%3Dget_live_streams%26cat_id%3D7340&amp;mode=2&amp;name=ARGENTINA+1&amp;iconimage=D%3A%5CKODI+PORTABLE%5CKODI+20+JOB%5CKodi%5Cportable_data%5Caddons%5Cplugin.video.sstv%5Cicon.png&amp;description=&quot;,return)</favourite>
    <favourite name="ARGENTINA 2" thumb="image://D%3a%5cKODI%20PORTABLE%5cKODI%2020%20JOB%5cKodi%5cportable_data%5caddons%5cplugin.video.sstv%5cicon.png/" fanart="image://D%3a%5cKODI%20PORTABLE%5cKODI%2020%20JOB%5cKodi%5cportable_data%5caddons%5cplugin.video.sstv%5cfanart.jpg/">ActivateWindow(videos,&quot;plugin://plugin.video.sstv/?url=http%3A%2F%2Faxr.life%2Fenigma2.php%3Fusername%3Dmonicaevaristo%26password%3D92743846%26type%3Dget_live_streams%26cat_id%3D7165&amp;mode=2&amp;name=ARGENTINA+2&amp;iconimage=D%3A%5CKODI+PORTABLE%5CKODI+20+JOB%5CKodi%5Cportable_data%5Caddons%5Cplugin.video.sstv%5Cicon.png&amp;description=&quot;,return)</favourite>
    <favourite name="BANGLADESH" thumb="image://D%3a%5cKODI%20PORTABLE%5cKODI%2020%20JOB%5cKodi%5cportable_data%5caddons%5cplugin.video.sstv%5cicon.png/" fanart="image://D%3a%5cKODI%20PORTABLE%5cKODI%2020%20JOB%5cKodi%5cportable_data%5caddons%5cplugin.video.sstv%5cfanart.jpg/">ActivateWindow(videos,&quot;plugin://plugin.video.sstv/?url=http%3A%2F%2Faxr.life%2Fenigma2.php%3Fusername%3Dmonicaevaristo%26password%3D92743846%26type%3Dget_live_streams%26cat_id%3D7159&amp;mode=2&amp;name=BANGLADESH&amp;iconimage=D%3A%5CKODI+PORTABLE%5CKODI+20+JOB%5CKodi%5Cportable_data%5Caddons%5Cplugin.video.sstv%5Cicon.png&amp;description=&quot;,return)</favourite>
    <favourite name="BEIN SPORTS" thumb="image://D%3a%5cKODI%20PORTABLE%5cKODI%2020%20JOB%5cKodi%5cportable_data%5caddons%5cplugin.video.sstv%5cicon.png/" fanart="image://D%3a%5cKODI%20PORTABLE%5cKODI%2020%20JOB%5cKodi%5cportable_data%5caddons%5cplugin.video.sstv%5cfanart.jpg/">ActivateWindow(videos,&quot;plugin://plugin.video.sstv/?url=http%3A%2F%2Faxr.life%2Fenigma2.php%3Fusername%3Dmonicaevaristo%26password%3D92743846%26type%3Dget_live_streams%26cat_id%3D312&amp;mode=2&amp;name=BEIN+SPORTS&amp;iconimage=D%3A%5CKODI+PORTABLE%5CKODI+20+JOB%5CKodi%5Cportable_data%5Caddons%5Cplugin.video.sstv%5Cicon.png&amp;description=&quot;,return)</favourite>
    <favourite name="BOLIVIA 2" thumb="image://D%3a%5cKODI%20PORTABLE%5cKODI%2020%20JOB%5cKodi%5cportable_data%5caddons%5cplugin.video.sstv%5cicon.png/" fanart="image://D%3a%5cKODI%20PORTABLE%5cKODI%2020%20JOB%5cKodi%5cportable_data%5caddons%5cplugin.video.sstv%5cfanart.jpg/">ActivateWindow(videos,&quot;plugin://plugin.video.sstv/?url=http%3A%2F%2Faxr.life%2Fenigma2.php%3Fusername%3Dmonicaevaristo%26password%3D92743846%26type%3Dget_live_streams%26cat_id%3D7329&amp;mode=2&amp;name=BOLIVIA+2&amp;iconimage=D%3A%5CKODI+PORTABLE%5CKODI+20+JOB%5CKodi%5Cportable_data%5Caddons%5Cplugin.video.sstv%5Cicon.png&amp;description=&quot;,return)</favourite>
    <favourite name="BOLIVIA" thumb="image://D%3a%5cKODI%20PORTABLE%5cKODI%2020%20JOB%5cKodi%5cportable_data%5caddons%5cplugin.video.sstv%5cicon.png/" fanart="image://D%3a%5cKODI%20PORTABLE%5cKODI%2020%20JOB%5cKodi%5cportable_data%5caddons%5cplugin.video.sstv%5cfanart.jpg/">ActivateWindow(videos,&quot;plugin://plugin.video.sstv/?url=http%3A%2F%2Faxr.life%2Fenigma2.php%3Fusername%3Dmonicaevaristo%26password%3D92743846%26type%3Dget_live_streams%26cat_id%3D91&amp;mode=2&amp;name=BOLIVIA&amp;iconimage=D%3A%5CKODI+PORTABLE%5CKODI+20+JOB%5CKodi%5Cportable_data%5Caddons%5Cplugin.video.sstv%5Cicon.png&amp;description=&quot;,return)</favourite>
    <favourite name="CANAIS ABERTOS" thumb="image://D%3a%5cKODI%20PORTABLE%5cKODI%2020%20JOB%5cKodi%5cportable_data%5caddons%5cplugin.video.sstv%5cicon.png/" fanart="image://D%3a%5cKODI%20PORTABLE%5cKODI%2020%20JOB%5cKodi%5cportable_data%5caddons%5cplugin.video.sstv%5cfanart.jpg/">ActivateWindow(videos,&quot;plugin://plugin.video.sstv/?url=http%3A%2F%2Faxr.life%2Fenigma2.php%3Fusername%3Dmonicaevaristo%26password%3D92743846%26type%3Dget_live_streams%26cat_id%3D26&amp;mode=2&amp;name=CANAIS+ABERTOS&amp;iconimage=D%3A%5CKODI+PORTABLE%5CKODI+20+JOB%5CKodi%5Cportable_data%5Caddons%5Cplugin.video.sstv%5Cicon.png&amp;description=&quot;,return)</favourite>
    <favourite name="CHAMPIONS LEAGUE TV" thumb="image://D%3a%5cKODI%20PORTABLE%5cKODI%2020%20JOB%5cKodi%5cportable_data%5caddons%5cplugin.video.sstv%5cicon.png/" fanart="image://D%3a%5cKODI%20PORTABLE%5cKODI%2020%20JOB%5cKodi%5cportable_data%5caddons%5cplugin.video.sstv%5cfanart.jpg/">ActivateWindow(videos,&quot;plugin://plugin.video.sstv/?url=http%3A%2F%2Faxr.life%2Fenigma2.php%3Fusername%3Dmonicaevaristo%26password%3D92743846%26type%3Dget_live_streams%26cat_id%3D7349&amp;mode=2&amp;name=CHAMPIONS+LEAGUE+TV&amp;iconimage=D%3A%5CKODI+PORTABLE%5CKODI+20+JOB%5CKodi%5Cportable_data%5Caddons%5Cplugin.video.sstv%5Cicon.png&amp;description=&quot;,return)</favourite>
    <favourite name="CHILE" thumb="image://D%3a%5cKODI%20PORTABLE%5cKODI%2020%20JOB%5cKodi%5cportable_data%5caddons%5cplugin.video.sstv%5cicon.png/" fanart="image://D%3a%5cKODI%20PORTABLE%5cKODI%2020%20JOB%5cKodi%5cportable_data%5caddons%5cplugin.video.sstv%5cfanart.jpg/">ActivateWindow(videos,&quot;plugin://plugin.video.sstv/?url=http%3A%2F%2Faxr.life%2Fenigma2.php%3Fusername%3Dmonicaevaristo%26password%3D92743846%26type%3Dget_live_streams%26cat_id%3D65&amp;mode=2&amp;name=CHILE&amp;iconimage=D%3A%5CKODI+PORTABLE%5CKODI+20+JOB%5CKodi%5Cportable_data%5Caddons%5Cplugin.video.sstv%5Cicon.png&amp;description=&quot;,return)</favourite>
    <favourite name="CINE HD ESP" thumb="image://D%3a%5cKODI%20PORTABLE%5cKODI%2020%20JOB%5cKodi%5cportable_data%5caddons%5cplugin.video.sstv%5cicon.png/" fanart="image://D%3a%5cKODI%20PORTABLE%5cKODI%2020%20JOB%5cKodi%5cportable_data%5caddons%5cplugin.video.sstv%5cfanart.jpg/">ActivateWindow(videos,&quot;plugin://plugin.video.sstv/?url=http%3A%2F%2Faxr.life%2Fenigma2.php%3Fusername%3Dmonicaevaristo%26password%3D92743846%26type%3Dget_live_streams%26cat_id%3D7081&amp;mode=2&amp;name=CINE+HD+ESP&amp;iconimage=D%3A%5CKODI+PORTABLE%5CKODI+20+JOB%5CKodi%5Cportable_data%5Caddons%5Cplugin.video.sstv%5Cicon.png&amp;description=&quot;,return)</favourite>
    <favourite name="CINE SD ESP" thumb="image://D%3a%5cKODI%20PORTABLE%5cKODI%2020%20JOB%5cKodi%5cportable_data%5caddons%5cplugin.video.sstv%5cicon.png/" fanart="image://D%3a%5cKODI%20PORTABLE%5cKODI%2020%20JOB%5cKodi%5cportable_data%5caddons%5cplugin.video.sstv%5cfanart.jpg/">ActivateWindow(videos,&quot;plugin://plugin.video.sstv/?url=http%3A%2F%2Faxr.life%2Fenigma2.php%3Fusername%3Dmonicaevaristo%26password%3D92743846%26type%3Dget_live_streams%26cat_id%3D7082&amp;mode=2&amp;name=CINE+SD+ESP&amp;iconimage=D%3A%5CKODI+PORTABLE%5CKODI+20+JOB%5CKodi%5Cportable_data%5Caddons%5Cplugin.video.sstv%5Cicon.png&amp;description=&quot;,return)</favourite>
    <favourite name="CINE SKY" thumb="image://D%3a%5cKODI%20PORTABLE%5cKODI%2020%20JOB%5cKodi%5cportable_data%5caddons%5cplugin.video.sstv%5cicon.png/" fanart="image://D%3a%5cKODI%20PORTABLE%5cKODI%2020%20JOB%5cKodi%5cportable_data%5caddons%5cplugin.video.sstv%5cfanart.jpg/">ActivateWindow(videos,&quot;plugin://plugin.video.sstv/?url=http%3A%2F%2Faxr.life%2Fenigma2.php%3Fusername%3Dmonicaevaristo%26password%3D92743846%26type%3Dget_live_streams%26cat_id%3D7149&amp;mode=2&amp;name=CINE+SKY&amp;iconimage=D%3A%5CKODI+PORTABLE%5CKODI+20+JOB%5CKodi%5Cportable_data%5Caddons%5Cplugin.video.sstv%5Cicon.png&amp;description=&quot;,return)</favourite>
    <favourite name="COLOMBIA" thumb="image://D%3a%5cKODI%20PORTABLE%5cKODI%2020%20JOB%5cKodi%5cportable_data%5caddons%5cplugin.video.sstv%5cicon.png/" fanart="image://D%3a%5cKODI%20PORTABLE%5cKODI%2020%20JOB%5cKodi%5cportable_data%5caddons%5cplugin.video.sstv%5cfanart.jpg/">ActivateWindow(videos,&quot;plugin://plugin.video.sstv/?url=http%3A%2F%2Faxr.life%2Fenigma2.php%3Fusername%3Dmonicaevaristo%26password%3D92743846%26type%3Dget_live_streams%26cat_id%3D92&amp;mode=2&amp;name=COLOMBIA&amp;iconimage=D%3A%5CKODI+PORTABLE%5CKODI+20+JOB%5CKodi%5Cportable_data%5Caddons%5Cplugin.video.sstv%5Cicon.png&amp;description=&quot;,return)</favourite>
    <favourite name="DESPORTES HD" thumb="image://D%3a%5cKODI%20PORTABLE%5cKODI%2020%20JOB%5cKodi%5cportable_data%5caddons%5cplugin.video.sstv%5cicon.png/" fanart="image://D%3a%5cKODI%20PORTABLE%5cKODI%2020%20JOB%5cKodi%5cportable_data%5caddons%5cplugin.video.sstv%5cfanart.jpg/">ActivateWindow(videos,&quot;plugin://plugin.video.sstv/?url=http%3A%2F%2Faxr.life%2Fenigma2.php%3Fusername%3Dmonicaevaristo%26password%3D92743846%26type%3Dget_live_streams%26cat_id%3D7084&amp;mode=2&amp;name=DESPORTES+HD&amp;iconimage=D%3A%5CKODI+PORTABLE%5CKODI+20+JOB%5CKodi%5Cportable_data%5Caddons%5Cplugin.video.sstv%5Cicon.png&amp;description=&quot;,return)</favourite>
    <favourite name="DESPORTES SD" thumb="image://D%3a%5cKODI%20PORTABLE%5cKODI%2020%20JOB%5cKodi%5cportable_data%5caddons%5cplugin.video.sstv%5cicon.png/" fanart="image://D%3a%5cKODI%20PORTABLE%5cKODI%2020%20JOB%5cKodi%5cportable_data%5caddons%5cplugin.video.sstv%5cfanart.jpg/">ActivateWindow(videos,&quot;plugin://plugin.video.sstv/?url=http%3A%2F%2Faxr.life%2Fenigma2.php%3Fusername%3Dmonicaevaristo%26password%3D92743846%26type%3Dget_live_streams%26cat_id%3D7083&amp;mode=2&amp;name=DESPORTES+SD&amp;iconimage=D%3A%5CKODI+PORTABLE%5CKODI+20+JOB%5CKodi%5Cportable_data%5Caddons%5Cplugin.video.sstv%5Cicon.png&amp;description=&quot;,return)</favourite>
    <favourite name="DOCUMENTÁRIOS" thumb="image://D%3a%5cKODI%20PORTABLE%5cKODI%2020%20JOB%5cKodi%5cportable_data%5caddons%5cplugin.video.sstv%5cicon.png/" fanart="image://D%3a%5cKODI%20PORTABLE%5cKODI%2020%20JOB%5cKodi%5cportable_data%5caddons%5cplugin.video.sstv%5cfanart.jpg/">ActivateWindow(videos,&quot;plugin://plugin.video.sstv/?url=http%3A%2F%2Faxr.life%2Fenigma2.php%3Fusername%3Dmonicaevaristo%26password%3D92743846%26type%3Dget_live_streams%26cat_id%3D27&amp;mode=2&amp;name=DOCUMENT%C3%81RIOS&amp;iconimage=D%3A%5CKODI+PORTABLE%5CKODI+20+JOB%5CKodi%5Cportable_data%5Caddons%5Cplugin.video.sstv%5Cicon.png&amp;description=&quot;,return)</favourite>
    <favourite name="EQUADOR" thumb="image://D%3a%5cKODI%20PORTABLE%5cKODI%2020%20JOB%5cKodi%5cportable_data%5caddons%5cplugin.video.sstv%5cicon.png/" fanart="image://D%3a%5cKODI%20PORTABLE%5cKODI%2020%20JOB%5cKodi%5cportable_data%5caddons%5cplugin.video.sstv%5cfanart.jpg/">ActivateWindow(videos,&quot;plugin://plugin.video.sstv/?url=http%3A%2F%2Faxr.life%2Fenigma2.php%3Fusername%3Dmonicaevaristo%26password%3D92743846%26type%3Dget_live_streams%26cat_id%3D210&amp;mode=2&amp;name=EQUADOR&amp;iconimage=D%3A%5CKODI+PORTABLE%5CKODI+20+JOB%5CKodi%5Cportable_data%5Caddons%5Cplugin.video.sstv%5Cicon.png&amp;description=&quot;,return)</favourite>
    <favourite name="ESPECIAIS ANIME 24h" thumb="image://D%3a%5cKODI%20PORTABLE%5cKODI%2020%20JOB%5cKodi%5cportable_data%5caddons%5cplugin.video.sstv%5cicon.png/" fanart="image://D%3a%5cKODI%20PORTABLE%5cKODI%2020%20JOB%5cKodi%5cportable_data%5caddons%5cplugin.video.sstv%5cfanart.jpg/">ActivateWindow(videos,&quot;plugin://plugin.video.sstv/?url=http%3A%2F%2Faxr.life%2Fenigma2.php%3Fusername%3Dmonicaevaristo%26password%3D92743846%26type%3Dget_live_streams%26cat_id%3D7346&amp;mode=2&amp;name=ESPECIAIS+ANIME+24h&amp;iconimage=D%3A%5CKODI+PORTABLE%5CKODI+20+JOB%5CKodi%5Cportable_data%5Caddons%5Cplugin.video.sstv%5Cicon.png&amp;description=&quot;,return)</favourite>
    <favourite name="ESPECIAIS CLIPES MUSICA 24h" thumb="image://D%3a%5cKODI%20PORTABLE%5cKODI%2020%20JOB%5cKodi%5cportable_data%5caddons%5cplugin.video.sstv%5cicon.png/" fanart="image://D%3a%5cKODI%20PORTABLE%5cKODI%2020%20JOB%5cKodi%5cportable_data%5caddons%5cplugin.video.sstv%5cfanart.jpg/">ActivateWindow(videos,&quot;plugin://plugin.video.sstv/?url=http%3A%2F%2Faxr.life%2Fenigma2.php%3Fusername%3Dmonicaevaristo%26password%3D92743846%26type%3Dget_live_streams%26cat_id%3D7035&amp;mode=2&amp;name=ESPECIAIS+CLIPES+MUSICA+24h&amp;iconimage=D%3A%5CKODI+PORTABLE%5CKODI+20+JOB%5CKodi%5Cportable_data%5Caddons%5Cplugin.video.sstv%5Cicon.png&amp;description=&quot;,return)</favourite>
    <favourite name="ESPECIAIS DESENHOS 24h" thumb="image://D%3a%5cKODI%20PORTABLE%5cKODI%2020%20JOB%5cKodi%5cportable_data%5caddons%5cplugin.video.sstv%5cicon.png/" fanart="image://D%3a%5cKODI%20PORTABLE%5cKODI%2020%20JOB%5cKodi%5cportable_data%5caddons%5cplugin.video.sstv%5cfanart.jpg/">ActivateWindow(videos,&quot;plugin://plugin.video.sstv/?url=http%3A%2F%2Faxr.life%2Fenigma2.php%3Fusername%3Dmonicaevaristo%26password%3D92743846%26type%3Dget_live_streams%26cat_id%3D153&amp;mode=2&amp;name=ESPECIAIS+DESENHOS+24h&amp;iconimage=D%3A%5CKODI+PORTABLE%5CKODI+20+JOB%5CKodi%5Cportable_data%5Caddons%5Cplugin.video.sstv%5Cicon.png&amp;description=&quot;,return)</favourite>
    <favourite name="ESPECIAIS SERIADOS 24h" thumb="image://D%3a%5cKODI%20PORTABLE%5cKODI%2020%20JOB%5cKodi%5cportable_data%5caddons%5cplugin.video.sstv%5cicon.png/" fanart="image://D%3a%5cKODI%20PORTABLE%5cKODI%2020%20JOB%5cKodi%5cportable_data%5caddons%5cplugin.video.sstv%5cfanart.jpg/">ActivateWindow(videos,&quot;plugin://plugin.video.sstv/?url=http%3A%2F%2Faxr.life%2Fenigma2.php%3Fusername%3Dmonicaevaristo%26password%3D92743846%26type%3Dget_live_streams%26cat_id%3D184&amp;mode=2&amp;name=ESPECIAIS+SERIADOS+24h&amp;iconimage=D%3A%5CKODI+PORTABLE%5CKODI+20+JOB%5CKodi%5Cportable_data%5Caddons%5Cplugin.video.sstv%5Cicon.png&amp;description=&quot;,return)</favourite>
    <favourite name="ESPORTES INTERNACIONAIS" thumb="image://D%3a%5cKODI%20PORTABLE%5cKODI%2020%20JOB%5cKodi%5cportable_data%5caddons%5cplugin.video.sstv%5cicon.png/" fanart="image://D%3a%5cKODI%20PORTABLE%5cKODI%2020%20JOB%5cKodi%5cportable_data%5caddons%5cplugin.video.sstv%5cfanart.jpg/">ActivateWindow(videos,&quot;plugin://plugin.video.sstv/?url=http%3A%2F%2Faxr.life%2Fenigma2.php%3Fusername%3Dmonicaevaristo%26password%3D92743846%26type%3Dget_live_streams%26cat_id%3D298&amp;mode=2&amp;name=ESPORTES+INTERNACIONAIS&amp;iconimage=D%3A%5CKODI+PORTABLE%5CKODI+20+JOB%5CKodi%5Cportable_data%5Caddons%5Cplugin.video.sstv%5Cicon.png&amp;description=&quot;,return)</favourite>
    <favourite name="ESPORTES" thumb="image://D%3a%5cKODI%20PORTABLE%5cKODI%2020%20JOB%5cKodi%5cportable_data%5caddons%5cplugin.video.sstv%5cicon.png/" fanart="image://D%3a%5cKODI%20PORTABLE%5cKODI%2020%20JOB%5cKodi%5cportable_data%5caddons%5cplugin.video.sstv%5cfanart.jpg/">ActivateWindow(videos,&quot;plugin://plugin.video.sstv/?url=http%3A%2F%2Faxr.life%2Fenigma2.php%3Fusername%3Dmonicaevaristo%26password%3D92743846%26type%3Dget_live_streams%26cat_id%3D33&amp;mode=2&amp;name=ESPORTES&amp;iconimage=D%3A%5CKODI+PORTABLE%5CKODI+20+JOB%5CKodi%5Cportable_data%5Caddons%5Cplugin.video.sstv%5Cicon.png&amp;description=&quot;,return)</favourite>
    <favourite name="FILMES & SERIES" thumb="image://D%3a%5cKODI%20PORTABLE%5cKODI%2020%20JOB%5cKodi%5cportable_data%5caddons%5cplugin.video.sstv%5cicon.png/" fanart="image://D%3a%5cKODI%20PORTABLE%5cKODI%2020%20JOB%5cKodi%5cportable_data%5caddons%5cplugin.video.sstv%5cfanart.jpg/">ActivateWindow(videos,&quot;plugin://plugin.video.sstv/?url=http%3A%2F%2Faxr.life%2Fenigma2.php%3Fusername%3Dmonicaevaristo%26password%3D92743846%26type%3Dget_live_streams%26cat_id%3D68&amp;mode=2&amp;name=FILMES+%26+SERIES&amp;iconimage=D%3A%5CKODI+PORTABLE%5CKODI+20+JOB%5CKodi%5Cportable_data%5Caddons%5Cplugin.video.sstv%5Cicon.png&amp;description=&quot;,return)</favourite>
    <favourite name="INDIA" thumb="image://D%3a%5cKODI%20PORTABLE%5cKODI%2020%20JOB%5cKodi%5cportable_data%5caddons%5cplugin.video.sstv%5cicon.png/" fanart="image://D%3a%5cKODI%20PORTABLE%5cKODI%2020%20JOB%5cKodi%5cportable_data%5caddons%5cplugin.video.sstv%5cfanart.jpg/">ActivateWindow(videos,&quot;plugin://plugin.video.sstv/?url=http%3A%2F%2Faxr.life%2Fenigma2.php%3Fusername%3Dmonicaevaristo%26password%3D92743846%26type%3Dget_live_streams%26cat_id%3D7160&amp;mode=2&amp;name=INDIA&amp;iconimage=D%3A%5CKODI+PORTABLE%5CKODI+20+JOB%5CKodi%5Cportable_data%5Caddons%5Cplugin.video.sstv%5Cicon.png&amp;description=&quot;,return)</favourite>
    <favourite name="INFANTIL" thumb="image://D%3a%5cKODI%20PORTABLE%5cKODI%2020%20JOB%5cKodi%5cportable_data%5caddons%5cplugin.video.sstv%5cicon.png/" fanart="image://D%3a%5cKODI%20PORTABLE%5cKODI%2020%20JOB%5cKodi%5cportable_data%5caddons%5cplugin.video.sstv%5cfanart.jpg/">ActivateWindow(videos,&quot;plugin://plugin.video.sstv/?url=http%3A%2F%2Faxr.life%2Fenigma2.php%3Fusername%3Dmonicaevaristo%26password%3D92743846%26type%3Dget_live_streams%26cat_id%3D69&amp;mode=2&amp;name=INFANTIL&amp;iconimage=D%3A%5CKODI+PORTABLE%5CKODI+20+JOB%5CKodi%5Cportable_data%5Caddons%5Cplugin.video.sstv%5Cicon.png&amp;description=&quot;,return)</favourite>
    <favourite name="INFANTILES" thumb="image://D%3a%5cKODI%20PORTABLE%5cKODI%2020%20JOB%5cKodi%5cportable_data%5caddons%5cplugin.video.sstv%5cicon.png/" fanart="image://D%3a%5cKODI%20PORTABLE%5cKODI%2020%20JOB%5cKodi%5cportable_data%5caddons%5cplugin.video.sstv%5cfanart.jpg/">ActivateWindow(videos,&quot;plugin://plugin.video.sstv/?url=http%3A%2F%2Faxr.life%2Fenigma2.php%3Fusername%3Dmonicaevaristo%26password%3D92743846%26type%3Dget_live_streams%26cat_id%3D275&amp;mode=2&amp;name=INFANTILES&amp;iconimage=D%3A%5CKODI+PORTABLE%5CKODI+20+JOB%5CKodi%5Cportable_data%5Caddons%5Cplugin.video.sstv%5Cicon.png&amp;description=&quot;,return)</favourite>
    <favourite name="JORNALISMO" thumb="image://D%3a%5cKODI%20PORTABLE%5cKODI%2020%20JOB%5cKodi%5cportable_data%5caddons%5cplugin.video.sstv%5cicon.png/" fanart="image://D%3a%5cKODI%20PORTABLE%5cKODI%2020%20JOB%5cKodi%5cportable_data%5caddons%5cplugin.video.sstv%5cfanart.jpg/">ActivateWindow(videos,&quot;plugin://plugin.video.sstv/?url=http%3A%2F%2Faxr.life%2Fenigma2.php%3Fusername%3Dmonicaevaristo%26password%3D92743846%26type%3Dget_live_streams%26cat_id%3D40&amp;mode=2&amp;name=JORNALISMO&amp;iconimage=D%3A%5CKODI+PORTABLE%5CKODI+20+JOB%5CKodi%5Cportable_data%5Caddons%5Cplugin.video.sstv%5Cicon.png&amp;description=&quot;,return)</favourite>
    <favourite name="LATINO" thumb="image://D%3a%5cKODI%20PORTABLE%5cKODI%2020%20JOB%5cKodi%5cportable_data%5caddons%5cplugin.video.sstv%5cicon.png/" fanart="image://D%3a%5cKODI%20PORTABLE%5cKODI%2020%20JOB%5cKodi%5cportable_data%5caddons%5cplugin.video.sstv%5cfanart.jpg/">ActivateWindow(videos,&quot;plugin://plugin.video.sstv/?url=http%3A%2F%2Faxr.life%2Fenigma2.php%3Fusername%3Dmonicaevaristo%26password%3D92743846%26type%3Dget_live_streams%26cat_id%3D74&amp;mode=2&amp;name=LATINO&amp;iconimage=D%3A%5CKODI+PORTABLE%5CKODI+20+JOB%5CKodi%5Cportable_data%5Caddons%5Cplugin.video.sstv%5Cicon.png&amp;description=&quot;,return)</favourite>
    <favourite name="LIBERTADORES / SULAMERICANA" thumb="image://D%3a%5cKODI%20PORTABLE%5cKODI%2020%20JOB%5cKodi%5cportable_data%5caddons%5cplugin.video.sstv%5cicon.png/" fanart="image://D%3a%5cKODI%20PORTABLE%5cKODI%2020%20JOB%5cKodi%5cportable_data%5caddons%5cplugin.video.sstv%5cfanart.jpg/">ActivateWindow(videos,&quot;plugin://plugin.video.sstv/?url=http%3A%2F%2Faxr.life%2Fenigma2.php%3Fusername%3Dmonicaevaristo%26password%3D92743846%26type%3Dget_live_streams%26cat_id%3D7347&amp;mode=2&amp;name=LIBERTADORES+%2F+SULAMERICANA&amp;iconimage=D%3A%5CKODI+PORTABLE%5CKODI+20+JOB%5CKodi%5Cportable_data%5Caddons%5Cplugin.video.sstv%5Cicon.png&amp;description=&quot;,return)</favourite>
    <favourite name="MEXICO" thumb="image://D%3a%5cKODI%20PORTABLE%5cKODI%2020%20JOB%5cKodi%5cportable_data%5caddons%5cplugin.video.sstv%5cicon.png/" fanart="image://D%3a%5cKODI%20PORTABLE%5cKODI%2020%20JOB%5cKodi%5cportable_data%5caddons%5cplugin.video.sstv%5cfanart.jpg/">ActivateWindow(videos,&quot;plugin://plugin.video.sstv/?url=http%3A%2F%2Faxr.life%2Fenigma2.php%3Fusername%3Dmonicaevaristo%26password%3D92743846%26type%3Dget_live_streams%26cat_id%3D93&amp;mode=2&amp;name=MEXICO&amp;iconimage=D%3A%5CKODI+PORTABLE%5CKODI+20+JOB%5CKodi%5Cportable_data%5Caddons%5Cplugin.video.sstv%5Cicon.png&amp;description=&quot;,return)</favourite>
    <favourite name="MUSICA" thumb="image://D%3a%5cKODI%20PORTABLE%5cKODI%2020%20JOB%5cKodi%5cportable_data%5caddons%5cplugin.video.sstv%5cicon.png/" fanart="image://D%3a%5cKODI%20PORTABLE%5cKODI%2020%20JOB%5cKodi%5cportable_data%5caddons%5cplugin.video.sstv%5cfanart.jpg/">ActivateWindow(videos,&quot;plugin://plugin.video.sstv/?url=http%3A%2F%2Faxr.life%2Fenigma2.php%3Fusername%3Dmonicaevaristo%26password%3D92743846%26type%3Dget_live_streams%26cat_id%3D39&amp;mode=2&amp;name=MUSICA&amp;iconimage=D%3A%5CKODI+PORTABLE%5CKODI+20+JOB%5CKodi%5Cportable_data%5Caddons%5Cplugin.video.sstv%5Cicon.png&amp;description=&quot;,return)</favourite>
    <favourite name="PARAGUAY 1" thumb="image://D%3a%5cKODI%20PORTABLE%5cKODI%2020%20JOB%5cKodi%5cportable_data%5caddons%5cplugin.video.sstv%5cicon.png/" fanart="image://D%3a%5cKODI%20PORTABLE%5cKODI%2020%20JOB%5cKodi%5cportable_data%5caddons%5cplugin.video.sstv%5cfanart.jpg/">ActivateWindow(videos,&quot;plugin://plugin.video.sstv/?url=http%3A%2F%2Faxr.life%2Fenigma2.php%3Fusername%3Dmonicaevaristo%26password%3D92743846%26type%3Dget_live_streams%26cat_id%3D7164&amp;mode=2&amp;name=PARAGUAY+1&amp;iconimage=D%3A%5CKODI+PORTABLE%5CKODI+20+JOB%5CKodi%5Cportable_data%5Caddons%5Cplugin.video.sstv%5Cicon.png&amp;description=&quot;,return)</favourite>
    <favourite name="PARAGUAY 2" thumb="image://D%3a%5cKODI%20PORTABLE%5cKODI%2020%20JOB%5cKodi%5cportable_data%5caddons%5cplugin.video.sstv%5cicon.png/" fanart="image://D%3a%5cKODI%20PORTABLE%5cKODI%2020%20JOB%5cKodi%5cportable_data%5caddons%5cplugin.video.sstv%5cfanart.jpg/">ActivateWindow(videos,&quot;plugin://plugin.video.sstv/?url=http%3A%2F%2Faxr.life%2Fenigma2.php%3Fusername%3Dmonicaevaristo%26password%3D92743846%26type%3Dget_live_streams%26cat_id%3D7071&amp;mode=2&amp;name=PARAGUAY+2&amp;iconimage=D%3A%5CKODI+PORTABLE%5CKODI+20+JOB%5CKodi%5Cportable_data%5Caddons%5Cplugin.video.sstv%5Cicon.png&amp;description=&quot;,return)</favourite>
    <favourite name="PARAGUAY 3" thumb="image://D%3a%5cKODI%20PORTABLE%5cKODI%2020%20JOB%5cKodi%5cportable_data%5caddons%5cplugin.video.sstv%5cicon.png/" fanart="image://D%3a%5cKODI%20PORTABLE%5cKODI%2020%20JOB%5cKodi%5cportable_data%5caddons%5cplugin.video.sstv%5cfanart.jpg/">ActivateWindow(videos,&quot;plugin://plugin.video.sstv/?url=http%3A%2F%2Faxr.life%2Fenigma2.php%3Fusername%3Dmonicaevaristo%26password%3D92743846%26type%3Dget_live_streams%26cat_id%3D7339&amp;mode=2&amp;name=PARAGUAY+3&amp;iconimage=D%3A%5CKODI+PORTABLE%5CKODI+20+JOB%5CKodi%5Cportable_data%5Caddons%5Cplugin.video.sstv%5Cicon.png&amp;description=&quot;,return)</favourite>
    <favourite name="PERU 2" thumb="image://D%3a%5cKODI%20PORTABLE%5cKODI%2020%20JOB%5cKodi%5cportable_data%5caddons%5cplugin.video.sstv%5cicon.png/" fanart="image://D%3a%5cKODI%20PORTABLE%5cKODI%2020%20JOB%5cKodi%5cportable_data%5caddons%5cplugin.video.sstv%5cfanart.jpg/">ActivateWindow(videos,&quot;plugin://plugin.video.sstv/?url=http%3A%2F%2Faxr.life%2Fenigma2.php%3Fusername%3Dmonicaevaristo%26password%3D92743846%26type%3Dget_live_streams%26cat_id%3D7330&amp;mode=2&amp;name=PERU+2&amp;iconimage=D%3A%5CKODI+PORTABLE%5CKODI+20+JOB%5CKodi%5Cportable_data%5Caddons%5Cplugin.video.sstv%5Cicon.png&amp;description=&quot;,return)</favourite>
    <favourite name="PLUTO TV" thumb="image://D%3a%5cKODI%20PORTABLE%5cKODI%2020%20JOB%5cKodi%5cportable_data%5caddons%5cplugin.video.sstv%5cicon.png/" fanart="image://D%3a%5cKODI%20PORTABLE%5cKODI%2020%20JOB%5cKodi%5cportable_data%5caddons%5cplugin.video.sstv%5cfanart.jpg/">ActivateWindow(videos,&quot;plugin://plugin.video.sstv/?url=http%3A%2F%2Faxr.life%2Fenigma2.php%3Fusername%3Dmonicaevaristo%26password%3D92743846%26type%3Dget_live_streams%26cat_id%3D271&amp;mode=2&amp;name=PLUTO+TV&amp;iconimage=D%3A%5CKODI+PORTABLE%5CKODI+20+JOB%5CKodi%5Cportable_data%5Caddons%5Cplugin.video.sstv%5Cicon.png&amp;description=&quot;,return)</favourite>
    <favourite name="PORTUGAL 1" thumb="image://D%3a%5cKODI%20PORTABLE%5cKODI%2020%20JOB%5cKodi%5cportable_data%5caddons%5cplugin.video.sstv%5cicon.png/" fanart="image://D%3a%5cKODI%20PORTABLE%5cKODI%2020%20JOB%5cKodi%5cportable_data%5caddons%5cplugin.video.sstv%5cfanart.jpg/">ActivateWindow(videos,&quot;plugin://plugin.video.sstv/?url=http%3A%2F%2Faxr.life%2Fenigma2.php%3Fusername%3Dmonicaevaristo%26password%3D92743846%26type%3Dget_live_streams%26cat_id%3D301&amp;mode=2&amp;name=PORTUGAL+1&amp;iconimage=D%3A%5CKODI+PORTABLE%5CKODI+20+JOB%5CKodi%5Cportable_data%5Caddons%5Cplugin.video.sstv%5Cicon.png&amp;description=&quot;,return)</favourite>
    <favourite name="PREMIUM HD SPANHOL" thumb="image://D%3a%5cKODI%20PORTABLE%5cKODI%2020%20JOB%5cKodi%5cportable_data%5caddons%5cplugin.video.sstv%5cicon.png/" fanart="image://D%3a%5cKODI%20PORTABLE%5cKODI%2020%20JOB%5cKodi%5cportable_data%5caddons%5cplugin.video.sstv%5cfanart.jpg/">ActivateWindow(videos,&quot;plugin://plugin.video.sstv/?url=http%3A%2F%2Faxr.life%2Fenigma2.php%3Fusername%3Dmonicaevaristo%26password%3D92743846%26type%3Dget_live_streams%26cat_id%3D7077&amp;mode=2&amp;name=PREMIUM+HD+SPANHOL&amp;iconimage=D%3A%5CKODI+PORTABLE%5CKODI+20+JOB%5CKodi%5Cportable_data%5Caddons%5Cplugin.video.sstv%5Cicon.png&amp;description=&quot;,return)</favourite>
    <favourite name="PREMIUM SD" thumb="image://D%3a%5cKODI%20PORTABLE%5cKODI%2020%20JOB%5cKodi%5cportable_data%5caddons%5cplugin.video.sstv%5cicon.png/" fanart="image://D%3a%5cKODI%20PORTABLE%5cKODI%2020%20JOB%5cKodi%5cportable_data%5caddons%5cplugin.video.sstv%5cfanart.jpg/">ActivateWindow(videos,&quot;plugin://plugin.video.sstv/?url=http%3A%2F%2Faxr.life%2Fenigma2.php%3Fusername%3Dmonicaevaristo%26password%3D92743846%26type%3Dget_live_streams%26cat_id%3D7076&amp;mode=2&amp;name=PREMIUM+SD&amp;iconimage=D%3A%5CKODI+PORTABLE%5CKODI+20+JOB%5CKodi%5Cportable_data%5Caddons%5Cplugin.video.sstv%5Cicon.png&amp;description=&quot;,return)</favourite>
    <favourite name="REALITY SHOWS" thumb="image://D%3a%5cKODI%20PORTABLE%5cKODI%2020%20JOB%5cKodi%5cportable_data%5caddons%5cplugin.video.sstv%5cicon.png/" fanart="image://D%3a%5cKODI%20PORTABLE%5cKODI%2020%20JOB%5cKodi%5cportable_data%5caddons%5cplugin.video.sstv%5cfanart.jpg/">ActivateWindow(videos,&quot;plugin://plugin.video.sstv/?url=http%3A%2F%2Faxr.life%2Fenigma2.php%3Fusername%3Dmonicaevaristo%26password%3D92743846%26type%3Dget_live_streams%26cat_id%3D7429&amp;mode=2&amp;name=REALITY+SHOWS&amp;iconimage=D%3A%5CKODI+PORTABLE%5CKODI+20+JOB%5CKodi%5Cportable_data%5Caddons%5Cplugin.video.sstv%5Cicon.png&amp;description=&quot;,return)</favourite>
    <favourite name="RELIGIOSOS" thumb="image://D%3a%5cKODI%20PORTABLE%5cKODI%2020%20JOB%5cKodi%5cportable_data%5caddons%5cplugin.video.sstv%5cicon.png/" fanart="image://D%3a%5cKODI%20PORTABLE%5cKODI%2020%20JOB%5cKodi%5cportable_data%5caddons%5cplugin.video.sstv%5cfanart.jpg/">ActivateWindow(videos,&quot;plugin://plugin.video.sstv/?url=http%3A%2F%2Faxr.life%2Fenigma2.php%3Fusername%3Dmonicaevaristo%26password%3D92743846%26type%3Dget_live_streams%26cat_id%3D41&amp;mode=2&amp;name=RELIGIOSOS&amp;iconimage=D%3A%5CKODI+PORTABLE%5CKODI+20+JOB%5CKodi%5Cportable_data%5Caddons%5Cplugin.video.sstv%5Cicon.png&amp;description=&quot;,return)</favourite>
    <favourite name="RÁDIOS ONLINE" thumb="image://D%3a%5cKODI%20PORTABLE%5cKODI%2020%20JOB%5cKodi%5cportable_data%5caddons%5cplugin.video.sstv%5cicon.png/" fanart="image://D%3a%5cKODI%20PORTABLE%5cKODI%2020%20JOB%5cKodi%5cportable_data%5caddons%5cplugin.video.sstv%5cfanart.jpg/">ActivateWindow(videos,&quot;plugin://plugin.video.sstv/?url=http%3A%2F%2Faxr.life%2Fenigma2.php%3Fusername%3Dmonicaevaristo%26password%3D92743846%26type%3Dget_live_streams%26cat_id%3D7350&amp;mode=2&amp;name=R%C3%81DIOS+ONLINE&amp;iconimage=D%3A%5CKODI+PORTABLE%5CKODI+20+JOB%5CKodi%5Cportable_data%5Caddons%5Cplugin.video.sstv%5Cicon.png&amp;description=&quot;,return)</favourite>
    <favourite name="TIGO SPORTES" thumb="image://D%3a%5cKODI%20PORTABLE%5cKODI%2020%20JOB%5cKodi%5cportable_data%5caddons%5cplugin.video.sstv%5cicon.png/" fanart="image://D%3a%5cKODI%20PORTABLE%5cKODI%2020%20JOB%5cKodi%5cportable_data%5caddons%5cplugin.video.sstv%5cfanart.jpg/">ActivateWindow(videos,&quot;plugin://plugin.video.sstv/?url=http%3A%2F%2Faxr.life%2Fenigma2.php%3Fusername%3Dmonicaevaristo%26password%3D92743846%26type%3Dget_live_streams%26cat_id%3D7336&amp;mode=2&amp;name=TIGO+SPORTES&amp;iconimage=D%3A%5CKODI+PORTABLE%5CKODI+20+JOB%5CKodi%5Cportable_data%5Caddons%5Cplugin.video.sstv%5Cicon.png&amp;description=&quot;,return)</favourite>
    <favourite name="URUGUAY 2" thumb="image://D%3a%5cKODI%20PORTABLE%5cKODI%2020%20JOB%5cKodi%5cportable_data%5caddons%5cplugin.video.sstv%5cicon.png/" fanart="image://D%3a%5cKODI%20PORTABLE%5cKODI%2020%20JOB%5cKodi%5cportable_data%5caddons%5cplugin.video.sstv%5cfanart.jpg/">ActivateWindow(videos,&quot;plugin://plugin.video.sstv/?url=http%3A%2F%2Faxr.life%2Fenigma2.php%3Fusername%3Dmonicaevaristo%26password%3D92743846%26type%3Dget_live_streams%26cat_id%3D7328&amp;mode=2&amp;name=URUGUAY+2&amp;iconimage=D%3A%5CKODI+PORTABLE%5CKODI+20+JOB%5CKodi%5Cportable_data%5Caddons%5Cplugin.video.sstv%5Cicon.png&amp;description=&quot;,return)</favourite>
    <favourite name="URUGUAY" thumb="image://D%3a%5cKODI%20PORTABLE%5cKODI%2020%20JOB%5cKodi%5cportable_data%5caddons%5cplugin.video.sstv%5cicon.png/" fanart="image://D%3a%5cKODI%20PORTABLE%5cKODI%2020%20JOB%5cKodi%5cportable_data%5caddons%5cplugin.video.sstv%5cfanart.jpg/">ActivateWindow(videos,&quot;plugin://plugin.video.sstv/?url=http%3A%2F%2Faxr.life%2Fenigma2.php%3Fusername%3Dmonicaevaristo%26password%3D92743846%26type%3Dget_live_streams%26cat_id%3D257&amp;mode=2&amp;name=URUGUAY&amp;iconimage=D%3A%5CKODI+PORTABLE%5CKODI+20+JOB%5CKodi%5Cportable_data%5Caddons%5Cplugin.video.sstv%5Cicon.png&amp;description=&quot;,return)</favourite>
    <favourite name="VARIEDADES" thumb="image://D%3a%5cKODI%20PORTABLE%5cKODI%2020%20JOB%5cKodi%5cportable_data%5caddons%5cplugin.video.sstv%5cicon.png/" fanart="image://D%3a%5cKODI%20PORTABLE%5cKODI%2020%20JOB%5cKodi%5cportable_data%5caddons%5cplugin.video.sstv%5cfanart.jpg/">ActivateWindow(videos,&quot;plugin://plugin.video.sstv/?url=http%3A%2F%2Faxr.life%2Fenigma2.php%3Fusername%3Dmonicaevaristo%26password%3D92743846%26type%3Dget_live_streams%26cat_id%3D38&amp;mode=2&amp;name=VARIEDADES&amp;iconimage=D%3A%5CKODI+PORTABLE%5CKODI+20+JOB%5CKodi%5Cportable_data%5Caddons%5Cplugin.video.sstv%5Cicon.png&amp;description=&quot;,return)</favourite>
    <favourite name="VENEZUELA" thumb="image://D%3a%5cKODI%20PORTABLE%5cKODI%2020%20JOB%5cKodi%5cportable_data%5caddons%5cplugin.video.sstv%5cicon.png/" fanart="image://D%3a%5cKODI%20PORTABLE%5cKODI%2020%20JOB%5cKodi%5cportable_data%5caddons%5cplugin.video.sstv%5cfanart.jpg/">ActivateWindow(videos,&quot;plugin://plugin.video.sstv/?url=http%3A%2F%2Faxr.life%2Fenigma2.php%3Fusername%3Dmonicaevaristo%26password%3D92743846%26type%3Dget_live_streams%26cat_id%3D7074&amp;mode=2&amp;name=VENEZUELA&amp;iconimage=D%3A%5CKODI+PORTABLE%5CKODI+20+JOB%5CKodi%5Cportable_data%5Caddons%5Cplugin.video.sstv%5Cicon.png&amp;description=&quot;,return)</favourite>
    <favourite name="XXX +18 ADULTOS XXX" thumb="image://D%3a%5cKODI%20PORTABLE%5cKODI%2020%20JOB%5cKodi%5cportable_data%5caddons%5cplugin.video.sstv%5cicon.png/" fanart="image://D%3a%5cKODI%20PORTABLE%5cKODI%2020%20JOB%5cKodi%5cportable_data%5caddons%5cplugin.video.sstv%5cfanart.jpg/">ActivateWindow(videos,&quot;plugin://plugin.video.sstv/?url=http%3A%2F%2Faxr.life%2Fenigma2.php%3Fusername%3Dmonicaevaristo%26password%3D92743846%26type%3Dget_live_streams%26cat_id%3D43&amp;mode=2&amp;name=XXX+%2B18+ADULTOS+XXX&amp;iconimage=D%3A%5CKODI+PORTABLE%5CKODI+20+JOB%5CKodi%5Cportable_data%5Caddons%5Cplugin.video.sstv%5Cicon.png&amp;description=&quot;,return)</favourite>
</favourites>



*http://axr.life:80/get.php?username=monicaevaristo&password=92743846&type=m3u&output=ts	Active	21/01/2022 22:07:26	22/04/2023 20:42:26	0	1	5	"m3u8","ts"	


http://axr.life:80/get.php?username=monicaevaristo&password=92743846&type=m3u&output=ts

http://axr.life:80/get.php?username=005ea1551&password=1551ae500&type=m3u&output=ts