<favourites>
    
   
    
    <favourite name="All" thumb="https://iconeasy.com/icon/png/Folder/SHINE%202/TV%20Shows.png" fanart="https://wallpapercave.com/uwp/uwp3800546.jpeg">ActivateWindow(videos,&quot;plugin://plugin.video.myiptv1/?description&amp;iconimage=D%3a%5cKODI%20PORTABLE%5cKODI%2020%20JOB%5cKodi%5cportable_data%5caddons%5cplugin.video.myiptv%5cicon.png&amp;mode=3&amp;name=All&amp;url=http%3a%2f%2f7go.xyz%3a8080%2fenigma2.php%3fusername%3dezserverseriestop2023%26password%3dezfdjsgj637228gHFDHdsgfg0oo00OOO%26type%3dget_series%26cat_id%3d0&quot;,return)</favourite>
    <favourite name="SERIES | A&E" thumb="https://iconeasy.com/icon/png/Folder/SHINE%202/TV%20Shows.png" fanart="https://wallpapercave.com/uwp/uwp3800546.jpeg">ActivateWindow(videos,&quot;plugin://plugin.video.myiptv1/?description&amp;iconimage=D%3a%5cKODI%20PORTABLE%5cKODI%2020%20JOB%5cKodi%5cportable_data%5caddons%5cplugin.video.myiptv%5cicon.png&amp;mode=3&amp;name=SERIES%20%7c%20A%26E&amp;url=http%3a%2f%2f7go.xyz%3a8080%2fenigma2.php%3fusername%3dezserverseriestop2023%26password%3dezfdjsgj637228gHFDHdsgfg0oo00OOO%26type%3dget_series%26cat_id%3d884&quot;,return)</favourite>
    <favourite name="SERIES | ABC" thumb="https://iconeasy.com/icon/png/Folder/SHINE%202/TV%20Shows.png" fanart="https://wallpapercave.com/uwp/uwp3800546.jpeg">ActivateWindow(videos,&quot;plugin://plugin.video.myiptv1/?description&amp;iconimage=D%3a%5cKODI%20PORTABLE%5cKODI%2020%20JOB%5cKodi%5cportable_data%5caddons%5cplugin.video.myiptv%5cicon.png&amp;mode=3&amp;name=SERIES%20%7c%20ABC&amp;url=http%3a%2f%2f7go.xyz%3a8080%2fenigma2.php%3fusername%3dezserverseriestop2023%26password%3dezfdjsgj637228gHFDHdsgfg0oo00OOO%26type%3dget_series%26cat_id%3d881&quot;,return)</favourite>
    <favourite name="SERIES | AMAZON" thumb="https://iconeasy.com/icon/png/Folder/SHINE%202/TV%20Shows.png" fanart="https://wallpapercave.com/uwp/uwp3800546.jpeg">ActivateWindow(videos,&quot;plugin://plugin.video.myiptv1/?description&amp;iconimage=D%3a%5cKODI%20PORTABLE%5cKODI%2020%20JOB%5cKodi%5cportable_data%5caddons%5cplugin.video.myiptv%5cicon.png&amp;mode=3&amp;name=SERIES%20%7c%20AMAZON&amp;url=http%3a%2f%2f7go.xyz%3a8080%2fenigma2.php%3fusername%3dezserverseriestop2023%26password%3dezfdjsgj637228gHFDHdsgfg0oo00OOO%26type%3dget_series%26cat_id%3d870&quot;,return)</favourite>
    <favourite name="SERIES | AMC" thumb="https://iconeasy.com/icon/png/Folder/SHINE%202/TV%20Shows.png" fanart="https://wallpapercave.com/uwp/uwp3800546.jpeg">ActivateWindow(videos,&quot;plugin://plugin.video.myiptv1/?description&amp;iconimage=D%3a%5cKODI%20PORTABLE%5cKODI%2020%20JOB%5cKodi%5cportable_data%5caddons%5cplugin.video.myiptv%5cicon.png&amp;mode=3&amp;name=SERIES%20%7c%20AMC&amp;url=http%3a%2f%2f7go.xyz%3a8080%2fenigma2.php%3fusername%3dezserverseriestop2023%26password%3dezfdjsgj637228gHFDHdsgfg0oo00OOO%26type%3dget_series%26cat_id%3d883&quot;,return)</favourite>
    <favourite name="SERIES | ANIMES LEGENDADOS" thumb="https://iconeasy.com/icon/png/Folder/SHINE%202/TV%20Shows.png" fanart="https://wallpapercave.com/uwp/uwp3800546.jpeg">ActivateWindow(videos,&quot;plugin://plugin.video.myiptv1/?description&amp;iconimage=D%3a%5cKODI%20PORTABLE%5cKODI%2020%20JOB%5cKodi%5cportable_data%5caddons%5cplugin.video.myiptv%5cicon.png&amp;mode=3&amp;name=SERIES%20%7c%20ANIMES%20LEGENDADOS&amp;url=http%3a%2f%2f7go.xyz%3a8080%2fenigma2.php%3fusername%3dezserverseriestop2023%26password%3dezfdjsgj637228gHFDHdsgfg0oo00OOO%26type%3dget_series%26cat_id%3d908&quot;,return)</favourite>
    <favourite name="SERIES | ANIMES" thumb="https://iconeasy.com/icon/png/Folder/SHINE%202/TV%20Shows.png" fanart="https://wallpapercave.com/uwp/uwp3800546.jpeg">ActivateWindow(videos,&quot;plugin://plugin.video.myiptv1/?description&amp;iconimage=D%3a%5cKODI%20PORTABLE%5cKODI%2020%20JOB%5cKodi%5cportable_data%5caddons%5cplugin.video.myiptv%5cicon.png&amp;mode=3&amp;name=SERIES%20%7c%20ANIMES&amp;url=http%3a%2f%2f7go.xyz%3a8080%2fenigma2.php%3fusername%3dezserverseriestop2023%26password%3dezfdjsgj637228gHFDHdsgfg0oo00OOO%26type%3dget_series%26cat_id%3d906&quot;,return)</favourite>
    <favourite name="SERIES | APPLE TV" thumb="https://iconeasy.com/icon/png/Folder/SHINE%202/TV%20Shows.png" fanart="https://wallpapercave.com/uwp/uwp3800546.jpeg">ActivateWindow(videos,&quot;plugin://plugin.video.myiptv1/?description&amp;iconimage=D%3a%5cKODI%20PORTABLE%5cKODI%2020%20JOB%5cKodi%5cportable_data%5caddons%5cplugin.video.myiptv%5cicon.png&amp;mode=3&amp;name=SERIES%20%7c%20APPLE%20TV&amp;url=http%3a%2f%2f7go.xyz%3a8080%2fenigma2.php%3fusername%3dezserverseriestop2023%26password%3dezfdjsgj637228gHFDHdsgfg0oo00OOO%26type%3dget_series%26cat_id%3d875&quot;,return)</favourite>
    <favourite name="SERIES | AXN" thumb="https://iconeasy.com/icon/png/Folder/SHINE%202/TV%20Shows.png" fanart="https://wallpapercave.com/uwp/uwp3800546.jpeg">ActivateWindow(videos,&quot;plugin://plugin.video.myiptv1/?description&amp;iconimage=D%3a%5cKODI%20PORTABLE%5cKODI%2020%20JOB%5cKodi%5cportable_data%5caddons%5cplugin.video.myiptv%5cicon.png&amp;mode=3&amp;name=SERIES%20%7c%20AXN&amp;url=http%3a%2f%2f7go.xyz%3a8080%2fenigma2.php%3fusername%3dezserverseriestop2023%26password%3dezfdjsgj637228gHFDHdsgfg0oo00OOO%26type%3dget_series%26cat_id%3d919&quot;,return)</favourite>
    <favourite name="SERIES | BRASIL PARALELO" thumb="https://iconeasy.com/icon/png/Folder/SHINE%202/TV%20Shows.png" fanart="https://wallpapercave.com/uwp/uwp3800546.jpeg">ActivateWindow(videos,&quot;plugin://plugin.video.myiptv1/?description&amp;iconimage=D%3a%5cKODI%20PORTABLE%5cKODI%2020%20JOB%5cKodi%5cportable_data%5caddons%5cplugin.video.myiptv%5cicon.png&amp;mode=3&amp;name=SERIES%20%7c%20BRASIL%20PARALELO&amp;url=http%3a%2f%2f7go.xyz%3a8080%2fenigma2.php%3fusername%3dezserverseriestop2023%26password%3dezfdjsgj637228gHFDHdsgfg0oo00OOO%26type%3dget_series%26cat_id%3d955&quot;,return)</favourite>
    <favourite name="SERIES | CBS" thumb="https://iconeasy.com/icon/png/Folder/SHINE%202/TV%20Shows.png" fanart="https://wallpapercave.com/uwp/uwp3800546.jpeg">ActivateWindow(videos,&quot;plugin://plugin.video.myiptv1/?description&amp;iconimage=D%3a%5cKODI%20PORTABLE%5cKODI%2020%20JOB%5cKodi%5cportable_data%5caddons%5cplugin.video.myiptv%5cicon.png&amp;mode=3&amp;name=SERIES%20%7c%20CBS&amp;url=http%3a%2f%2f7go.xyz%3a8080%2fenigma2.php%3fusername%3dezserverseriestop2023%26password%3dezfdjsgj637228gHFDHdsgfg0oo00OOO%26type%3dget_series%26cat_id%3d880&quot;,return)</favourite>
    <favourite name="SERIES | CLÁSSICOS DA TV" thumb="https://iconeasy.com/icon/png/Folder/SHINE%202/TV%20Shows.png" fanart="https://wallpapercave.com/uwp/uwp3800546.jpeg">ActivateWindow(videos,&quot;plugin://plugin.video.myiptv1/?description&amp;iconimage=D%3a%5cKODI%20PORTABLE%5cKODI%2020%20JOB%5cKodi%5cportable_data%5caddons%5cplugin.video.myiptv%5cicon.png&amp;mode=3&amp;name=SERIES%20%7c%20CL%c3%81SSICOS%20DA%20TV&amp;url=http%3a%2f%2f7go.xyz%3a8080%2fenigma2.php%3fusername%3dezserverseriestop2023%26password%3dezfdjsgj637228gHFDHdsgfg0oo00OOO%26type%3dget_series%26cat_id%3d895&quot;,return)</favourite>
    <favourite name="SERIES | COMEDY CENTRAL" thumb="https://iconeasy.com/icon/png/Folder/SHINE%202/TV%20Shows.png" fanart="https://wallpapercave.com/uwp/uwp3800546.jpeg">ActivateWindow(videos,&quot;plugin://plugin.video.myiptv1/?description&amp;iconimage=D%3a%5cKODI%20PORTABLE%5cKODI%2020%20JOB%5cKodi%5cportable_data%5caddons%5cplugin.video.myiptv%5cicon.png&amp;mode=3&amp;name=SERIES%20%7c%20COMEDY%20CENTRAL&amp;url=http%3a%2f%2f7go.xyz%3a8080%2fenigma2.php%3fusername%3dezserverseriestop2023%26password%3dezfdjsgj637228gHFDHdsgfg0oo00OOO%26type%3dget_series%26cat_id%3d898&quot;,return)</favourite>
    <favourite name="SERIES | DESENHOS / ANIMAÇÃO" thumb="https://iconeasy.com/icon/png/Folder/SHINE%202/TV%20Shows.png" fanart="https://wallpapercave.com/uwp/uwp3800546.jpeg">ActivateWindow(videos,&quot;plugin://plugin.video.myiptv1/?description&amp;iconimage=D%3a%5cKODI%20PORTABLE%5cKODI%2020%20JOB%5cKodi%5cportable_data%5caddons%5cplugin.video.myiptv%5cicon.png&amp;mode=3&amp;name=SERIES%20%7c%20DESENHOS%20%2f%20ANIMA%c3%87%c3%83O&amp;url=http%3a%2f%2f7go.xyz%3a8080%2fenigma2.php%3fusername%3dezserverseriestop2023%26password%3dezfdjsgj637228gHFDHdsgfg0oo00OOO%26type%3dget_series%26cat_id%3d893&quot;,return)</favourite>
    <favourite name="SERIES | DESENHOS INFANTIS" thumb="https://iconeasy.com/icon/png/Folder/SHINE%202/TV%20Shows.png" fanart="https://wallpapercave.com/uwp/uwp3800546.jpeg">ActivateWindow(videos,&quot;plugin://plugin.video.myiptv1/?description&amp;iconimage=D%3a%5cKODI%20PORTABLE%5cKODI%2020%20JOB%5cKodi%5cportable_data%5caddons%5cplugin.video.myiptv%5cicon.png&amp;mode=3&amp;name=SERIES%20%7c%20DESENHOS%20INFANTIS&amp;url=http%3a%2f%2f7go.xyz%3a8080%2fenigma2.php%3fusername%3dezserverseriestop2023%26password%3dezfdjsgj637228gHFDHdsgfg0oo00OOO%26type%3dget_series%26cat_id%3d894&quot;,return)</favourite>
    <favourite name="SERIES | DESENHOS MARVEL / DC" thumb="https://iconeasy.com/icon/png/Folder/SHINE%202/TV%20Shows.png" fanart="https://wallpapercave.com/uwp/uwp3800546.jpeg">ActivateWindow(videos,&quot;plugin://plugin.video.myiptv1/?description&amp;iconimage=D%3a%5cKODI%20PORTABLE%5cKODI%2020%20JOB%5cKodi%5cportable_data%5caddons%5cplugin.video.myiptv%5cicon.png&amp;mode=3&amp;name=SERIES%20%7c%20DESENHOS%20MARVEL%20%2f%20DC&amp;url=http%3a%2f%2f7go.xyz%3a8080%2fenigma2.php%3fusername%3dezserverseriestop2023%26password%3dezfdjsgj637228gHFDHdsgfg0oo00OOO%26type%3dget_series%26cat_id%3d915&quot;,return)</favourite>
    <favourite name="SERIES | DESENHOS SITCOMS" thumb="https://iconeasy.com/icon/png/Folder/SHINE%202/TV%20Shows.png" fanart="https://wallpapercave.com/uwp/uwp3800546.jpeg">ActivateWindow(videos,&quot;plugin://plugin.video.myiptv1/?description&amp;iconimage=D%3a%5cKODI%20PORTABLE%5cKODI%2020%20JOB%5cKodi%5cportable_data%5caddons%5cplugin.video.myiptv%5cicon.png&amp;mode=3&amp;name=SERIES%20%7c%20DESENHOS%20SITCOMS&amp;url=http%3a%2f%2f7go.xyz%3a8080%2fenigma2.php%3fusername%3dezserverseriestop2023%26password%3dezfdjsgj637228gHFDHdsgfg0oo00OOO%26type%3dget_series%26cat_id%3d909&quot;,return)</favourite>
    <favourite name="SERIES | DISCOVERY+" thumb="https://iconeasy.com/icon/png/Folder/SHINE%202/TV%20Shows.png" fanart="https://wallpapercave.com/uwp/uwp3800546.jpeg">ActivateWindow(videos,&quot;plugin://plugin.video.myiptv1/?description&amp;iconimage=D%3a%5cKODI%20PORTABLE%5cKODI%2020%20JOB%5cKodi%5cportable_data%5caddons%5cplugin.video.myiptv%5cicon.png&amp;mode=3&amp;name=SERIES%20%7c%20DISCOVERY%2b&amp;url=http%3a%2f%2f7go.xyz%3a8080%2fenigma2.php%3fusername%3dezserverseriestop2023%26password%3dezfdjsgj637228gHFDHdsgfg0oo00OOO%26type%3dget_series%26cat_id%3d892&quot;,return)</favourite>
    <favourite name="SERIES | DISNEY+" thumb="https://iconeasy.com/icon/png/Folder/SHINE%202/TV%20Shows.png" fanart="https://wallpapercave.com/uwp/uwp3800546.jpeg">ActivateWindow(videos,&quot;plugin://plugin.video.myiptv1/?description&amp;iconimage=D%3a%5cKODI%20PORTABLE%5cKODI%2020%20JOB%5cKodi%5cportable_data%5caddons%5cplugin.video.myiptv%5cicon.png&amp;mode=3&amp;name=SERIES%20%7c%20DISNEY%2b&amp;url=http%3a%2f%2f7go.xyz%3a8080%2fenigma2.php%3fusername%3dezserverseriestop2023%26password%3dezfdjsgj637228gHFDHdsgfg0oo00OOO%26type%3dget_series%26cat_id%3d809&quot;,return)</favourite>
    <favourite name="SERIES | DIVERSAS" thumb="https://iconeasy.com/icon/png/Folder/SHINE%202/TV%20Shows.png" fanart="https://wallpapercave.com/uwp/uwp3800546.jpeg">ActivateWindow(videos,&quot;plugin://plugin.video.myiptv1/?description&amp;iconimage=D%3a%5cKODI%20PORTABLE%5cKODI%2020%20JOB%5cKodi%5cportable_data%5caddons%5cplugin.video.myiptv%5cicon.png&amp;mode=3&amp;name=SERIES%20%7c%20DIVERSAS&amp;url=http%3a%2f%2f7go.xyz%3a8080%2fenigma2.php%3fusername%3dezserverseriestop2023%26password%3dezfdjsgj637228gHFDHdsgfg0oo00OOO%26type%3dget_series%26cat_id%3d885&quot;,return)</favourite>
    <favourite name="SERIES | DORAMAS" thumb="https://iconeasy.com/icon/png/Folder/SHINE%202/TV%20Shows.png" fanart="https://wallpapercave.com/uwp/uwp3800546.jpeg">ActivateWindow(videos,&quot;plugin://plugin.video.myiptv1/?description&amp;iconimage=D%3a%5cKODI%20PORTABLE%5cKODI%2020%20JOB%5cKodi%5cportable_data%5caddons%5cplugin.video.myiptv%5cicon.png&amp;mode=3&amp;name=SERIES%20%7c%20DORAMAS&amp;url=http%3a%2f%2f7go.xyz%3a8080%2fenigma2.php%3fusername%3dezserverseriestop2023%26password%3dezfdjsgj637228gHFDHdsgfg0oo00OOO%26type%3dget_series%26cat_id%3d742&quot;,return)</favourite>
    <favourite name="SERIES | FOX" thumb="https://iconeasy.com/icon/png/Folder/SHINE%202/TV%20Shows.png" fanart="https://wallpapercave.com/uwp/uwp3800546.jpeg">ActivateWindow(videos,&quot;plugin://plugin.video.myiptv1/?description&amp;iconimage=D%3a%5cKODI%20PORTABLE%5cKODI%2020%20JOB%5cKodi%5cportable_data%5caddons%5cplugin.video.myiptv%5cicon.png&amp;mode=3&amp;name=SERIES%20%7c%20FOX&amp;url=http%3a%2f%2f7go.xyz%3a8080%2fenigma2.php%3fusername%3dezserverseriestop2023%26password%3dezfdjsgj637228gHFDHdsgfg0oo00OOO%26type%3dget_series%26cat_id%3d879&quot;,return)</favourite>
    <favourite name="SERIES | GLOBOPLAY" thumb="https://iconeasy.com/icon/png/Folder/SHINE%202/TV%20Shows.png" fanart="https://wallpapercave.com/uwp/uwp3800546.jpeg">ActivateWindow(videos,&quot;plugin://plugin.video.myiptv1/?description&amp;iconimage=D%3a%5cKODI%20PORTABLE%5cKODI%2020%20JOB%5cKodi%5cportable_data%5caddons%5cplugin.video.myiptv%5cicon.png&amp;mode=3&amp;name=SERIES%20%7c%20GLOBOPLAY&amp;url=http%3a%2f%2f7go.xyz%3a8080%2fenigma2.php%3fusername%3dezserverseriestop2023%26password%3dezfdjsgj637228gHFDHdsgfg0oo00OOO%26type%3dget_series%26cat_id%3d804&quot;,return)</favourite>
    <favourite name="SERIES | HBO / HBO MAX" thumb="https://iconeasy.com/icon/png/Folder/SHINE%202/TV%20Shows.png" fanart="https://wallpapercave.com/uwp/uwp3800546.jpeg">ActivateWindow(videos,&quot;plugin://plugin.video.myiptv1/?description&amp;iconimage=D%3a%5cKODI%20PORTABLE%5cKODI%2020%20JOB%5cKodi%5cportable_data%5caddons%5cplugin.video.myiptv%5cicon.png&amp;mode=3&amp;name=SERIES%20%7c%20HBO%20%2f%20HBO%20MAX&amp;url=http%3a%2f%2f7go.xyz%3a8080%2fenigma2.php%3fusername%3dezserverseriestop2023%26password%3dezfdjsgj637228gHFDHdsgfg0oo00OOO%26type%3dget_series%26cat_id%3d871&quot;,return)</favourite>
    <favourite name="SERIES | HISTORY" thumb="https://iconeasy.com/icon/png/Folder/SHINE%202/TV%20Shows.png" fanart="https://wallpapercave.com/uwp/uwp3800546.jpeg">ActivateWindow(videos,&quot;plugin://plugin.video.myiptv1/?description&amp;iconimage=D%3a%5cKODI%20PORTABLE%5cKODI%2020%20JOB%5cKodi%5cportable_data%5caddons%5cplugin.video.myiptv%5cicon.png&amp;mode=3&amp;name=SERIES%20%7c%20HISTORY&amp;url=http%3a%2f%2f7go.xyz%3a8080%2fenigma2.php%3fusername%3dezserverseriestop2023%26password%3dezfdjsgj637228gHFDHdsgfg0oo00OOO%26type%3dget_series%26cat_id%3d897&quot;,return)</favourite>
    <favourite name="SERIES | HULU" thumb="https://iconeasy.com/icon/png/Folder/SHINE%202/TV%20Shows.png" fanart="https://wallpapercave.com/uwp/uwp3800546.jpeg">ActivateWindow(videos,&quot;plugin://plugin.video.myiptv1/?description&amp;iconimage=D%3a%5cKODI%20PORTABLE%5cKODI%2020%20JOB%5cKodi%5cportable_data%5caddons%5cplugin.video.myiptv%5cicon.png&amp;mode=3&amp;name=SERIES%20%7c%20HULU&amp;url=http%3a%2f%2f7go.xyz%3a8080%2fenigma2.php%3fusername%3dezserverseriestop2023%26password%3dezfdjsgj637228gHFDHdsgfg0oo00OOO%26type%3dget_series%26cat_id%3d877&quot;,return)</favourite>
    <favourite name="SERIES | LANÇAMENTOS" thumb="https://iconeasy.com/icon/png/Folder/SHINE%202/TV%20Shows.png" fanart="https://wallpapercave.com/uwp/uwp3800546.jpeg">ActivateWindow(videos,&quot;plugin://plugin.video.myiptv1/?description&amp;iconimage=D%3a%5cKODI%20PORTABLE%5cKODI%2020%20JOB%5cKodi%5cportable_data%5caddons%5cplugin.video.myiptv%5cicon.png&amp;mode=3&amp;name=SERIES%20%7c%20LAN%c3%87AMENTOS&amp;url=http%3a%2f%2f7go.xyz%3a8080%2fenigma2.php%3fusername%3dezserverseriestop2023%26password%3dezfdjsgj637228gHFDHdsgfg0oo00OOO%26type%3dget_series%26cat_id%3d953&quot;,return)</favourite>
    <favourite name="SERIES | MARVEL / DC" thumb="https://iconeasy.com/icon/png/Folder/SHINE%202/TV%20Shows.png" fanart="https://wallpapercave.com/uwp/uwp3800546.jpeg">ActivateWindow(videos,&quot;plugin://plugin.video.myiptv1/?description&amp;iconimage=D%3a%5cKODI%20PORTABLE%5cKODI%2020%20JOB%5cKodi%5cportable_data%5caddons%5cplugin.video.myiptv%5cicon.png&amp;mode=3&amp;name=SERIES%20%7c%20MARVEL%20%2f%20DC&amp;url=http%3a%2f%2f7go.xyz%3a8080%2fenigma2.php%3fusername%3dezserverseriestop2023%26password%3dezfdjsgj637228gHFDHdsgfg0oo00OOO%26type%3dget_series%26cat_id%3d902&quot;,return)</favourite>
    <favourite name="SERIES | NATIONAL GEOGRAPHIC" thumb="https://iconeasy.com/icon/png/Folder/SHINE%202/TV%20Shows.png" fanart="https://wallpapercave.com/uwp/uwp3800546.jpeg">ActivateWindow(videos,&quot;plugin://plugin.video.myiptv1/?description&amp;iconimage=D%3a%5cKODI%20PORTABLE%5cKODI%2020%20JOB%5cKodi%5cportable_data%5caddons%5cplugin.video.myiptv%5cicon.png&amp;mode=3&amp;name=SERIES%20%7c%20NATIONAL%20GEOGRAPHIC&amp;url=http%3a%2f%2f7go.xyz%3a8080%2fenigma2.php%3fusername%3dezserverseriestop2023%26password%3dezfdjsgj637228gHFDHdsgfg0oo00OOO%26type%3dget_series%26cat_id%3d899&quot;,return)</favourite>
    <favourite name="SERIES | NBC" thumb="https://iconeasy.com/icon/png/Folder/SHINE%202/TV%20Shows.png" fanart="https://wallpapercave.com/uwp/uwp3800546.jpeg">ActivateWindow(videos,&quot;plugin://plugin.video.myiptv1/?description&amp;iconimage=D%3a%5cKODI%20PORTABLE%5cKODI%2020%20JOB%5cKodi%5cportable_data%5caddons%5cplugin.video.myiptv%5cicon.png&amp;mode=3&amp;name=SERIES%20%7c%20NBC&amp;url=http%3a%2f%2f7go.xyz%3a8080%2fenigma2.php%3fusername%3dezserverseriestop2023%26password%3dezfdjsgj637228gHFDHdsgfg0oo00OOO%26type%3dget_series%26cat_id%3d917&quot;,return)</favourite>
    <favourite name="SERIES | NETFLIX" thumb="https://iconeasy.com/icon/png/Folder/SHINE%202/TV%20Shows.png" fanart="https://wallpapercave.com/uwp/uwp3800546.jpeg">ActivateWindow(videos,&quot;plugin://plugin.video.myiptv1/?description&amp;iconimage=D%3a%5cKODI%20PORTABLE%5cKODI%2020%20JOB%5cKodi%5cportable_data%5caddons%5cplugin.video.myiptv%5cicon.png&amp;mode=3&amp;name=SERIES%20%7c%20NETFLIX&amp;url=http%3a%2f%2f7go.xyz%3a8080%2fenigma2.php%3fusername%3dezserverseriestop2023%26password%3dezfdjsgj637228gHFDHdsgfg0oo00OOO%26type%3dget_series%26cat_id%3d805&quot;,return)</favourite>
    <favourite name="SERIES | NOVELAS ATUAIS" thumb="https://iconeasy.com/icon/png/Folder/SHINE%202/TV%20Shows.png" fanart="https://wallpapercave.com/uwp/uwp3800546.jpeg">ActivateWindow(videos,&quot;plugin://plugin.video.myiptv1/?description&amp;iconimage=D%3a%5cKODI%20PORTABLE%5cKODI%2020%20JOB%5cKodi%5cportable_data%5caddons%5cplugin.video.myiptv%5cicon.png&amp;mode=3&amp;name=SERIES%20%7c%20NOVELAS%20ATUAIS&amp;url=http%3a%2f%2f7go.xyz%3a8080%2fenigma2.php%3fusername%3dezserverseriestop2023%26password%3dezfdjsgj637228gHFDHdsgfg0oo00OOO%26type%3dget_series%26cat_id%3d940&quot;,return)</favourite>
    <favourite name="SERIES | NOVELAS" thumb="https://iconeasy.com/icon/png/Folder/SHINE%202/TV%20Shows.png" fanart="https://wallpapercave.com/uwp/uwp3800546.jpeg">ActivateWindow(videos,&quot;plugin://plugin.video.myiptv1/?description&amp;iconimage=D%3a%5cKODI%20PORTABLE%5cKODI%2020%20JOB%5cKodi%5cportable_data%5caddons%5cplugin.video.myiptv%5cicon.png&amp;mode=3&amp;name=SERIES%20%7c%20NOVELAS&amp;url=http%3a%2f%2f7go.xyz%3a8080%2fenigma2.php%3fusername%3dezserverseriestop2023%26password%3dezfdjsgj637228gHFDHdsgfg0oo00OOO%26type%3dget_series%26cat_id%3d732&quot;,return)</favourite>
    <favourite name="SERIES | PARAMOUNT+" thumb="https://iconeasy.com/icon/png/Folder/SHINE%202/TV%20Shows.png" fanart="https://wallpapercave.com/uwp/uwp3800546.jpeg">ActivateWindow(videos,&quot;plugin://plugin.video.myiptv1/?description&amp;iconimage=D%3a%5cKODI%20PORTABLE%5cKODI%2020%20JOB%5cKodi%5cportable_data%5caddons%5cplugin.video.myiptv%5cicon.png&amp;mode=3&amp;name=SERIES%20%7c%20PARAMOUNT%2b&amp;url=http%3a%2f%2f7go.xyz%3a8080%2fenigma2.php%3fusername%3dezserverseriestop2023%26password%3dezfdjsgj637228gHFDHdsgfg0oo00OOO%26type%3dget_series%26cat_id%3d876&quot;,return)</favourite>
    <favourite name="SERIES | REALITY SHOWS" thumb="https://iconeasy.com/icon/png/Folder/SHINE%202/TV%20Shows.png" fanart="https://wallpapercave.com/uwp/uwp3800546.jpeg">ActivateWindow(videos,&quot;plugin://plugin.video.myiptv1/?description&amp;iconimage=D%3a%5cKODI%20PORTABLE%5cKODI%2020%20JOB%5cKodi%5cportable_data%5caddons%5cplugin.video.myiptv%5cicon.png&amp;mode=3&amp;name=SERIES%20%7c%20REALITY%20SHOWS&amp;url=http%3a%2f%2f7go.xyz%3a8080%2fenigma2.php%3fusername%3dezserverseriestop2023%26password%3dezfdjsgj637228gHFDHdsgfg0oo00OOO%26type%3dget_series%26cat_id%3d783&quot;,return)</favourite>
    <favourite name="SERIES | SHOWS INTERNACIONAIS" thumb="https://iconeasy.com/icon/png/Folder/SHINE%202/TV%20Shows.png" fanart="https://wallpapercave.com/uwp/uwp3800546.jpeg">ActivateWindow(videos,&quot;plugin://plugin.video.myiptv1/?description&amp;iconimage=D%3a%5cKODI%20PORTABLE%5cKODI%2020%20JOB%5cKodi%5cportable_data%5caddons%5cplugin.video.myiptv%5cicon.png&amp;mode=3&amp;name=SERIES%20%7c%20SHOWS%20INTERNACIONAIS&amp;url=http%3a%2f%2f7go.xyz%3a8080%2fenigma2.php%3fusername%3dezserverseriestop2023%26password%3dezfdjsgj637228gHFDHdsgfg0oo00OOO%26type%3dget_series%26cat_id%3d913&quot;,return)</favourite>
    <favourite name="SERIES | SHOWS NACIONAIS" thumb="https://iconeasy.com/icon/png/Folder/SHINE%202/TV%20Shows.png" fanart="https://wallpapercave.com/uwp/uwp3800546.jpeg">ActivateWindow(videos,&quot;plugin://plugin.video.myiptv1/?description&amp;iconimage=D%3a%5cKODI%20PORTABLE%5cKODI%2020%20JOB%5cKodi%5cportable_data%5caddons%5cplugin.video.myiptv%5cicon.png&amp;mode=3&amp;name=SERIES%20%7c%20SHOWS%20NACIONAIS&amp;url=http%3a%2f%2f7go.xyz%3a8080%2fenigma2.php%3fusername%3dezserverseriestop2023%26password%3dezfdjsgj637228gHFDHdsgfg0oo00OOO%26type%3dget_series%26cat_id%3d912&quot;,return)</favourite>
    <favourite name="SERIES | SITCOMS" thumb="https://iconeasy.com/icon/png/Folder/SHINE%202/TV%20Shows.png" fanart="https://wallpapercave.com/uwp/uwp3800546.jpeg">ActivateWindow(videos,&quot;plugin://plugin.video.myiptv1/?description&amp;iconimage=D%3a%5cKODI%20PORTABLE%5cKODI%2020%20JOB%5cKodi%5cportable_data%5caddons%5cplugin.video.myiptv%5cicon.png&amp;mode=3&amp;name=SERIES%20%7c%20SITCOMS&amp;url=http%3a%2f%2f7go.xyz%3a8080%2fenigma2.php%3fusername%3dezserverseriestop2023%26password%3dezfdjsgj637228gHFDHdsgfg0oo00OOO%26type%3dget_series%26cat_id%3d911&quot;,return)</favourite>
    <favourite name="SERIES | STAR+" thumb="https://iconeasy.com/icon/png/Folder/SHINE%202/TV%20Shows.png" fanart="https://wallpapercave.com/uwp/uwp3800546.jpeg">ActivateWindow(videos,&quot;plugin://plugin.video.myiptv1/?description&amp;iconimage=D%3a%5cKODI%20PORTABLE%5cKODI%2020%20JOB%5cKodi%5cportable_data%5caddons%5cplugin.video.myiptv%5cicon.png&amp;mode=3&amp;name=SERIES%20%7c%20STAR%2b&amp;url=http%3a%2f%2f7go.xyz%3a8080%2fenigma2.php%3fusername%3dezserverseriestop2023%26password%3dezfdjsgj637228gHFDHdsgfg0oo00OOO%26type%3dget_series%26cat_id%3d869&quot;,return)</favourite>
    <favourite name="SERIES | STARZ / LIONSGATE+" thumb="https://iconeasy.com/icon/png/Folder/SHINE%202/TV%20Shows.png" fanart="https://wallpapercave.com/uwp/uwp3800546.jpeg">ActivateWindow(videos,&quot;plugin://plugin.video.myiptv1/?description&amp;iconimage=D%3a%5cKODI%20PORTABLE%5cKODI%2020%20JOB%5cKodi%5cportable_data%5caddons%5cplugin.video.myiptv%5cicon.png&amp;mode=3&amp;name=SERIES%20%7c%20STARZ%20%2f%20LIONSGATE%2b&amp;url=http%3a%2f%2f7go.xyz%3a8080%2fenigma2.php%3fusername%3dezserverseriestop2023%26password%3dezfdjsgj637228gHFDHdsgfg0oo00OOO%26type%3dget_series%26cat_id%3d874&quot;,return)</favourite>
    <favourite name="SERIES | SYFY" thumb="https://iconeasy.com/icon/png/Folder/SHINE%202/TV%20Shows.png" fanart="https://wallpapercave.com/uwp/uwp3800546.jpeg">ActivateWindow(videos,&quot;plugin://plugin.video.myiptv1/?description&amp;iconimage=D%3a%5cKODI%20PORTABLE%5cKODI%2020%20JOB%5cKodi%5cportable_data%5caddons%5cplugin.video.myiptv%5cicon.png&amp;mode=3&amp;name=SERIES%20%7c%20SYFY&amp;url=http%3a%2f%2f7go.xyz%3a8080%2fenigma2.php%3fusername%3dezserverseriestop2023%26password%3dezfdjsgj637228gHFDHdsgfg0oo00OOO%26type%3dget_series%26cat_id%3d918&quot;,return)</favourite>
    <favourite name="SERIES | TALK SHOWS" thumb="https://iconeasy.com/icon/png/Folder/SHINE%202/TV%20Shows.png" fanart="https://wallpapercave.com/uwp/uwp3800546.jpeg">ActivateWindow(videos,&quot;plugin://plugin.video.myiptv1/?description&amp;iconimage=D%3a%5cKODI%20PORTABLE%5cKODI%2020%20JOB%5cKodi%5cportable_data%5caddons%5cplugin.video.myiptv%5cicon.png&amp;mode=3&amp;name=SERIES%20%7c%20TALK%20SHOWS&amp;url=http%3a%2f%2f7go.xyz%3a8080%2fenigma2.php%3fusername%3dezserverseriestop2023%26password%3dezfdjsgj637228gHFDHdsgfg0oo00OOO%26type%3dget_series%26cat_id%3d914&quot;,return)</favourite>
    <favourite name="SERIES | TNT" thumb="https://iconeasy.com/icon/png/Folder/SHINE%202/TV%20Shows.png" fanart="https://wallpapercave.com/uwp/uwp3800546.jpeg">ActivateWindow(videos,&quot;plugin://plugin.video.myiptv1/?description&amp;iconimage=D%3a%5cKODI%20PORTABLE%5cKODI%2020%20JOB%5cKodi%5cportable_data%5caddons%5cplugin.video.myiptv%5cicon.png&amp;mode=3&amp;name=SERIES%20%7c%20TNT&amp;url=http%3a%2f%2f7go.xyz%3a8080%2fenigma2.php%3fusername%3dezserverseriestop2023%26password%3dezfdjsgj637228gHFDHdsgfg0oo00OOO%26type%3dget_series%26cat_id%3d916&quot;,return)</favourite>
    <favourite name="SERIES | TOKUSATSU" thumb="https://iconeasy.com/icon/png/Folder/SHINE%202/TV%20Shows.png" fanart="https://wallpapercave.com/uwp/uwp3800546.jpeg">ActivateWindow(videos,&quot;plugin://plugin.video.myiptv1/?description&amp;iconimage=D%3a%5cKODI%20PORTABLE%5cKODI%2020%20JOB%5cKodi%5cportable_data%5caddons%5cplugin.video.myiptv%5cicon.png&amp;mode=3&amp;name=SERIES%20%7c%20TOKUSATSU&amp;url=http%3a%2f%2f7go.xyz%3a8080%2fenigma2.php%3fusername%3dezserverseriestop2023%26password%3dezfdjsgj637228gHFDHdsgfg0oo00OOO%26type%3dget_series%26cat_id%3d888&quot;,return)</favourite>
    <favourite name="SERIES | WARNER" thumb="https://iconeasy.com/icon/png/Folder/SHINE%202/TV%20Shows.png" fanart="https://wallpapercave.com/uwp/uwp3800546.jpeg">ActivateWindow(videos,&quot;plugin://plugin.video.myiptv1/?description&amp;iconimage=D%3a%5cKODI%20PORTABLE%5cKODI%2020%20JOB%5cKodi%5cportable_data%5caddons%5cplugin.video.myiptv%5cicon.png&amp;mode=3&amp;name=SERIES%20%7c%20WARNER&amp;url=http%3a%2f%2f7go.xyz%3a8080%2fenigma2.php%3fusername%3dezserverseriestop2023%26password%3dezfdjsgj637228gHFDHdsgfg0oo00OOO%26type%3dget_series%26cat_id%3d882&quot;,return)</favourite>
</favourites>


