<favourites>
    
    <favourite name="01 ●≡ HKC  |  f4mTester" thumb="https://play-lh.googleusercontent.com/VSn9A00XsSyuhEToX_PALiCvZlytaUAXA1yiH6y1BCcEVt7aLTjk8dKMYLwVgiyfD9k" fanart="https://tec8.com.br/wp-content/uploads/2021/02/servidor-IPTV.jpg">ActivateWindow(videos,&quot;plugin://plugin.video.twoaddons/?url=https%3A%2F%2Fgist.githubusercontent.com%2Fspinabr%2F4520ac14ae735220dbfcf4dbac2f8586%2Fraw%2F9776c5a327d09747298929c564fe6450707950a7%2F0o0o0o&amp;mode=1&amp;name=%5BB%5D%5BCOLOR+blue%5D%E2%97%8F%E2%89%A1+%5B%2FCOLOR%5D+%5BCOLOR+white%5D+SERVIDOR+13+%7C+%5BCOLOR+red%5D+spina%5B%2FCOLOR%5D%5BCOLOR+orange%5Dbr%5B%2FCOLOR%5D%5B%2FB%5D&amp;fanart=http%3A%2F%2Froger1964.antaeus.feralhosting.com%2FMedia%2FPainel%2Fneotvfanart.jpg&quot;,return)</favourite>
	<favourite name="02 ●≡ HKC  |  f4mTester" thumb="https://play-lh.googleusercontent.com/VSn9A00XsSyuhEToX_PALiCvZlytaUAXA1yiH6y1BCcEVt7aLTjk8dKMYLwVgiyfD9k" fanart="https://tec8.com.br/wp-content/uploads/2021/02/servidor-IPTV.jpg">ActivateWindow(videos,&quot;plugin://plugin.video.twoaddons/?url=https%3A%2F%2Fgist.githubusercontent.com%2Fspinabr%2F4520ac14ae735220dbfcf4dbac2f8586%2Fraw%2Fcc5d60281752c5846846d587ff2188c2556f9174%2F0o0o0o&amp;mode=1&amp;name=%5BB%5D%5BCOLOR+blue%5D%E2%97%8F%E2%89%A1+%5B%2FCOLOR%5D+%5BCOLOR+white%5D+SERVIDOR+13+%7C+%5BCOLOR+red%5D+spina%5B%2FCOLOR%5D%5BCOLOR+orange%5Dbr%5B%2FCOLOR%5D%5B%2FB%5D&amp;fanart=http%3A%2F%2Froger1964.antaeus.feralhosting.com%2FMedia%2FPainel%2Fneotvfanart.jpg&quot;,return)</favourite>
	<favourite name="03 ●≡ HKC  |  f4mTester" thumb="https://play-lh.googleusercontent.com/VSn9A00XsSyuhEToX_PALiCvZlytaUAXA1yiH6y1BCcEVt7aLTjk8dKMYLwVgiyfD9k" fanart="https://tec8.com.br/wp-content/uploads/2021/02/servidor-IPTV.jpg">ActivateWindow(videos,&quot;plugin://plugin.video.twoaddons/?url=https%3A%2F%2Fgist.githubusercontent.com%2Fspinabr%2F4520ac14ae735220dbfcf4dbac2f8586%2Fraw%2F36d8df348a8350b230086e7034602d9701c768c4%2F0o0o0o&amp;mode=1&amp;name=%5BB%5D%5BCOLOR+blue%5D%E2%97%8F%E2%89%A1+%5B%2FCOLOR%5D+%5BCOLOR+white%5D+SERVIDOR+13+%7C+%5BCOLOR+red%5D+spina%5B%2FCOLOR%5D%5BCOLOR+orange%5Dbr%5B%2FCOLOR%5D%5B%2FB%5D&amp;fanart=http%3A%2F%2Froger1964.antaeus.feralhosting.com%2FMedia%2FPainel%2Fneotvfanart.jpg&quot;,return)</favourite>
	<favourite name="04 ●≡ HKC  |  f4mTester" thumb="https://play-lh.googleusercontent.com/VSn9A00XsSyuhEToX_PALiCvZlytaUAXA1yiH6y1BCcEVt7aLTjk8dKMYLwVgiyfD9k" fanart="https://tec8.com.br/wp-content/uploads/2021/02/servidor-IPTV.jpg">ActivateWindow(videos,&quot;plugin://plugin.video.twoaddons/?url=https%3A%2F%2Fgist.githubusercontent.com%2Fspinabr%2F4520ac14ae735220dbfcf4dbac2f8586%2Fraw%2Fe9612c5c5643a3ea6072c6fa5807febc0849514d%2F0o0o0o&amp;mode=1&amp;name=%5BB%5D%5BCOLOR+blue%5D%E2%97%8F%E2%89%A1+%5B%2FCOLOR%5D+%5BCOLOR+white%5D+SERVIDOR+13+%7C+%5BCOLOR+red%5D+spina%5B%2FCOLOR%5D%5BCOLOR+orange%5Dbr%5B%2FCOLOR%5D%5B%2FB%5D&amp;fanart=http%3A%2F%2Froger1964.antaeus.feralhosting.com%2FMedia%2FPainel%2Fneotvfanart.jpg&quot;,return)</favourite>
	<favourite name="05 ●≡ HKC  |  f4mTester" thumb="https://play-lh.googleusercontent.com/VSn9A00XsSyuhEToX_PALiCvZlytaUAXA1yiH6y1BCcEVt7aLTjk8dKMYLwVgiyfD9k" fanart="https://tec8.com.br/wp-content/uploads/2021/02/servidor-IPTV.jpg">ActivateWindow(videos,&quot;plugin://plugin.video.twoaddons/?url=https%3A%2F%2Fgist.githubusercontent.com%2Fspinabr%2F96464a5491c100aae23671102e7dbd30%2Fraw%2F9462732be6f38476b753f2dd21c61f67e5f620ee%2F99999&amp;mode=1&amp;name=%5BB%5D%5BCOLOR+blue%5D%E2%97%8F%E2%89%A1+%5B%2FCOLOR%5D+%5BCOLOR+white%5D+SERVIDOR+13+%7C+%5BCOLOR+red%5D+spina%5B%2FCOLOR%5D%5BCOLOR+orange%5Dbr%5B%2FCOLOR%5D%5B%2FB%5D&amp;fanart=http%3A%2F%2Froger1964.antaeus.feralhosting.com%2FMedia%2FPainel%2Fneotvfanart.jpg&quot;,return)</favourite>
	
	
	
</favourites>


*01- http://dns.p2.wtf:80/get.php?username=l7bvkb2g&password=377qm7bg&type=m3u_plus&output=ts	Active	08/06/2022 11:39:54	08/07/2023 21:30:58	0	0	1	"m3u8","ts"		
https://gist.githubusercontent.com/spinabr/4520ac14ae735220dbfcf4dbac2f8586/raw/9776c5a327d09747298929c564fe6450707950a7/0o0o0o
*02- http://hkc.one:80/get.php?username=5678bam3aa&password=8w5xgpli6g&type=m3u&output=ts	Active	27/03/2022 00:30:56	04/07/2023 20:36:34	0	1	1	"m3u8","ts"	
https://gist.githubusercontent.com/spinabr/4520ac14ae735220dbfcf4dbac2f8586/raw/cc5d60281752c5846846d587ff2188c2556f9174/0o0o0o
*03- http://hkc.one:80/get.php?username=csbwo9ff&password=c9cnhkc4&type=m3u&output=ts	Active	05/06/2022 14:55:52	04/07/2023 13:00:47	0	0	1	"m3u8","ts"	
https://gist.githubusercontent.com/spinabr/4520ac14ae735220dbfcf4dbac2f8586/raw/36d8df348a8350b230086e7034602d9701c768c4/0o0o0o
*04- http://dns.p2.wtf:80/get.php?username=xvjv8p6t&password=y2m5qzfu&type=m3u&output=ts	Active	15/06/2022 15:16:55	29/06/2023 14:41:48	0	0	1	"m3u8","ts"	
https://gist.githubusercontent.com/spinabr/4520ac14ae735220dbfcf4dbac2f8586/raw/e9612c5c5643a3ea6072c6fa5807febc0849514d/0o0o0o
*05- http://dns.p2.wtf:80/get.php?username=soywp64r&password=1532ux2i&type=m3u&output=ts	Active	20/04/2022 21:45:16	20/09/2023 23:39:44	0	0	1	"m3u8","ts"
https://gist.githubusercontent.com/spinabr/96464a5491c100aae23671102e7dbd30/raw/9462732be6f38476b753f2dd21c61f67e5f620ee/99999






http://dns.p2.wtf:80/get.php?username=xwk7ifo1&password=qwlcjua3&type=m3u&output=ts	Active	14/06/2022 21:31:53	21/09/2023 14:24:56	0	0	1	"m3u8","ts"
http://hkc.one:80/get.php?username=p8uvbzcr&password=0cpkxd30&type=m3u&output=ts	Active	13/06/2022 19:05:00	24/09/2023 12:59:51	0	0	1	"m3u8","ts"
http://dns.p2.wtf:80/get.php?username=p8uvbzcr&password=0cpkxd30&type=m3u&output=ts	Active	13/06/2022 19:05:00	24/09/2023 12:59:51	0	0	1	"m3u8","ts"
http://hkc.one:80/get.php?username=9l3wwnu8&password=w89vx830&type=m3u&output=ts	Active	07/06/2022 18:24:14	21/09/2023 22:08:23	0	0	1	"m3u8","ts"
http://dns.p2.wtf:80/get.php?username=36xup0g9&password=7tolzae5&type=m3u&output=ts	Active	15/06/2022 15:05:05	17/09/2023 19:56:07	0	1	1	"m3u8","ts"
http://dns.p2.wtf:80/get.php?username=9l3wwnu8&password=w89vx830&type=m3u&output=ts	Active	07/06/2022 18:24:14	21/09/2023 22:08:23	0	0	1	"m3u8","ts"
http://hkc.one:80/get.php?username=bx7sx2ah&password=39r9u3fb&type=m3u&output=ts	Active	06/06/2022 22:49:14	14/09/2023 18:54:22	0	1	1	"m3u8","ts"
http://hkc.one:80/get.php?username=rpkmho7j&password=x1giut7g&type=m3u&output=ts	Active	08/06/2022 13:53:26	14/12/2023 21:05:08	0	4	1	"m3u8","ts"
http://hkc.one:80/get.php?username=637h27dk&password=sbdemsrh&type=m3u&output=ts	Active	12/06/2022 13:56:05	13/09/2023 00:21:31	0	4	1	"m3u8","ts"
http://hkc.one:80/get.php?username=7nfu38a3&password=4wobxquv&type=m3u&output=ts	Active	11/06/2022 03:57:42	12/09/2023 20:56:33	0	0	1	"m3u8","ts"


http://hkc.one:80/get.php?username=8s80i2t3&password=xwuey025&type=m3u&output=ts	Active	09/06/2022 02:37:23	25/06/2023 00:07:51	0	0	1	"m3u8","ts"	
http://hkc.one:80/get.php?username=p8uvbzcr&password=0cpkxd30&type=m3u&output=ts	Active	13/06/2022 19:05:00	23/06/2023 22:19:29	0	0	1	"m3u8","ts"	
http://dns.p2.wtf:80/get.php?username=p8uvbzcr&password=0cpkxd30&type=m3u&output=ts	Active	13/06/2022 19:05:00	23/06/2023 22:19:29	0	0	1	"m3u8","ts"	
http://hkc.one:80/get.php?username=62os0ryz&password=ixorzzkl&type=m3u&output=ts	Active	07/06/2022 14:08:35	23/06/2023 21:37:39	0	0	1	"m3u8","ts"	
http://dns.p2.wtf:80/get.php?username=x1t6sq&password=eb8oia&type=m3u&output=ts	Active	07/04/2022 02:55:22	21/06/2023 19:18:04	0	0	1	"m3u8","ts"	
http://dns.p2.wtf:80/get.php?username=xwk7ifo1&password=qwlcjua3&type=m3u&output=ts	Active	14/06/2022 21:31:53	21/06/2023 13:10:20	0	0	1	"m3u8","ts"	
http://hkc.one:80/get.php?username=xwk7ifo1&password=qwlcjua3&type=m3u&output=ts	Active	14/06/2022 21:31:53	21/06/2023 13:10:20	0	0	1	"m3u8","ts"	
http://hkc.one:80/get.php?username=soywp64r&password=1532ux2i&type=m3u&output=ts	Active	20/04/2022 21:45:16	20/06/2023 23:39:44	0	0	1	"m3u8","ts"	
http://dns.p2.wtf:80/get.php?username=soywp64r&password=1532ux2i&type=m3u&output=ts	Active	20/04/2022 21:45:16	20/06/2023 23:39:44	0	0	1	"m3u8","ts"	
http://hkc.one:80/get.php?username=0o1x648t&password=cb4ogl5f&type=m3u&output=ts	Active	11/06/2022 10:58:59	20/06/2023 20:13:30	0	0	1	"m3u8","ts"	
http://dns.p2.wtf:80/get.php?username=taan2ie776&password=2oyw7g0hqa&type=m3u&output=ts	Active	15/03/2022 14:02:24	20/06/2023 09:20:59	0	1	1	"m3u8","ts"	
http://dns.p2.wtf/get.php?username=taan2ie776&password=2oyw7g0hqa&type=m3u&output=ts	Active	15/03/2022 14:02:24	20/06/2023 09:20:59	0	1	1	"m3u8","ts"	
http://hkc.one:80/get.php?username=taan2ie776&password=2oyw7g0hqa&type=m3u&output=ts	Active	15/03/2022 14:02:24	20/06/2023 09:20:59	0	1	1	"m3u8","ts"	
http://dns.p2.wtf:80/get.php?username=cfrsulcdqo&password=rckpzs2vcj&type=m3u&output=ts	Active	10/03/2022 16:39:04	19/06/2023 14:52:21	0	0	1	"m3u8","ts"	
http://dns.p2.wtf:80/get.php?username=8yfrkukeq5&password=w33k3ni8dp&type=m3u&output=ts	Active	15/03/2022 22:47:14	19/06/2023 14:51:48	0	0	1	"m3u8","ts"	
http://hkc.one:80/get.php?username=8yfrkukeq5&password=w33k3ni8dp&type=m3u&output=ts	Active	15/03/2022 22:47:14	19/06/2023 14:51:48	0	0	1	"m3u8","ts"	
http://dns.p2.wtf:80/get.php?username=jqjtn8td&password=mgndw377&type=m3u&output=ts	Active	12/06/2022 23:25:22	17/06/2023 20:56:57	0	0	1	"m3u8","ts"	
http://hkc.one:80/get.php?username=jqjtn8td&password=mgndw377&type=m3u&output=ts	Active	12/06/2022 23:25:22	17/06/2023 20:56:57	0	0	1	"m3u8","ts"	
http://dns.p2.wtf:80/get.php?username=36xup0g9&password=7tolzae5&type=m3u&output=ts	Active	15/06/2022 15:05:05	17/06/2023 19:56:07	0	0	1	"m3u8","ts"	
http://dns.p2.wtf:80/get.php?username=5180619222&password=34939156n&type=m3u&output=ts	Active	14/12/2020 15:02:59	17/06/2023 18:22:54	0	0	1	"m3u8","ts"	
http://dns.p2.wtf:80/get.php?username=owcri43o&password=yvneoji3&type=m3u&output=ts	Active	13/06/2022 20:39:00	17/06/2023 12:35:21	0	0	1	"m3u8","ts"	
http://hkc.one:80/get.php?username=9f0m9etjjv&password=cdz5qls1he&type=m3u&output=ts	Active	12/03/2022 17:52:29	15/06/2023 19:30:38	0	0	1	"m3u8","ts"	
http://hkc.one:80/get.php?username=bx7sx2ah&password=39r9u3fb&type=m3u&output=ts	Active	06/06/2022 22:49:14	14/06/2023 18:54:22	0	0	1	"m3u8","ts"	
http://hkc.one:80/get.php?username=csazk17k8q&password=3ibbupn3xq&type=m3u&output=ts	Active	06/02/2022 01:23:24	14/06/2023 17:11:09	0	2	3	"m3u8","ts"	
http://dns.p2.wtf:80/get.php?username=csazk17k8q&password=3ibbupn3xq&type=m3u&output=ts	Active	06/02/2022 01:23:24	14/06/2023 17:11:09	0	2	3	"m3u8","ts"	
http://dns.p2.wtf:80/get.php?username=756t0mwj&password=33spt1ka&type=m3u&output=ts	Active	12/06/2022 14:49:40	13/06/2023 22:58:59	0	0	1	"m3u8","ts"	
http://hkc.one:80/get.php?username=756t0mwj&password=33spt1ka&type=m3u&output=ts	Active	12/06/2022 14:49:40	13/06/2023 22:58:59	0	0	1	"m3u8","ts"	
http://hkc.one:80/get.php?username=rpkmho7j&password=x1giut7g&type=m3u&output=ts	Active	08/06/2022 13:53:26	13/06/2023 00:49:58	0	0	1	"m3u8","ts"	
http://dns.p2.wtf:80/get.php?username=rpkmho7j&password=x1giut7g&type=m3u&output=ts	Active	08/06/2022 13:53:26	13/06/2023 00:49:58	0	0	1	"m3u8","ts"	
http://hkc.one:80/get.php?username=637h27dk&password=sbdemsrh&type=m3u&output=ts	Active	12/06/2022 13:56:05	13/06/2023 00:21:31	0	1	1	"m3u8","ts"	
http://dns.p2.wtf:80/get.php?username=fukw98mzyo&password=2ar9q1rbch&type=m3u&output=ts	Active	09/03/2022 01:38:13	13/06/2023 00:10:10	0	0	1	"m3u8","ts"	
http://hkc.one:80/get.php?username=fukw98mzyo&password=2ar9q1rbch&type=m3u&output=ts	Active	09/03/2022 01:38:13	13/06/2023 00:10:10	0	0	1	"m3u8","ts"	
http://hkc.one:80/get.php?username=7nfu38a3&password=4wobxquv&type=m3u&output=ts	Active	11/06/2022 03:57:42	12/06/2023 16:37:54	0	0	1	"m3u8","ts"	
http://hkc.one:80/get.php?username=9zjjo38vys&password=b8b93zxoqm&type=m3u&output=ts	Active	16/03/2022 19:22:10	11/06/2023 23:57:35	0	0	1	"m3u8","ts"	
http://hkc.one:80/get.php?username=gviu1dln&password=a1mpy5dk&type=m3u&output=ts	Active	11/06/2022 16:22:08	11/06/2023 22:22:08	0	0	1	"m3u8","ts"	
http://hkc.one:80/get.php?username=imcue95e&password=bu7ynhh5&type=m3u&output=ts	Active	08/06/2022 21:30:03	11/06/2023 20:17:43	0	0	1	"m3u8","ts"	
http://dns.p2.wtf:80/get.php?username=imcue95e&password=bu7ynhh5&type=m3u&output=ts	Active	08/06/2022 21:30:03	11/06/2023 20:17:43	0	0	1	"m3u8","ts"	
http://dns.p2.wtf:80/get.php?username=l3z0g8l9&password=4r02yqb6&type=m3u&output=ts	Active	06/06/2022 21:59:59	10/06/2023 19:47:23	0	16	1	"m3u8","ts"	
http://hkc.one:80/get.php?username=9l3wwnu8&password=w89vx830&type=m3u&output=ts	Active	07/06/2022 18:24:14	10/06/2023 18:53:33	0	0	1	"m3u8","ts"	
http://dns.p2.wtf:80/get.php?username=9l3wwnu8&password=w89vx830&type=m3u&output=ts	Active	07/06/2022 18:24:14	10/06/2023 18:53:33	0	0	1	"m3u8","ts"	
http://dns.p2.wtf:80/get.php?username=j9twpekr&password=h8osp25a&type=m3u&output=ts	Active	08/06/2022 17:43:21	10/06/2023 17:41:18	0	0	1	"m3u8","ts"	
http://dns.p2.wtf/get.php?username=6hsyq4ucvg&password=h3d6sqa87h&type=m3u&output=ts	Active	22/01/2022 15:31:44	10/06/2023 00:11:32	0	0	1	"m3u8","ts"	
http://hkc.one:80/get.php?username=6hsyq4ucvg&password=h3d6sqa87h&type=m3u&output=ts	Active	22/01/2022 15:31:44	10/06/2023 00:11:32	0	0	1	"m3u8","ts"	
http://dns.p2.wtf:80/get.php?username=ypmrgu4o&password=pekmpytz&type=m3u&output=ts	Active	08/06/2022 11:47:16	09/06/2023 17:43:18	0	0	1	"m3u8","ts"	
http://dns.p2.wtf:80/get.php?username=8e70kd349g&password=5gcbnth16v&type=m3u&output=ts	Active	05/03/2022 14:50:56	09/06/2023 00:42:46	0	0	1	"m3u8","ts"	
http://hkc.one:80/get.php?username=8e70kd349g&password=5gcbnth16v&type=m3u&output=ts	Active	05/03/2022 14:50:56	09/06/2023 00:42:46	0	0	1	"m3u8","ts"	
http://hkc.one:80/get.php?username=629lq0jx&password=q6uo1o4n&type=m3u&output=ts	Active	08/05/2023 12:49:53	08/06/2023 12:49:06	0	0	1	"m3u8","ts","rtmp"	
http://dns.p2.wtf:80/get.php?username=ul1fv2z9&password=0jc4lp96&type=m3u&output=ts	Active	17/03/2022 16:30:48	07/06/2023 14:18:27	0	0	1	"m3u8","ts"	
http://dns.p2.wtf:80/get.php?username=1n2gga7mbl&password=ukoiqvixze&type=m3u&output=ts	Active	18/03/2022 17:15:44	06/06/2023 20:21:53	0	0	1	"m3u8","ts"	
http://dns.p2.wtf:80/get.php?username=loku184u&password=oyrausn0&type=m3u&output=ts	Expired	11/06/2022 12:12:34	06/06/2023 12:26:12	0	0	1	"m3u8","ts"	
http://dns.p2.wtf:80/get.php?username=147r3hd3&password=42b007qi&type=m3u&output=ts	Expired	16/06/2022 14:36:28	25/05/2023 00:40:16	0	0	1	"m3u8","ts"	
http://hkc.one:80/get.php?username=kbgjvwtx0k&password=7gpw3k52tt&type=m3u&output=ts	Expired	12/03/2022 21:36:35	24/05/2023 18:49:03	0	0	1	"m3u8","ts"	
http://dns.p2.wtf:80/get.php?username=kbgjvwtx0k&password=7gpw3k52tt&type=m3u&output=ts	Expired	12/03/2022 21:36:35	24/05/2023 18:49:03	0	0	1	"m3u8","ts"	
http://hkc.one:80/get.php?username=gxfbl86dmp&password=z1eysrn7yp&type=m3u&output=ts	Expired	11/02/2022 19:26:00	08/05/2023 14:43:56	0	0	1	"m3u8","ts"	
http://hkc.one:80/get.php?username=1qhrgusfpq&password=ueo0y7wbgh&type=m3u&output=ts	Expired	16/03/2022 15:24:39	20/04/2023 19:21:30	0	0	1	"m3u8","ts"	



