<favourites>
    <favourite name="01" thumb="image://special%3a%2f%2fhome%2faddons%5cplugin.program.autowidget%5cresources%5cmedia%5cicon%5cfolder-shortcut.png/" fanart="image://special%3a%2f%2fhome%2faddons%5cplugin.program.autowidget%5cresources%5cmedia%5cfanart%5cfolder-shortcut.png/">ActivateWindow(videos,&quot;plugin://plugin.program.autowidget/?mode=group&amp;group=assista.pro-1684161236.2512228&amp;refresh=&amp;reload=&quot;,return)</favourite>
    <favourite name="02" thumb="image://special%3a%2f%2fhome%2faddons%5cplugin.program.autowidget%5cresources%5cmedia%5cicon%5cfolder-shortcut.png/" fanart="image://special%3a%2f%2fhome%2faddons%5cplugin.program.autowidget%5cresources%5cmedia%5cfanart%5cfolder-shortcut.png/">ActivateWindow(videos,&quot;plugin://plugin.program.autowidget/?mode=group&amp;group=axr.life-1684161478.1820104&amp;refresh=&amp;reload=&quot;,return)</favourite>
    <favourite name="03" thumb="image://special%3a%2f%2fhome%2faddons%5cplugin.program.autowidget%5cresources%5cmedia%5cicon%5cfolder-shortcut.png/" fanart="image://special%3a%2f%2fhome%2faddons%5cplugin.program.autowidget%5cresources%5cmedia%5cfanart%5cfolder-shortcut.png/">ActivateWindow(videos,&quot;plugin://plugin.program.autowidget/?mode=group&amp;group=cdn.rtyh.xyz-1684161708.1460917&amp;refresh=&amp;reload=&quot;,return)</favourite>
    <favourite name="04" thumb="image://special%3a%2f%2fhome%2faddons%5cplugin.program.autowidget%5cresources%5cmedia%5cicon%5cfolder-shortcut.png/" fanart="image://special%3a%2f%2fhome%2faddons%5cplugin.program.autowidget%5cresources%5cmedia%5cfanart%5cfolder-shortcut.png/">ActivateWindow(videos,&quot;plugin://plugin.program.autowidget/?mode=group&amp;group=gameplay.p2sweb.me-1684161923.3269367&amp;refresh=&amp;reload=&quot;,return)</favourite>
    <favourite name="05" thumb="image://special%3a%2f%2fhome%2faddons%5cplugin.program.autowidget%5cresources%5cmedia%5cicon%5cfolder-shortcut.png/" fanart="image://special%3a%2f%2fhome%2faddons%5cplugin.program.autowidget%5cresources%5cmedia%5cfanart%5cfolder-shortcut.png/">ActivateWindow(videos,&quot;plugin://plugin.program.autowidget/?mode=group&amp;group=pfsv.io-1684162447.271163&amp;refresh=&amp;reload=&quot;,return)</favourite>
    <favourite name="06" thumb="image://special%3a%2f%2fhome%2faddons%5cplugin.program.autowidget%5cresources%5cmedia%5cicon%5cfolder-shortcut.png/" fanart="image://special%3a%2f%2fhome%2faddons%5cplugin.program.autowidget%5cresources%5cmedia%5cfanart%5cfolder-shortcut.png/">ActivateWindow(videos,&quot;plugin://plugin.program.autowidget/?mode=group&amp;group=sstv_xcui-1684160609.2927773&amp;refresh=&amp;reload=&quot;,return)</favourite>
</favourites>