<favourites>
    
    <favourite name="01 ●≡ 7VNX  |  f4mTester" thumb="https://encrypted-tbn0.gstatic.com/images?q=tbn:ANd9GcQiRPH7FhsR3FgscE9TBwx52rjdt5-YfhbCxmULLljrYXXf6Jx3W5W07ciP3cmNpnRhlnE&usqp=CAU" fanart="image://https%3A%2F%2Ft3.ftcdn.net%2Fjpg%2F02%2F65%2F84%2F84%2F360_F_265848464_FKHf4E1tTxVEw4I261TeBOeXzjrmn8xt.jpg">ActivateWindow(videos,&quot;plugin://plugin.video.twoaddons/?url=https%3A%2F%2Fgist.githubusercontent.com%2Fspina777%2F9923d15e660f5ac921804b7287da2644%2Fraw%2F4c8587e8ffe37b9d61b81452f387a88fb11101c1%2F000000&amp;mode=1&amp;name=%5BB%5D%5BCOLOR+blue%5D%E2%97%8F%E2%89%A1+%5B%2FCOLOR%5D+%5BCOLOR+white%5D+SERVIDOR+13+%7C+%5BCOLOR+red%5D+spina%5B%2FCOLOR%5D%5BCOLOR+orange%5Dbr%5B%2FCOLOR%5D%5B%2FB%5D&amp;fanart=http%3A%2F%2Froger1964.antaeus.feralhosting.com%2FMedia%2FPainel%2Fneotvfanart.jpg&quot;,return)</favourite>
	<favourite name="02 ●≡ 7VNX  |  f4mTester" thumb="https://encrypted-tbn0.gstatic.com/images?q=tbn:ANd9GcQiRPH7FhsR3FgscE9TBwx52rjdt5-YfhbCxmULLljrYXXf6Jx3W5W07ciP3cmNpnRhlnE&usqp=CAU" fanart="image://https%3A%2F%2Ft3.ftcdn.net%2Fjpg%2F02%2F65%2F84%2F84%2F360_F_265848464_FKHf4E1tTxVEw4I261TeBOeXzjrmn8xt.jpg">ActivateWindow(videos,&quot;plugin://plugin.video.twoaddons/?url=https%3A%2F%2Fgist.githubusercontent.com%2Fspinabr%2F96464a5491c100aae23671102e7dbd30%2Fraw%2F8f7a087531bac11d27d8b3c77a83dfc386f678ca%2Fgistfile2.txt&amp;mode=1&amp;name=%5BB%5D%5BCOLOR+blue%5D%E2%97%8F%E2%89%A1+%5B%2FCOLOR%5D+%5BCOLOR+white%5D+SERVIDOR+13+%7C+%5BCOLOR+red%5D+spina%5B%2FCOLOR%5D%5BCOLOR+orange%5Dbr%5B%2FCOLOR%5D%5B%2FB%5D&amp;fanart=http%3A%2F%2Froger1964.antaeus.feralhosting.com%2FMedia%2FPainel%2Fneotvfanart.jpg&quot;,return)</favourite>
	<favourite name="03 ●≡ 7VNX  |  f4mTester" thumb="https://encrypted-tbn0.gstatic.com/images?q=tbn:ANd9GcQiRPH7FhsR3FgscE9TBwx52rjdt5-YfhbCxmULLljrYXXf6Jx3W5W07ciP3cmNpnRhlnE&usqp=CAU" fanart="image://https%3A%2F%2Ft3.ftcdn.net%2Fjpg%2F02%2F65%2F84%2F84%2F360_F_265848464_FKHf4E1tTxVEw4I261TeBOeXzjrmn8xt.jpg">ActivateWindow(videos,&quot;plugin://plugin.video.twoaddons/?url=https%3A%2F%2Fgist.githubusercontent.com%2Fspinabr%2F96464a5491c100aae23671102e7dbd30%2Fraw%2F8ac0f3327674f931a7159a3eccd2edffd24886df%2Fgistfile2.txt&amp;mode=1&amp;name=%5BB%5D%5BCOLOR+blue%5D%E2%97%8F%E2%89%A1+%5B%2FCOLOR%5D+%5BCOLOR+white%5D+SERVIDOR+13+%7C+%5BCOLOR+red%5D+spina%5B%2FCOLOR%5D%5BCOLOR+orange%5Dbr%5B%2FCOLOR%5D%5B%2FB%5D&amp;fanart=http%3A%2F%2Froger1964.antaeus.feralhosting.com%2FMedia%2FPainel%2Fneotvfanart.jpg&quot;,return)</favourite>
	<favourite name="04 ●≡ 7VNX  |  f4mTester" thumb="https://encrypted-tbn0.gstatic.com/images?q=tbn:ANd9GcQiRPH7FhsR3FgscE9TBwx52rjdt5-YfhbCxmULLljrYXXf6Jx3W5W07ciP3cmNpnRhlnE&usqp=CAU" fanart="image://https%3A%2F%2Ft3.ftcdn.net%2Fjpg%2F02%2F65%2F84%2F84%2F360_F_265848464_FKHf4E1tTxVEw4I261TeBOeXzjrmn8xt.jpg">ActivateWindow(videos,&quot;plugin://plugin.video.twoaddons/?url=https%3A%2F%2Fgist.githubusercontent.com%2Fspina777%2F9923d15e660f5ac921804b7287da2644%2Fraw%2F96cf725ab5f76687747ad5b3c06ec9292a9e1937%2F000000&amp;mode=1&amp;name=%5BB%5D%5BCOLOR+blue%5D%E2%97%8F%E2%89%A1+%5B%2FCOLOR%5D+%5BCOLOR+white%5D+SERVIDOR+13+%7C+%5BCOLOR+red%5D+spina%5B%2FCOLOR%5D%5BCOLOR+orange%5Dbr%5B%2FCOLOR%5D%5B%2FB%5D&amp;fanart=http%3A%2F%2Froger1964.antaeus.feralhosting.com%2FMedia%2FPainel%2Fneotvfanart.jpg&quot;,return)</favourite>
	<favourite name="05 ●≡ 7VNX  |  f4mTester" thumb="https://encrypted-tbn0.gstatic.com/images?q=tbn:ANd9GcQiRPH7FhsR3FgscE9TBwx52rjdt5-YfhbCxmULLljrYXXf6Jx3W5W07ciP3cmNpnRhlnE&usqp=CAU" fanart="image://https%3A%2F%2Ft3.ftcdn.net%2Fjpg%2F02%2F65%2F84%2F84%2F360_F_265848464_FKHf4E1tTxVEw4I261TeBOeXzjrmn8xt.jpg">ActivateWindow(videos,&quot;plugin://plugin.video.twoaddons/?url=https%3A%2F%2Fgist.githubusercontent.com%2Fspinabr%2F96464a5491c100aae23671102e7dbd30%2Fraw%2F030b9f36c5b425010177ac6685346792a34eef2a%2Fgistfile2.txt&amp;mode=1&amp;name=%5BB%5D%5BCOLOR+blue%5D%E2%97%8F%E2%89%A1+%5B%2FCOLOR%5D+%5BCOLOR+white%5D+SERVIDOR+13+%7C+%5BCOLOR+red%5D+spina%5B%2FCOLOR%5D%5BCOLOR+orange%5Dbr%5B%2FCOLOR%5D%5B%2FB%5D&amp;fanart=http%3A%2F%2Froger1964.antaeus.feralhosting.com%2FMedia%2FPainel%2Fneotvfanart.jpg&quot;,return)</favourite>
	
	
	
</favourites>






*01- http://7go.xyz:8080/get.php?username=bfw6z9jm&password=pg3jyr8u&type=m3u&output=ts	Active	03/05/2023 11:54:30	03/09/2023 17:54:30	0	2	4	"m3u8","ts"	
https://gist.githubusercontent.com/spina777/9923d15e660f5ac921804b7287da2644/raw/4c8587e8ffe37b9d61b81452f387a88fb11101c1/000000
*02- http://7vnx.xyz:8080/get.php?username=antoniojr51&password=mrtv27xx&type=m3u&output=ts	Active	28/08/2021 14:27:32	13/06/2023 22:52:49	0	1	2	"m3u8","ts"	
https://gist.githubusercontent.com/spinabr/96464a5491c100aae23671102e7dbd30/raw/8f7a087531bac11d27d8b3c77a83dfc386f678ca/gistfile2.txt
*03- http://7vnx.xyz:8080/get.php?username=wlfernandes&password=mrtv09xx&type=m3u&output=ts	Active	16/06/2022 18:04:57	19/08/2023 16:19:44	0	4	2	"m3u8","ts"	
https://gist.githubusercontent.com/spinabr/96464a5491c100aae23671102e7dbd30/raw/8ac0f3327674f931a7159a3eccd2edffd24886df/gistfile2.txt
*04- http://7go.xyz:8080/get.php?username=gustavoghg&password=themrtv2020&type=m3u&output=ts	Active	03/05/2023 11:54:30	03/09/2023 17:54:30	0	0	3	"m3u8","ts"	
https://gist.githubusercontent.com/spina777/9923d15e660f5ac921804b7287da2644/raw/96cf725ab5f76687747ad5b3c06ec9292a9e1937/000000
*05- http://7go.xyz:8080/get.php?username=rvzoeh94&password=eolqnz39&type=m3u&output=ts	Active	23/01/2023 22:27:42	24/07/2023 04:27:42	0	0	2	"m3u8","ts"	
	https://gist.githubusercontent.com/spinabr/96464a5491c100aae23671102e7dbd30/raw/030b9f36c5b425010177ac6685346792a34eef2a/gistfile2.txt
	



http://7go.xyz:8080/get.php?username=beckhausen&password=mrtv19xx&type=m3u&output=ts	Active	18/04/2022 00:10:34	18/09/2023 02:52:02	0	3	3	"m3u8","ts"	
http://7go.xyz:8080/get.php?username=3467867&password=456755&type=m3u&output=ts	Active	18/04/2022 00:10:34	18/09/2023 02:52:02	0	3	3	"m3u8","ts","rtmp"	
http://7go.xyz:8080/get.php?username=rvzoeh94&password=eolqnz39&type=m3u&output=ts	Active	23/01/2023 22:27:42	31/10/2023 13:36:58	0	0	3	"m3u8","ts"	
http://7go.xyz:8080/get.php?username=mousasticoshvily&password=mrtv15xx&type=m3u&output=ts	Active	06/06/2022 17:26:18	06/09/2023 19:41:50	0	2	3	"m3u8","ts"	

http://7go.xyz:8080/get.php?username=deleitv&password=Dele5423&type=m3u&output=ts	Active	18/04/2021 22:42:45	28/12/2023 12:37:46	0	2	3	"m3u8","ts"	
http://7go.xyz:8080/get.php?username=4199771510&password=zma52k&type=m3u&output=ts	Active	21/01/2022 18:13:23	23/09/2023 02:09:35	0	2	2	"m3u8","ts"	
http://7go.xyz:8080/get.php?username=deivissantana&password=mrtv24xx&type=m3u&output=ts	Active	19/04/2022 11:23:28	21/09/2023 21:37:09	0	0	2	"m3u8","ts"	
http://7go.xyz:8080/get.php?username=WebersonCalifornia&password=72bk27b3&type=m3u&output=ts	Active	05/07/2022 20:10:49	24/09/2023 19:58:51	0	1	2	"m3u8","ts"	
http://7go.xyz:8080/get.php?username=8492331671&password=84frtdesh&type=m3u&output=ts	Active	24/05/2022 12:27:29	24/09/2023 18:27:29	0	0	2	"m3u8","ts"	
http://7go.xyz:8080/get.php?username=marceloc1&password=p9qftg&type=m3u&output=ts	Active	17/05/2022 21:07:00	20/09/2023 08:51:25	0	0	2	"m3u8","ts"	
http://7go.xyz:8080/get.php?username=limathiago&password=mrtv16xx00&type=m3u&output=ts	Active	16/04/2022 22:42:43	17/09/2023 16:11:40	0	1	2	"m3u8","ts"	
http://7go.xyz:8080/get.php?username=37476&password=374837&type=m3u&output=ts	Active	18/10/2021 20:16:31	24/10/2023 21:37:27	0	0	2	"m3u8","ts","rtmp"	
http://7go.xyz:8080/get.php?username=nathyvieira73&password=su6r4u6r&type=m3u&output=ts	Active	22/11/2022 22:11:15	23/09/2023 04:11:15	0	0	2	"m3u8","ts"	
http://7go.xyz:8080/get.php?username=anaclaudiagort&password=242422&type=m3u&output=ts	Active	16/06/2021 18:06:59	30/10/2023 11:07:15	0	0	2	"m3u8","ts","rtmp"	
http://7go.xyz:8080/get.php?username=danilox1&password=danilox17&type=m3u&output=ts	Active	21/10/2021 21:01:57	23/09/2023 03:00:00	0	2	2	"m3u8","ts","rtmp"	
http://7go.xyz:8080/get.php?username=MarceloItalia&password=123613&type=m3u&output=ts	Active	07/09/2022 23:35:19	08/08/2023 23:50:00	0	2	2	"m3u8","ts","rtmp"	
http://7go.xyz:8080/get.php?username=antoniojr51&password=mrtv27xx&type=m3u&output=ts	Active	20/06/2022 17:58:01	22/10/2023 20:45:02	0	1	2	"m3u8","ts"	
http://7go.xyz:8080/get.php?username=almiralves&password=Almir200&type=m3u&output=ts	Active	21/10/2021 21:01:57	23/09/2023 03:00:00	0	1	2	"m3u8","ts"	
http://7go.xyz:8080/get.php?username=6799191442&password=37psaq4q&type=m3u&output=ts	Active	07/08/2022 14:35:55	08/09/2023 17:17:15	0	1	2	"m3u8","ts"	
http://7go.xyz:8080/get.php?username=Elvisfermoy&password=57849738&type=m3u&output=ts	Active	08/06/2023 17:45:45	09/09/2023 14:30:45	0	2	2	"ts"	
http://7go.xyz:8080/get.php?username=5512991313469&password=91313469abba&type=m3u&output=ts	Active	16/06/2022 18:04:57	21/09/2023 17:56:28	0	2	2	"m3u8","ts"	
http://7go.xyz:8080/get.php?username=MOwhbucy&password=QR4EkKd8&type=m3u&output=ts	Active	11/05/2023 22:41:29	12/09/2023 15:32:50	0	1	2	"m3u8","ts"	
http://7go.xyz:8080/get.php?username=JulianaToronto&password=ju34an3836&type=m3u&output=ts	Active	17/09/2022 13:24:09	17/09/2023 18:25:34	0	1	2	"m3u8","ts"	
http://7go.xyz:8080/get.php?username=wlfernandes&password=mrtv09xx&type=m3u&output=ts	Active	10/01/2023 23:18:12	24/09/2023 14:18:53	0	1	2	"m3u8","ts"	
http://7go.xyz:8080/get.php?username=2AmUouCm&password=asdurioe8483&type=m3u&output=ts	Active	19/08/2022 14:23:09	08/09/2023 23:41:09	0	3	1	"m3u8","ts"	
http://7go.xyz:8080/get.php?username=2pc5ny1x&password=50cf2ze4&type=m3u&output=ts	Active	14/12/2022 14:04:41	15/12/2023 13:45:42	0	0	1	"m3u8","ts"	
http://7go.xyz:8080/get.php?username=2vv6diogo&password=h3px9pt1&type=m3u&output=ts	Active	02/05/2023 21:32:22	03/09/2023 11:32:36	0	0	1	"m3u8","ts"	
http://7go.xyz:8080/get.php?username=36273&password=439974&type=m3u&output=ts	Active	27/05/2021 10:51:10	28/09/2023 07:41:52	0	1	1	"m3u8","ts","rtmp"	
http://7go.xyz:8080/get.php?username=3492282441&password=Davi1974&type=m3u&output=ts	Active	12/07/2023 15:50:28	06/09/2023 18:06:14	0	0	1	"m3u8","ts"	
http://7go.xyz:8080/get.php?username=brunofelipe&password=98562338945&type=m3u&output=ts	Active	01/03/2022 01:02:35	13/11/2023 17:07:42	0	1	1	"m3u8","ts"	
http://7go.xyz:8080/get.php?username=343543&password=356643&type=m3u&output=ts	Active	26/04/2022 20:21:53	04/01/2024 19:44:17	0	1	1	"m3u8","ts","rtmp"	
http://7go.xyz:8080/get.php?username=3799115837&password=ASSSINE9098&type=m3u&output=ts	Active	13/02/2022 14:34:30	16/02/2024 00:18:44	0	1	1	"m3u8","ts"	
http://7go.xyz:8080/get.php?username=3947938&password=128192899&type=m3u&output=ts	Active	23/07/2022 17:48:19	24/07/2024 20:29:41	0	1	1	"m3u8","ts","rtmp"	
http://7go.xyz:8080/get.php?username=3xi9ugvz&password=4qcm5mwx&type=m3u&output=ts	Active	09/10/2022 13:01:26	11/11/2023 00:30:42	0	0	1	"m3u8","ts"	
http://7go.xyz:8080/get.php?username=4398ab69&password=0c5002bc&type=m3u&output=ts	Active	06/08/2023 05:28:44	06/09/2023 11:28:44	0	0	1	"m3u8","ts"	
http://7go.xyz:8080/get.php?username=3mfdsj2z&password=wbcc43lp&type=m3u&output=ts	Active	14/05/2022 02:15:10	15/12/2023 00:53:58	0	0	1	"m3u8","ts"	
http://7go.xyz:8080/get.php?username=444greivan55&password=asd54124a&type=m3u&output=ts	Active	14/05/2022 02:15:10	15/12/2023 00:53:58	0	1	1	"m3u8","ts"	
http://7go.xyz:8080/get.php?username=448josewda&password=jose448aw3&type=m3u&output=ts	Active	01/11/2021 02:29:19	05/11/2023 19:00:57	0	1	1	"m3u8","ts"	
http://7go.xyz:8080/get.php?username=463746378&password=548383632&type=m3u&output=ts	Active	01/05/2023 18:17:34	03/11/2023 22:16:00	0	1	1	"m3u8","ts","rtmp"	
http://7go.xyz:8080/get.php?username=4791565505&password=58595393&type=m3u&output=ts	Active	01/12/2022 20:11:19	05/11/2023 04:38:04	0	0	1	"m3u8","ts"	
http://7go.xyz:8080/get.php?username=4797435574&password=nos9tari&type=m3u&output=ts	Active	05/04/2022 15:22:32	05/09/2023 22:23:07	0	0	1	"m3u8","ts"	
http://7go.xyz:8080/get.php?username=47sonia6&password=Atfe37mgd&type=m3u&output=ts	Active	15/06/2022 00:34:50	17/09/2023 17:51:06	0	0	1	"m3u8","ts"	
http://7go.xyz:8080/get.php?username=4891373042&password=hook7452&type=m3u&output=ts	Active	20/05/2022 22:44:56	21/09/2023 22:25:05	0	0	1	"m3u8","ts"	
http://7go.xyz:8080/get.php?username=547alex665&password=asd561564a&type=m3u&output=ts	Active	28/03/2023 01:24:37	28/09/2023 07:24:37	0	0	1	"m3u8","ts"	
http://7go.xyz:8080/get.php?username=547natalia541&password=asd54154a&type=m3u&output=ts	Active	23/03/2023 23:10:55	25/11/2023 02:30:07	0	0	1	"m3u8","ts"	
http://7go.xyz:8080/get.php?username=54hfn1&password=lbpzoi&type=m3u&output=ts	Active	13/02/2022 02:30:08	28/08/2023 00:57:39	0	1	1	"m3u8","ts"	
http://7go.xyz:8080/get.php?username=5511994912445&password=ab4912445&type=m3u&output=ts	Active	08/02/2022 17:23:47	29/08/2023 14:14:05	0	0	1	"m3u8","ts"	
http://7go.xyz:8080/get.php?username=dxkpkm&password=kardob&type=m3u&output=ts	Active	25/04/2022 02:27:26	22/10/2023 21:20:25	0	3	1	"m3u8","ts"	
http://7go.xyz:8080/get.php?username=dayanacarvalho&password=dayana2023@&type=m3u&output=ts	Active	26/01/2023 14:02:16	26/08/2023 20:02:16	0	0	1	"m3u8","ts"	
http://7go.xyz:8080/get.php?username=5519989016617&password=989016617&type=m3u&output=ts	Active	18/01/2022 16:03:43	21/01/2024 18:45:53	0	1	1	"m3u8","ts"	
http://7go.xyz:8080/get.php?username=5leandro9825&password=teodoro6538&type=m3u&output=ts	Active	24/05/2022 02:59:34	03/09/2023 18:59:45	0	1	1	"m3u8","ts"	
http://7go.xyz:8080/get.php?username=5521997018095&password=7018gas95ga&type=m3u&output=ts	Active	29/11/2022 20:44:55	02/09/2023 02:44:55	0	1	1	"m3u8","ts"	
http://7go.xyz:8080/get.php?username=5o3qx8t6&password=kxxzpejo&type=m3u&output=ts	Active	09/10/2022 12:00:46	13/11/2023 12:41:59	0	1	1	"m3u8","ts"	
http://7go.xyz:8080/get.php?username=556798521404&password=dnsynty&type=m3u&output=ts	Active	15/04/2023 17:24:16	19/09/2023 23:50:09	0	1	1	"m3u8","ts"	
http://7go.xyz:8080/get.php?username=5xj1hwk6&password=ptr6pdj4&type=m3u&output=ts	Active	01/05/2023 23:41:42	02/11/2023 05:41:42	0	0	1	"m3u8","ts"	
http://7go.xyz:8080/get.php?username=6053faby&password=6053liptv&type=m3u&output=ts	Active	30/03/2023 00:40:47	17/09/2023 00:39:38	0	0	1	"m3u8","ts"	
http://7go.xyz:8080/get.php?username=6196375557m&password=use6196&type=m3u&output=ts	Active	13/03/2022 12:33:20	13/10/2023 02:00:00	0	1	1	"m3u8","ts"	
http://7go.xyz:8080/get.php?username=64k3ggnm&password=h1x3ua1x&type=m3u&output=ts	Active	03/04/2023 20:40:47	04/09/2023 02:40:47	0	0	1	"m3u8","ts"	
http://7go.xyz:8080/get.php?username=6662476397&password=1451235919&type=m3u&output=ts	Active	14/07/2022 19:44:02	16/09/2023 00:34:15	0	0	1	"m3u8","ts"	
http://7go.xyz:8080/get.php?username=24988393589&password=a24988393&type=m3u&output=ts	Active	03/06/2022 21:36:40	07/09/2023 22:56:13	0	0	1	"m3u8","ts"	
http://7go.xyz:8080/get.php?username=66qyvt9c&password=t7okmwnt&type=m3u&output=ts	Active	22/04/2023 20:02:26	01/09/2023 14:42:01	0	0	1	"m3u8","ts"	
http://7go.xyz:8080/get.php?username=68leandro1&password=wudg26bhk&type=m3u&output=ts	Active	28/06/2022 17:29:52	28/09/2023 17:29:52	0	0	1	"m3u8","ts"	
http://7go.xyz:8080/get.php?username=72xrmm&password=5yqno7&type=m3u&output=ts	Active	15/02/2022 23:13:45	01/09/2023 23:46:17	0	1	1	"m3u8","ts"	
http://7go.xyz:8080/get.php?username=72m9u9yu&password=den7gw4u&type=m3u&output=ts	Active	29/04/2023 23:24:10	01/09/2023 01:52:27	0	1	1	"m3u8","ts"	
http://7go.xyz:8080/get.php?username=7533564de6&password=Ute536466&type=m3u&output=ts	Active	09/11/2022 21:52:23	20/09/2023 19:26:26	0	0	1	"m3u8","ts"	
http://7go.xyz:8080/get.php?username=6y9heabz&password=n934um9s&type=m3u&output=ts	Active	11/03/2023 00:10:07	11/09/2023 06:10:07	0	0	1	"m3u8","ts"	
http://7go.xyz:8080/get.php?username=7s3273n5&password=goljxs33&type=m3u&output=ts	Active	08/11/2022 19:36:03	09/11/2023 01:36:03	0	1	1	"m3u8","ts"	
http://7go.xyz:8080/get.php?username=8187429379&password=use29379&type=m3u&output=ts	Active	08/11/2022 19:36:03	09/11/2023 01:36:03	0	0	1	"m3u8","ts"	
http://7go.xyz:8080/get.php?username=8110713448978&password=0543856891828&type=m3u&output=ts	Active	03/05/2023 17:55:27	06/09/2023 18:16:37	0	0	1	"m3u8","ts"	
http://7go.xyz:8080/get.php?username=8399860260&password=a8399860&type=m3u&output=ts	Active	16/03/2022 12:24:30	16/10/2023 18:24:30	0	1	1	"m3u8","ts"	
http://7go.xyz:8080/get.php?username=8581155638&password=use1556m&type=m3u&output=ts	Active	01/03/2022 17:40:57	03/03/2024 17:31:31	0	2	1	"m3u8","ts"	
http://7go.xyz:8080/get.php?username=8juaqlbw&password=sybf75ix&type=m3u&output=ts	Active	10/02/2023 11:44:17	10/09/2023 17:44:17	0	0	1	"m3u8","ts"	
http://7go.xyz:8080/get.php?username=874pxqy1&password=pw3qi22w&type=m3u&output=ts	Active	03/05/2023 23:05:58	04/09/2023 13:50:21	0	1	1	"m3u8","ts"	
http://7go.xyz:8080/get.php?username=918373tiago&password=7399pere&type=m3u&output=ts	Active	18/10/2022 21:43:59	05/09/2023 00:11:48	0	0	1	"m3u8","ts"	
http://7go.xyz:8080/get.php?username=9284609581&password=useplay9284&type=m3u&output=ts	Active	18/02/2022 13:02:44	17/09/2023 22:45:12	0	0	1	"m3u8","ts"	
http://7go.xyz:8080/get.php?username=91515118&password=94642509&type=m3u&output=ts	Active	13/12/2021 16:15:13	01/01/0001 00:00:00	0	1	1	"m3u8","ts"	
http://7go.xyz:8080/get.php?username=97564juliana&password=2606teste&type=m3u&output=ts	Active	13/08/2022 16:22:14	13/09/2023 22:22:14	0	1	1	"m3u8","ts"	
http://7go.xyz:8080/get.php?username=9ma4e8&password=ma8q17&type=m3u&output=ts	Active	31/08/2022 21:14:18	02/09/2023 18:32:56	0	0	1	"m3u8","ts"	
http://7go.xyz:8080/get.php?username=9801samuel&password=6257silva&type=m3u&output=ts	Active	31/08/2022 21:14:18	02/09/2023 18:32:56	0	0	1	"m3u8","ts"	
http://7go.xyz:8080/get.php?username=9um3aepu&password=zsia7i2n&type=m3u&output=ts	Active	16/08/2022 15:48:36	25/09/2023 23:07:24	0	1	1	"m3u8","ts"	
http://7go.xyz:8080/get.php?username=AKIRA_01X&password=Akira123@&type=m3u&output=ts	Active	10/01/2023 16:28:20	11/10/2023 22:25:38	0	0	1	"m3u8","ts"	
http://7go.xyz:8080/get.php?username=ADETXGYS&password=DETSGHDY&type=m3u&output=ts	Active	26/10/2022 12:28:43	07/11/2023 17:15:05	0	1	1	"m3u8","ts"	
http://7go.xyz:8080/get.php?username=ANAPAULA40&password=749274918&type=m3u&output=ts	Active	04/12/2022 16:36:06	06/09/2023 11:10:59	0	1	1	"m3u8","ts"	
http://7go.xyz:8080/get.php?username=2YE6EG3YEGE&password=RHDYRVDYEV&type=m3u&output=ts	Active	08/08/2022 18:39:18	20/10/2023 18:08:24	0	1	1	"m3u8","ts"	
http://7go.xyz:8080/get.php?username=Abraao21&password=Abraao31&type=m3u&output=ts	Active	17/04/2022 15:04:53	04/09/2023 00:56:31	0	0	1	"m3u8","ts"	
http://7go.xyz:8080/get.php?username=Alinefire&password=sevenbox0903&type=m3u&output=ts	Active	09/03/2023 20:57:43	10/09/2023 16:45:55	0	1	1	"m3u8","ts"	
http://7go.xyz:8080/get.php?username=Alsjr10SC&password=User376254Sjr&type=m3u&output=ts	Active	07/06/2022 21:39:31	14/09/2023 17:48:39	0	0	1	"m3u8","ts"	
http://7go.xyz:8080/get.php?username=Alicya11&password=8162ma2504@&type=m3u&output=ts	Active	07/06/2022 21:39:31	14/09/2023 17:48:39	0	2	1	"m3u8","ts"	
http://7go.xyz:8080/get.php?username=Caldeira22&password=221129calde&type=m3u&output=ts	Active	29/11/2022 13:33:37	01/09/2023 18:08:43	0	1	1	"m3u8","ts"	
http://7go.xyz:8080/get.php?username=Carlos2023&password=Carlosgd02&type=m3u&output=ts	Active	18/02/2023 13:27:07	18/09/2023 13:27:07	0	1	1	"m3u8","ts"	
http://7go.xyz:8080/get.php?username=Carlos5738&password=7736482910&type=m3u&output=ts	Active	22/07/2023 04:39:32	22/09/2023 21:24:06	0	0	1	"m3u8","ts"	
http://7go.xyz:8080/get.php?username=CarlosMartins7&password=Tgap324dr&type=m3u&output=ts	Active	17/09/2021 01:59:18	25/05/2023 22:05:28	0	0	1	"m3u8","ts"	
http://7go.xyz:8080/get.php?username=Diegoind04&password=Xc4791393522&type=m3u&output=ts	Active	02/04/2023 15:51:45	02/09/2023 21:53:26	0	0	1	"m3u8","ts"	
http://7go.xyz:8080/get.php?username=DigoLondresFC&password=87fysduh43d&type=m3u&output=ts	Active	02/04/2023 15:51:45	02/09/2023 21:53:26	0	1	1	"m3u8","ts"	
http://7go.xyz:8080/get.php?username=Deborafloripa&password=Floripadebora&type=m3u&output=ts	Active	15/06/2021 23:49:30	27/12/2023 14:33:30	0	1	1	"m3u8","ts"	
http://7go.xyz:8080/get.php?username=DivinoCruzSaoPaulo&password=spt73tveb&type=m3u&output=ts	Active	18/06/2022 23:14:35	19/09/2023 12:22:45	0	1	1	"m3u8","ts"	
http://7go.xyz:8080/get.php?username=DennisPatersonFC&password=j43k24a432vds&type=m3u&output=ts	Active	31/07/2023 14:42:38	31/08/2023 20:42:38	0	1	1	"m3u8","ts"	
http://7go.xyz:8080/get.php?username=Diegoind&password=4791393522&type=m3u&output=ts	Active	02/12/2022 10:41:30	02/09/2023 20:13:02	0	0	1	"m3u8","ts"	
http://7go.xyz:8080/get.php?username=Ed2203&password=43re56h&type=m3u&output=ts	Active	21/04/2023 10:42:32	22/09/2023 18:37:12	0	0	1	"m3u8","ts"	
http://7go.xyz:8080/get.php?username=erika009&password=erika153624&type=m3u&output=ts	Active	06/05/2023 22:25:29	08/09/2023 16:25:55	0	0	1	"m3u8","ts"	
http://7go.xyz:8080/get.php?username=Fabricioccristal&password=fabricio@2023&type=m3u&output=ts	Active	07/05/2023 14:15:18	06/09/2023 17:58:50	0	1	1	"m3u8","ts"	
http://7go.xyz:8080/get.php?username=FabricioPedro&password=rzg1Q7hy&type=m3u&output=ts	Active	09/07/2022 12:47:19	16/09/2023 22:05:50	0	0	1	"m3u8","ts"	
http://7go.xyz:8080/get.php?username=Fabson2888&password=fabson88&type=m3u&output=ts	Active	26/07/2022 17:09:23	29/08/2023 23:11:24	0	1	1	"m3u8","ts"	
http://7go.xyz:8080/get.php?username=Fagnerpaula&password=5qwxq3e4&type=m3u&output=ts	Active	26/07/2022 17:09:23	29/08/2023 23:11:24	0	1	1	"m3u8","ts"	
http://7go.xyz:8080/get.php?username=Fernanda012&password=Q1wert5y&type=m3u&output=ts	Active	21/09/2022 16:20:12	10/09/2023 21:39:16	0	1	1	"m3u8","ts"	
http://7go.xyz:8080/get.php?username=G4RDD6GFY&password=UGW7WVW&type=m3u&output=ts	Active	21/09/2022 16:20:12	10/09/2023 21:39:16	0	0	1	"m3u8","ts"	
http://7go.xyz:8080/get.php?username=GeiltonRO3&password=13237391&type=m3u&output=ts	Active	19/08/2022 22:51:55	22/09/2023 19:43:35	0	0	1	"m3u8","ts"	
http://7go.xyz:8080/get.php?username=GALILEU&password=8762674848&type=m3u&output=ts	Active	05/06/2022 19:33:35	08/09/2023 22:41:22	0	0	1	"m3u8","ts"	
http://7go.xyz:8080/get.php?username=Filipe5&password=13237391&type=m3u&output=ts	Active	09/10/2022 21:31:41	16/09/2023 19:46:56	0	0	1	"m3u8","ts"	
http://7go.xyz:8080/get.php?username=FrancieleSouzaEUA&password=9dh38jd97&type=m3u&output=ts	Active	05/06/2022 16:14:02	13/09/2023 02:45:09	0	2	1	"m3u8","ts"	
http://7go.xyz:8080/get.php?username=Garcia080&password=9bru5jgo&type=m3u&output=ts	Active	10/12/2022 17:01:53	14/11/2023 13:16:39	0	2	1	"m3u8","ts"	
http://7go.xyz:8080/get.php?username=GersonAdrianoBH&password=mgt89334&type=m3u&output=ts	Active	05/06/2022 23:26:32	11/09/2023 23:25:05	0	0	1	"m3u8","ts"	
http://7go.xyz:8080/get.php?username=Hiago123&password=xxs4347&type=m3u&output=ts	Active	06/09/2022 16:16:27	07/09/2023 15:37:33	0	1	1	"m3u8","ts"	
http://7go.xyz:8080/get.php?username=JairRAMALHO14&password=adhLL1Rw&type=m3u&output=ts	Active	10/03/2023 20:45:35	11/09/2023 13:44:00	0	0	1	"m3u8","ts"	
http://7go.xyz:8080/get.php?username=JOAOPEDRO&password=081996350932&type=m3u&output=ts	Active	10/03/2023 20:45:35	11/09/2023 13:44:00	0	1	1	"m3u8","ts"	
http://7go.xyz:8080/get.php?username=Humberto38&password=Humberto0238&type=m3u&output=ts	Active	10/06/2022 23:07:30	11/09/2023 05:07:30	0	0	1	"m3u8","ts"	
http://7go.xyz:8080/get.php?username=Jessica22&password=96801cl&type=m3u&output=ts	Active	27/02/2023 22:21:21	30/08/2023 03:11:36	0	0	1	"m3u8","ts"	
http://7go.xyz:8080/get.php?username=Jorge221r&password=3fh74w7h&type=m3u&output=ts	Active	30/09/2022 18:54:59	15/09/2023 21:32:19	0	1	1	"m3u8","ts"	
http://7go.xyz:8080/get.php?username=Josijoia&password=awd8p3y1&type=m3u&output=ts	Active	14/02/2022 12:05:35	24/09/2023 21:38:55	0	0	1	"m3u8","ts"	
http://7go.xyz:8080/get.php?username=Jose22&password=Jneto2022&type=m3u&output=ts	Active	08/10/2022 12:22:48	09/10/2023 16:25:01	0	1	1	"m3u8","ts"	
http://7go.xyz:8080/get.php?username=c432404339&password=s883735847&type=m3u&output=ts	Active	27/10/2022 14:45:57	27/09/2023 21:48:26	0	1	1	"m3u8","ts"	
http://7go.xyz:8080/get.php?username=Leidi202&password=765521200&type=m3u&output=ts	Active	26/02/2023 02:12:12	01/09/2023 11:56:50	0	1	1	"m3u8","ts"	
http://7go.xyz:8080/get.php?username=Lucasbarroso&password=Lucas1020&type=m3u&output=ts	Active	05/11/2022 04:09:22	06/09/2023 20:18:51	0	1	1	"m3u8","ts"	
http://7go.xyz:8080/get.php?username=helentvz&password=63738304&type=m3u&output=ts	Active	17/07/2022 21:18:05	15/09/2023 12:31:13	0	0	1	"m3u8","ts"	
http://7go.xyz:8080/get.php?username=Michele27slps&password=a4ac6jyt&type=m3u&output=ts	Active	18/04/2023 15:05:12	24/09/2023 00:16:02	0	1	1	"m3u8","ts"	
http://7go.xyz:8080/get.php?username=NandoVasconcelos&password=Nandinho13&type=m3u&output=ts	Active	06/10/2022 01:40:05	06/09/2023 15:26:55	0	1	1	"m3u8","ts"	
http://7go.xyz:8080/get.php?username=Paulacabrobo&password=Paula2023&type=m3u&output=ts	Active	29/04/2023 22:44:45	02/09/2023 01:31:56	0	0	1	"m3u8","ts"	
http://7go.xyz:8080/get.php?username=Rafael1598&password=xtream0110&type=m3u&output=ts	Active	05/04/2023 11:09:02	07/09/2023 11:07:19	0	0	1	"m3u8","ts"	
http://7go.xyz:8080/get.php?username=Pauloroberto815069&password=roberto5069&type=m3u&output=ts	Active	02/08/2023 21:19:13	03/10/2023 03:19:13	0	1	1	"m3u8","ts"	
http://7go.xyz:8080/get.php?username=Pedrolameck&password=nHFPr3UR&type=m3u&output=ts	Active	16/06/2022 16:39:27	19/09/2023 06:01:28	0	0	1	"m3u8","ts"	
http://7go.xyz:8080/get.php?username=RafaelVancouverFC&password=r4fga234fsda&type=m3u&output=ts	Active	25/05/2022 01:25:50	07/09/2023 21:08:15	0	0	1	"m3u8","ts"	
http://7go.xyz:8080/get.php?username=Robinho1984&password=1984iptv&type=m3u&output=ts	Active	25/08/2023 02:24:15	25/09/2023 02:24:15	0	1	1	"m3u8","ts"	
http://7go.xyz:8080/get.php?username=TR6EG3YD7&password=EHD6EG3E&type=m3u&output=ts	Active	08/08/2022 18:33:16	26/10/2023 21:52:30	0	0	1	"m3u8","ts"	
http://7go.xyz:8080/get.php?username=ThiagoLagosPortugal&password=nrtpt38bs&type=m3u&output=ts	Active	09/07/2022 16:47:51	09/09/2023 23:28:56	0	1	1	"m3u8","ts"	
http://7go.xyz:8080/get.php?username=UUS7SUHGS&password=UHS7SUSJFS&type=m3u&output=ts	Active	06/10/2022 15:26:47	07/10/2023 00:34:20	0	1	1	"m3u8","ts"	
http://7go.xyz:8080/get.php?username=VictorPR6&password=13237391&type=m3u&output=ts	Active	31/08/2022 14:20:08	09/09/2023 20:47:56	0	0	1	"m3u8","ts"	
http://7go.xyz:8080/get.php?username=alana6589&password=556677hs66&type=m3u&output=ts	Active	09/05/2023 10:00:09	09/09/2023 16:00:09	0	0	1	"m3u8","ts"	
http://7go.xyz:8080/get.php?username=alealves7te&password=iptv2023&type=m3u&output=ts	Active	20/02/2023 12:30:33	21/09/2023 01:34:11	0	1	1	"m3u8","ts"	
http://7go.xyz:8080/get.php?username=amandamaia&password=u67wqjfl&type=m3u&output=ts	Active	01/02/2023 17:11:18	03/09/2023 23:54:37	0	0	1	"m3u8","ts"	
http://7go.xyz:8080/get.php?username=ana6974&password=lopes6414&type=m3u&output=ts	Active	28/03/2022 11:32:09	02/09/2023 13:47:54	0	1	1	"m3u8","ts"	
http://7go.xyz:8080/get.php?username=amarantelucas&password=amarante&type=m3u&output=ts	Active	04/12/2021 00:39:12	02/09/2023 16:29:01	0	1	1	"m3u8","ts"	
http://7go.xyz:8080/get.php?username=flaviane23748&password=362473&type=m3u&output=ts	Active	12/08/2021 14:42:24	18/02/2024 19:47:25	0	0	1	"m3u8","ts","rtmp"	
http://7go.xyz:8080/get.php?username=jaquelinesp8420&password=seven6751&type=m3u&output=ts	Active	08/05/2023 17:06:45	10/09/2023 23:57:10	0	0	1	"m3u8","ts"	
http://7go.xyz:8080/get.php?username=2326367&password=323448&type=m3u&output=ts	Active	31/07/2021 08:36:12	26/09/2023 11:44:07	0	0	1	"m3u8","ts","rtmp"	
http://7go.xyz:8080/get.php?username=AlbertoLojaLg55&password=50169518&type=m3u&output=ts	Active	01/12/2022 10:48:49	28/08/2023 20:59:34	0	1	1	"m3u8","ts"	
http://7go.xyz:8080/get.php?username=jesaias&password=Denice012023&type=m3u&output=ts	Active	05/05/2023 16:08:58	08/09/2023 20:08:49	0	0	1	"m3u8","ts"	
http://7go.xyz:8080/get.php?username=taynagutterres&password=982451290&type=m3u&output=ts	Active	07/01/2022 21:45:41	28/08/2023 03:34:29	0	0	1	"m3u8","ts"	
http://7go.xyz:8080/get.php?username=27388627&password=383838&type=m3u&output=ts	Active	26/12/2021 21:23:22	20/10/2023 19:20:04	0	1	1	"m3u8","ts","rtmp"	
http://7go.xyz:8080/get.php?username=antoniov442&password=ecxx3ndr&type=m3u&output=ts	Active	07/05/2023 16:24:48	08/09/2023 21:28:23	0	1	1	"m3u8","ts"	
http://7go.xyz:8080/get.php?username=Andre2763&password=827464527&type=m3u&output=ts	Active	09/12/2022 13:53:54	07/09/2023 23:00:13	0	1	1	"m3u8","ts"	
http://7go.xyz:8080/get.php?username=Bryanprivatti1&password=4ve67bnj&type=m3u&output=ts	Active	09/12/2022 13:53:54	07/09/2023 23:00:13	0	0	1	"m3u8","ts"	
http://7go.xyz:8080/get.php?username=zxb5pZsv&password=bLdPEYR6&type=m3u&output=ts	Active	20/06/2022 22:29:45	17/12/2023 20:42:54	0	2	1	"m3u8","ts"	
http://7go.xyz:8080/get.php?username=leandrobr8923&password=gahe9273&type=m3u&output=ts	Active	09/01/2022 14:35:24	11/09/2023 18:08:51	0	0	1	"m3u8","ts"	
http://7go.xyz:8080/get.php?username=leozezin11&password=gptmar20&type=m3u&output=ts	Active	10/04/2023 22:13:36	11/09/2023 04:13:36	0	0	1	"m3u8","ts"	
http://7go.xyz:8080/get.php?username=b5qqyr6v&password=qppnrmb4&type=m3u&output=ts	Active	21/01/2023 17:40:38	21/09/2023 23:48:45	0	0	1	"m3u8","ts"	
http://7go.xyz:8080/get.php?username=b637jjvu&password=ixfk4ejd&type=m3u&output=ts	Active	03/05/2023 15:53:34	09/09/2023 14:59:27	0	0	1	"m3u8","ts"	
http://7go.xyz:8080/get.php?username=bg2090&password=6768946&type=m3u&output=ts	Active	25/03/2023 20:21:06	01/09/2023 22:03:41	0	0	1	"m3u8","ts"	
http://7go.xyz:8080/get.php?username=biancamoreira&password=7lcqpyn8&type=m3u&output=ts	Active	13/03/2023 23:15:21	22/09/2023 23:43:40	0	1	1	"m3u8","ts"	
http://7go.xyz:8080/get.php?username=clientevip&password=20222023@1&type=m3u&output=ts	Active	19/08/2022 00:04:07	06/09/2023 19:13:17	0	2	1	"m3u8","ts"	
http://7go.xyz:8080/get.php?username=brunoportvz&password=b5bpeopc&type=m3u&output=ts	Active	19/08/2022 00:04:07	06/09/2023 19:13:17	0	0	1	"m3u8","ts"	
http://7go.xyz:8080/get.php?username=brunocosta&password=bruno2023@&type=m3u&output=ts	Active	18/10/2022 19:26:09	21/09/2023 23:33:52	0	0	1	"m3u8","ts"	
http://7go.xyz:8080/get.php?username=d84tkpiu&password=7q6n6irl&type=m3u&output=ts	Active	18/10/2022 19:26:09	21/09/2023 23:33:52	0	0	1	"m3u8","ts"	
http://7go.xyz:8080/get.php?username=zwmxjhw4&password=63icx2uf&type=m3u&output=ts	Active	12/12/2022 15:14:26	12/09/2023 21:14:26	0	1	1	"m3u8","ts"	
http://7go.xyz:8080/get.php?username=c0vajfvp&password=shhn40gr&type=m3u&output=ts	Active	29/08/2022 23:41:37	14/09/2023 19:53:13	0	0	1	"m3u8","ts"	
http://7go.xyz:8080/get.php?username=bubasansil&password=@13178791@&type=m3u&output=ts	Active	29/08/2022 23:41:37	14/09/2023 19:53:13	0	0	1	"m3u8","ts"	
http://7go.xyz:8080/get.php?username=creisin157007&password=Abx157007@&type=m3u&output=ts	Active	30/06/2022 20:58:44	07/09/2023 22:25:21	0	1	1	"m3u8","ts"	
http://7go.xyz:8080/get.php?username=btvGpKvY&password=ZU1qGau4&type=m3u&output=ts	Active	16/07/2022 16:14:30	09/10/2023 13:57:59	0	0	1	"m3u8","ts"	
http://7go.xyz:8080/get.php?username=brunoleite&password=mrtv14xx&type=m3u&output=ts	Active	18/04/2022 00:18:40	18/09/2023 20:38:01	0	0	1	"m3u8","ts"	
http://7go.xyz:8080/get.php?username=christianopereira&password=superflix22&type=m3u&output=ts	Active	17/12/2022 00:10:12	07/09/2023 15:17:02	0	0	1	"m3u8","ts"	
http://7go.xyz:8080/get.php?username=valdecirponto02&password=xmiY3CDF&type=m3u&output=ts	Active	25/08/2022 23:52:18	06/09/2023 18:13:54	0	0	1	"m3u8","ts"	
http://7go.xyz:8080/get.php?username=yt62u8ff&password=5kue3d6q&type=m3u&output=ts	Active	21/04/2023 16:12:14	21/09/2023 22:12:14	0	0	1	"m3u8","ts"	
http://7go.xyz:8080/get.php?username=xmdbeu8r&password=zvkeqny0&type=m3u&output=ts	Active	05/05/2023 23:07:51	09/11/2023 18:29:11	0	0	1	"m3u8","ts"	
http://7go.xyz:8080/get.php?username=denisestam2&password=982451290&type=m3u&output=ts	Active	02/09/2021 23:48:28	07/09/2023 20:15:32	0	1	1	"m3u8","ts"	
http://7go.xyz:8080/get.php?username=dias192&password=fiw549&type=m3u&output=ts	Active	25/02/2022 01:25:47	25/09/2023 07:25:47	0	0	1	"m3u8","ts"	
http://7go.xyz:8080/get.php?username=divonciruk&password=25325&type=m3u&output=ts	Active	19/10/2021 18:41:08	23/02/2024 19:47:35	0	1	1	"m3u8","ts","rtmp"	
http://7go.xyz:8080/get.php?username=diniz01&password=991194019&type=m3u&output=ts	Active	28/08/2021 01:19:27	03/09/2023 17:10:18	0	1	1	"m3u8","ts"	
http://7go.xyz:8080/get.php?username=douglasamanc&password=vmyr672p&type=m3u&output=ts	Active	18/05/2021 20:46:06	30/01/2024 22:50:01	0	1	1	"m3u8","ts","rtmp"	
http://7go.xyz:8080/get.php?username=diegocarvalho&password=2021diego&type=m3u&output=ts	Active	17/08/2021 00:36:54	08/09/2023 00:21:28	0	1	1	"m3u8","ts"	
http://7go.xyz:8080/get.php?username=zrpy3jbl&password=1jktb27z&type=m3u&output=ts	Active	19/04/2023 01:47:01	14/09/2023 20:35:02	0	0	1	"m3u8","ts"	
http://7go.xyz:8080/get.php?username=xicusvu1&password=o9qoez2q&type=m3u&output=ts	Active	22/09/2022 01:54:26	30/08/2023 20:02:23	0	0	1	"m3u8","ts"	
http://7go.xyz:8080/get.php?username=e5i2jg&password=3qt7pr&type=m3u&output=ts	Active	07/12/2021 19:54:15	30/11/2023 01:04:15	0	0	1	"m3u8","ts"	
http://7go.xyz:8080/get.php?username=denisevanessa&password=982451290&type=m3u&output=ts	Active	02/09/2021 23:49:40	07/09/2023 20:15:38	0	1	1	"m3u8","ts"	
http://7go.xyz:8080/get.php?username=e54ill&password=38tvl8&type=m3u&output=ts	Active	10/12/2021 18:40:29	09/10/2023 17:52:29	0	1	1	"m3u8","ts"	
http://7go.xyz:8080/get.php?username=edzln0uy&password=wl4as9oc&type=m3u&output=ts	Active	14/04/2023 04:25:44	14/01/2024 19:14:15	0	1	1	"m3u8","ts"	
http://7go.xyz:8080/get.php?username=edilsonribeiro&password=40407070&type=m3u&output=ts	Active	16/03/2022 01:09:02	17/10/2023 15:09:39	0	1	1	"m3u8","ts"	
http://7go.xyz:8080/get.php?username=edsuzu816923&password=8169edsuzu23&type=m3u&output=ts	Active	06/04/2023 17:13:26	06/10/2023 23:13:26	0	0	1	"m3u8","ts"	
http://7go.xyz:8080/get.php?username=ek10ac8h&password=eobwovp0&type=m3u&output=ts	Active	06/04/2023 17:13:26	06/10/2023 23:13:26	0	0	1	"m3u8","ts"	
http://7go.xyz:8080/get.php?username=eliseu65&password=4323edsa&type=m3u&output=ts	Active	13/05/2023 09:12:19	13/09/2023 15:12:19	0	1	1	"m3u8","ts"	
http://7go.xyz:8080/get.php?username=engrafael&password=rafael210522&type=m3u&output=ts	Active	21/05/2022 17:00:37	07/09/2023 18:47:48	0	2	1	"m3u8","ts"	
http://7go.xyz:8080/get.php?username=esposa&password=fabiana07&type=m3u&output=ts	Active	22/05/2022 15:35:03	20/09/2023 21:08:16	0	0	1	"m3u8","ts"	
http://7go.xyz:8080/get.php?username=marcelo2154&password=416578&type=m3u&output=ts	Active	19/12/2022 22:17:22	02/09/2023 17:55:52	0	0	1	"m3u8","ts"	
http://7go.xyz:8080/get.php?username=eron83629&password=sousa286394&type=m3u&output=ts	Active	26/05/2022 19:12:34	27/05/2023 01:12:34	0	1	1	"m3u8","ts"	
http://7go.xyz:8080/get.php?username=f0ntzrm&password=vth77m0&type=m3u&output=ts	Active	07/05/2023 13:57:19	15/09/2023 22:11:33	0	0	1	"m3u8","ts"	
http://7go.xyz:8080/get.php?username=f2h4s0bv&password=hn2y8e88&type=m3u&output=ts	Active	02/10/2022 17:08:19	02/09/2023 23:08:19	0	0	1	"m3u8","ts"	
http://7go.xyz:8080/get.php?username=falima&password=mrtv10xx&type=m3u&output=ts	Active	24/05/2022 14:05:00	24/11/2023 14:05:00	0	0	1	"m3u8","ts"	
http://7go.xyz:8080/get.php?username=fer1997&password=19970409fer&type=m3u&output=ts	Active	18/02/2023 17:43:22	22/09/2023 13:11:37	0	0	1	"m3u8","ts"	
http://7go.xyz:8080/get.php?username=falcon&password=a1zb4348&type=m3u&output=ts	Active	07/04/2023 17:58:41	07/11/2023 23:58:41	0	1	1	"m3u8","ts"	
http://7go.xyz:8080/get.php?username=fabioalexandre&password=fba827479&type=m3u&output=ts	Active	31/07/2023 20:15:48	01/10/2023 20:15:48	0	0	1	"m3u8","ts"	
http://7go.xyz:8080/get.php?username=oMBo7fMq&password=LI3V4Voi&type=m3u&output=ts	Active	03/06/2022 01:04:59	08/09/2023 23:25:56	0	0	1	"m3u8","ts"	
http://7go.xyz:8080/get.php?username=fontoura&password=flaviofontoura&type=m3u&output=ts	Active	13/03/2023 23:02:12	14/09/2023 16:11:44	0	0	1	"m3u8","ts"	
http://7go.xyz:8080/get.php?username=gilson1weliptv&password=994180675&type=m3u&output=ts	Active	07/05/2023 18:21:15	08/09/2023 00:21:15	0	0	1	"m3u8","ts"	
http://7go.xyz:8080/get.php?username=gleissontvz&password=1645450&type=m3u&output=ts	Active	12/10/2022 13:45:28	13/09/2023 13:58:43	0	0	1	"m3u8","ts"	
http://7go.xyz:8080/get.php?username=g24vrf&password=xtl7js&type=m3u&output=ts	Active	27/11/2021 04:49:39	14/12/2023 01:16:43	0	0	1	"m3u8","ts"	
http://7go.xyz:8080/get.php?username=zblws4oe&password=xhpj9hjf&type=m3u&output=ts	Active	09/05/2023 01:32:05	10/11/2023 01:07:03	0	1	1	"m3u8","ts"	
http://7go.xyz:8080/get.php?username=ihqpc8cq&password=5fnklpov&type=m3u&output=ts	Active	25/02/2023 10:58:31	30/08/2023 22:30:42	0	0	1	"m3u8","ts"	
http://7go.xyz:8080/get.php?username=iaraiptv&password=Iptviara&type=m3u&output=ts	Active	21/04/2022 13:23:13	28/10/2023 01:25:05	0	1	1	"m3u8","ts"	
http://7go.xyz:8080/get.php?username=i2tjfy&password=9lvksx&type=m3u&output=ts	Active	21/04/2022 13:23:13	28/10/2023 01:25:05	0	3	1	"m3u8","ts"	
http://7go.xyz:8080/get.php?username=jairopt58&password=34mp3g&type=m3u&output=ts	Active	11/03/2022 13:45:44	15/09/2023 21:26:33	0	3	1	"m3u8","ts"	
http://7go.xyz:8080/get.php?username=thalitatvz&password=4164545640&type=m3u&output=ts	Active	09/08/2022 11:14:19	07/09/2023 18:09:16	0	1	1	"m3u8","ts"	
http://7go.xyz:8080/get.php?username=mariajoanatvz&password=564654560&type=m3u&output=ts	Active	23/08/2022 23:10:27	18/09/2023 23:08:49	0	1	1	"m3u8","ts"	
http://7go.xyz:8080/get.php?username=ursula2920p2&password=9840234781&type=m3u&output=ts	Active	22/04/2023 17:38:36	27/08/2023 23:49:04	0	0	1	"m3u8","ts"	
http://7go.xyz:8080/get.php?username=jonestvz2&password=o5xjci61&type=m3u&output=ts	Active	22/06/2022 16:16:32	05/09/2023 23:38:25	0	0	1	"m3u8","ts"	
http://7go.xyz:8080/get.php?username=vtdoy7ip&password=2udorpe3&type=m3u&output=ts	Active	20/04/2023 22:14:10	21/09/2023 18:33:34	0	0	1	"m3u8","ts"	
http://7go.xyz:8080/get.php?username=obedybengala&password=up2021tv&type=m3u&output=ts	Active	20/06/2022 15:48:45	20/09/2023 16:04:27	0	0	1	"m3u8","ts"	
http://7go.xyz:8080/get.php?username=keila91672855&password=91672855keila&type=m3u&output=ts	Active	22/08/2022 22:45:24	05/09/2023 14:13:41	0	1	1	"m3u8","ts"	
http://7go.xyz:8080/get.php?username=josemariatv&password=superflix22&type=m3u&output=ts	Active	08/07/2022 18:02:20	08/04/2024 18:02:20	0	2	1	"m3u8","ts"	
http://7go.xyz:8080/get.php?username=qpcnemw2&password=wev82b4l&type=m3u&output=ts	Active	04/03/2023 14:56:16	05/09/2023 02:01:18	0	0	1	"m3u8","ts"	
http://7go.xyz:8080/get.php?username=ju7856&password=fastplay10&type=m3u&output=ts	Active	23/04/2023 15:40:59	23/09/2023 21:40:58	0	0	1	"m3u8","ts"	
http://7go.xyz:8080/get.php?username=optvmaria032&password=BWJ1DfQQ&type=m3u&output=ts	Active	04/07/2022 14:49:52	04/09/2023 20:49:52	0	0	1	"m3u8","ts"	
http://7go.xyz:8080/get.php?username=juniorpersonal&password=982451290&type=m3u&output=ts	Active	03/08/2021 00:24:39	09/09/2023 17:01:56	0	3	1	"m3u8","ts"	
http://7go.xyz:8080/get.php?username=panzinha01&password=xv6lcsns&type=m3u&output=ts	Active	07/02/2023 00:58:19	20/09/2023 19:47:42	0	0	1	"m3u8","ts"	
http://7go.xyz:8080/get.php?username=kl9mwb&password=202ebb&type=m3u&output=ts	Active	10/05/2021 22:01:59	28/08/2023 02:01:07	0	1	1	"m3u8","ts"	
http://7go.xyz:8080/get.php?username=l9tw9ipc&password=q2hr8nl5&type=m3u&output=ts	Active	21/10/2022 17:33:31	22/10/2023 16:59:11	0	0	1	"m3u8","ts"	
http://7go.xyz:8080/get.php?username=paulamanda&password=10204030&type=m3u&output=ts	Active	26/09/2021 23:43:23	02/09/2023 01:38:23	0	0	1	"m3u8","ts"	
http://7go.xyz:8080/get.php?username=lawanafelixsc5902&password=seven2680&type=m3u&output=ts	Active	02/01/2023 03:05:42	03/09/2023 13:45:39	0	0	1	"m3u8","ts"	
http://7go.xyz:8080/get.php?username=zevitor318@gmail.com&password=Vitor0270&type=m3u&output=ts	Active	02/01/2023 03:05:42	03/09/2023 13:45:39	0	1	1	"m3u8","ts"	
http://7go.xyz:8080/get.php?username=paulomacha&password=Rtv3265@&type=m3u&output=ts	Active	27/07/2022 00:19:02	01/09/2023 23:36:20	0	1	1	"m3u8","ts"	
http://7go.xyz:8080/get.php?username=linha164&password=009x003D&type=m3u&output=ts	Active	27/07/2022 00:19:02	01/09/2023 23:36:20	0	0	1	"m3u8","ts"	
http://7go.xyz:8080/get.php?username=leialeocadio&password=@@leocadio2021&type=m3u&output=ts	Active	20/12/2022 20:10:45	24/09/2023 22:07:21	0	0	1	"m3u8","ts"	
http://7go.xyz:8080/get.php?username=linha272&password=009x003D&type=m3u&output=ts	Active	20/12/2022 20:10:45	24/09/2023 22:07:21	0	0	1	"m3u8","ts"	
http://7go.xyz:8080/get.php?username=linha460&password=009x003D&type=m3u&output=ts	Active	04/04/2023 22:47:25	06/09/2023 18:43:25	0	0	1	"m3u8","ts"	
http://7go.xyz:8080/get.php?username=lucasartor&password=p957510&type=m3u&output=ts	Active	03/01/2023 18:40:09	07/09/2023 16:59:12	0	1	1	"m3u8","ts"	
http://7go.xyz:8080/get.php?username=pqgb3frb&password=tyx3shkn&type=m3u&output=ts	Active	22/11/2022 01:34:27	22/11/2023 07:34:27	0	1	1	"m3u8","ts"	
http://7go.xyz:8080/get.php?username=xaf3lowj&password=yfqqlgad&type=m3u&output=ts	Active	28/10/2022 01:15:51	02/11/2023 14:58:33	0	1	1	"m3u8","ts"	
http://7go.xyz:8080/get.php?username=w0zosnl9&password=433ge7bm&type=m3u&output=ts	Active	18/02/2023 22:00:32	19/09/2023 02:00:32	0	1	1	"m3u8","ts"	
http://7go.xyz:8080/get.php?username=nczq807c&password=6hs9ft5x&type=m3u&output=ts	Active	12/08/2022 04:03:42	03/11/2023 02:10:12	0	1	1	"m3u8","ts"	
http://7go.xyz:8080/get.php?username=luizrose&password=luiziptv21&type=m3u&output=ts	Active	27/08/2022 14:56:16	28/08/2023 23:46:09	0	0	1	"m3u8","ts"	
http://7go.xyz:8080/get.php?username=luistvz5&password=7364748595&type=m3u&output=ts	Active	25/12/2022 17:01:22	26/09/2023 00:56:06	0	1	1	"m3u8","ts"	
http://7go.xyz:8080/get.php?username=pic9ukog&password=435g82f0&type=m3u&output=ts	Active	18/04/2023 18:27:12	19/10/2023 00:27:11	0	0	1	"m3u8","ts"	
http://7go.xyz:8080/get.php?username=mirosantos02&password=A2mrga@@@@&type=m3u&output=ts	Active	18/07/2023 21:00:37	18/09/2023 21:00:37	0	0	1	"m3u8","ts"	
http://7go.xyz:8080/get.php?username=wellingtontvz&password=4654546405&type=m3u&output=ts	Active	13/07/2022 19:05:53	15/09/2023 11:11:29	0	1	1	"m3u8","ts"	
http://7go.xyz:8080/get.php?username=narjara107&password=brasil107&type=m3u&output=ts	Active	27/03/2022 00:27:12	02/09/2023 21:15:47	0	0	1	"m3u8","ts"	
http://7go.xyz:8080/get.php?username=wijYQ8ZT&password=vOXM2qpx&type=m3u&output=ts	Active	10/07/2023 16:44:19	11/09/2023 10:03:46	0	1	1	"m3u8","ts"	
http://7go.xyz:8080/get.php?username=naldoc&password=988123467&type=m3u&output=ts	Active	12/08/2022 04:03:42	03/11/2023 02:10:12	0	0	1	"m3u8","ts"	
http://7go.xyz:8080/get.php?username=pc8erzhf&password=zg86tith&type=m3u&output=ts	Active	27/02/2023 18:15:47	03/09/2023 18:09:32	0	0	1	"m3u8","ts"	
http://7go.xyz:8080/get.php?username=rcykw07h&password=fqc5bjus&type=m3u&output=ts	Active	27/04/2023 02:18:20	27/08/2023 21:17:47	0	0	1	"m3u8","ts"	
http://7go.xyz:8080/get.php?username=sandramartinstcl&password=hwW2thSd&type=m3u&output=ts	Active	17/04/2023 15:41:27	17/09/2023 21:41:27	0	1	1	"m3u8","ts"	
http://7go.xyz:8080/get.php?username=rodolphorj6208&password=seven740291&type=m3u&output=ts	Active	06/05/2023 23:14:59	06/09/2023 23:14:59	0	0	1	"m3u8","ts"	
http://7go.xyz:8080/get.php?username=oliveiratvz2&password=7375859&type=m3u&output=ts	Active	10/09/2022 01:13:42	01/09/2023 11:22:41	0	1	1	"m3u8","ts"	
http://7go.xyz:8080/get.php?username=optvandrei086&password=96uwm1&type=m3u&output=ts	Active	26/03/2022 15:29:57	17/09/2023 21:49:01	0	1	1	"m3u8","ts"	
http://7go.xyz:8080/get.php?username=paula8113&password=sv98410923&type=m3u&output=ts	Active	10/07/2023 16:03:12	22/09/2023 00:32:28	0	0	1	"m3u8","ts"	
http://7go.xyz:8080/get.php?username=qsa2525&password=854x019D&type=m3u&output=ts	Active	06/05/2023 18:27:40	07/09/2023 13:46:39	0	1	1	"m3u8","ts"	
http://7go.xyz:8080/get.php?username=ronieleandrade&password=ronieleandradeadr8389&type=m3u&output=ts	Active	18/12/2022 13:06:27	01/10/2023 02:00:00	0	0	1	"m3u8","ts"	
http://7go.xyz:8080/get.php?username=sba7re3g&password=axajgtea&type=m3u&output=ts	Active	18/11/2022 18:20:54	20/09/2023 19:58:52	0	1	1	"m3u8","ts"	
http://7go.xyz:8080/get.php?username=vi6c50i4&password=2ubz4cno&type=m3u&output=ts	Active	15/09/2022 23:46:57	28/08/2023 01:35:52	0	0	1	"m3u8","ts"	
http://7go.xyz:8080/get.php?username=santostvz&password=siv3vb8g&type=m3u&output=ts	Active	29/05/2022 23:18:24	10/09/2023 21:38:53	0	0	1	"m3u8","ts"	
http://7go.xyz:8080/get.php?username=vgu3n2&password=quovok&type=m3u&output=ts	Active	01/02/2023 10:05:13	06/09/2023 18:49:56	0	1	1	"m3u8","ts"	
http://7go.xyz:8080/get.php?username=vania536768&password=10836699&type=m3u&output=ts	Active	11/07/2022 23:27:52	12/09/2023 21:51:04	0	0	1	"m3u8","ts"	
http://7go.xyz:8080/get.php?username=rarantes&password=45891236&type=m3u&output=ts	Active	15/01/2023 18:32:20	28/08/2023 21:06:34	0	0	1	"m3u8","ts"	
http://7go.xyz:8080/get.php?username=sogrodjoni&password=6382870&type=m3u&output=ts	Active	15/01/2023 18:32:20	28/08/2023 21:06:34	0	0	1	"m3u8","ts"	
http://7go.xyz:8080/get.php?username=rewrw43c&password=43q43q43c&type=m3u&output=ts	Active	24/01/2022 22:44:37	28/08/2023 21:22:56	0	0	1	"m3u8","ts"	
http://7go.xyz:8080/get.php?username=ukq62eji&password=owrdznph&type=m3u&output=ts	Active	23/09/2022 17:58:43	27/08/2023 16:41:34	0	0	1	"m3u8","ts"	
http://7go.xyz:8080/get.php?username=reinaldoreis29&password=dpezjcb8&type=m3u&output=ts	Active	01/02/2023 10:05:13	06/09/2023 18:49:56	0	0	1	"m3u8","ts"	
http://7go.xyz:8080/get.php?username=tonhaodani&password=tonhao2023&type=m3u&output=ts	Active	03/01/2023 20:53:12	04/09/2023 02:53:12	0	0	1	"m3u8","ts"	
http://7go.xyz:8080/get.php?username=sxn31y2p&password=gp20dq5i&type=m3u&output=ts	Active	27/11/2022 17:32:33	29/09/2023 00:08:32	0	0	1	"m3u8","ts"	
http://7go.xyz:8080/get.php?username=t929hkax&password=2laky865&type=m3u&output=ts	Active	07/03/2023 16:02:43	07/09/2023 23:41:33	0	0	1	"m3u8","ts"	
http://7go.xyz:8080/get.php?username=romario0010&password=vencedor10&type=m3u&output=ts	Active	07/03/2023 16:02:43	07/09/2023 23:41:33	0	0	1	"m3u8","ts"	
http://7go.xyz:8080/get.php?username=thaisbarbara&password=949509349&type=m3u&output=ts	Active	01/09/2021 21:37:27	28/08/2023 23:44:30	0	0	1	"m3u8","ts"	
http://7go.xyz:8080/get.php?username=sandro57&password=25mnvcxdzsaeq8&type=m3u&output=ts	Active	21/07/2021 22:38:21	21/09/2023 02:00:00	0	0	1	"m3u8","ts"	
http://7go.xyz:8080/get.php?username=27988361129&password=36112b9aa&type=m3u&output=ts	Active	31/07/2021 08:36:12	26/09/2023 11:44:07	0	1	1	"m3u8","ts"	
http://7go.xyz:8080/get.php?username=21992427199&password=aswexcd5932&type=m3u&output=ts	Active	11/01/2022 00:58:12	17/09/2023 16:51:04	0	2	1	"m3u8","ts"	
http://7go.xyz:8080/get.php?username=21985573754&password=21985573bst&type=m3u&output=ts	Active	12/01/2022 15:00:26	04/09/2023 20:19:01	0	0	1	"m3u8","ts"	
http://7go.xyz:8080/get.php?username=21592z&password=h1h7wo&type=m3u&output=ts	Active	12/10/2021 18:11:12	22/11/2023 14:28:22	0	0	1	"m3u8","ts"	
http://7go.xyz:8080/get.php?username=21041987&password=21041987&type=m3u&output=ts	Active	10/10/2022 12:25:56	15/10/2023 03:00:00	0	2	1	"m3u8","ts","rtmp"	
http://7go.xyz:8080/get.php?username=1piydm7o&password=xm79zqop&type=m3u&output=ts	Active	10/04/2023 22:06:37	13/10/2023 00:10:38	0	0	1	"m3u8","ts"	
http://7go.xyz:8080/get.php?username=antonionunes&password=982451290&type=m3u&output=ts	Active	13/08/2021 00:46:29	09/09/2023 21:45:21	0	0	1	"m3u8","ts"	
http://7go.xyz:8080/get.php?username=milene5487&password=pingerno0214&type=m3u&output=ts	Active	08/06/2023 17:45:45	09/09/2023 14:30:45	0	1	1	"m3u8","ts"	
http://7go.xyz:8080/get.php?username=19982249991a&password=10laine10a&type=m3u&output=ts	Active	13/07/2022 20:27:42	14/09/2023 23:02:44	0	1	1	"m3u8","ts"	
http://7go.xyz:8080/get.php?username=khi8rigt&password=sh5rexmz&type=m3u&output=ts	Active	30/09/2022 23:40:39	09/09/2023 16:49:11	0	0	1	"m3u8","ts"	
http://7go.xyz:8080/get.php?username=0985luiz&password=86cavalcante&type=m3u&output=ts	Active	03/05/2023 21:31:35	12/11/2023 00:14:29	0	1	1	"m3u8","ts"	
http://7go.xyz:8080/get.php?username=15junior&password=as1266375&type=m3u&output=ts	Active	09/07/2022 23:08:28	11/09/2023 01:00:14	0	1	1	"m3u8","ts"	
http://7go.xyz:8080/get.php?username=154622345&password=154622861&type=m3u&output=ts	Active	07/07/2022 16:35:20	18/09/2023 16:19:03	0	0	1	"m3u8","ts"	
http://7go.xyz:8080/get.php?username=apyq6hsa&password=lm5j3cci&type=m3u&output=ts	Active	25/10/2022 11:12:00	25/12/2023 20:45:12	0	1	1	"m3u8","ts"	
http://7go.xyz:8080/get.php?username=004o8x08&password=nla614ks&type=m3u&output=ts	Active	23/04/2023 23:39:13	24/10/2023 05:39:13	0	1	1	"m3u8","ts"	
http://7go.xyz:8080/get.php?username=assista6677449&password=qwrrs677449&type=m3u&output=ts	Active	24/03/2023 12:43:11	24/04/2024 18:43:11	0	1	1	"m3u8","ts"	
http://7go.xyz:8080/get.php?username=kn33c459&password=mkpoaa0f&type=m3u&output=ts	Active	20/12/2022 14:58:32	24/09/2023 22:26:42	0	0	1	"m3u8","ts"	
http://7go.xyz:8080/get.php?username=andreguimaraes349&password=vk9dmk&type=m3u&output=ts	Active	04/02/2022 17:27:08	29/08/2023 21:44:20	0	0	1	"m3u8","ts"	
http://7go.xyz:8080/get.php?username=17991428357&password=useplay179914&type=m3u&output=ts	Active	10/02/2022 19:01:15	11/12/2023 22:00:49	0	13	1	"m3u8","ts"	
http://7go.xyz:8080/get.php?username=angelatvz&password=52645450&type=m3u&output=ts	Active	30/07/2022 12:51:56	21/09/2023 18:34:01	0	0	1	"m3u8","ts"	
http://7go.xyz:8080/get.php?username=kbit6t&password=0mi4tl&type=m3u&output=ts	Active	23/03/2022 15:18:54	16/09/2023 18:09:33	0	0	1	"m3u8","ts"	
http://7go.xyz:8080/get.php?username=11994350955&password=as51ah65111faa&type=m3u&output=ts	Active	15/02/2022 23:21:32	21/11/2023 19:31:36	0	1	1	"m3u8","ts"	
http://7go.xyz:8080/get.php?username=andreiacintia&password=916302047373&type=m3u&output=ts	Active	03/05/2023 12:54:57	03/09/2023 18:54:57	0	1	1	"m3u8","ts"	
http://7go.xyz:8080/get.php?username=andrezajau&password=andreza2022&type=m3u&output=ts	Active	01/09/2022 01:01:44	01/10/2023 02:01:44	0	0	1	"m3u8","ts"	